SOURCE_VERIFIED D2 5031
SOURCE_VERIFIED D0 5832
SOURCE_VERIFIED D1 5913
OFFICIAL_BASE_VERIFIED 33

Map:   0% 0/102 [00:00<?, ? examples/s]
Map:  96% 98/102 [00:00<00:00, 958.56 examples/s]
Map: 100% 102/102 [00:00<00:00, 850.55 examples/s]

Creating parquet from Arrow format:   0% 0/2 [00:00<?, ?ba/s]
Creating parquet from Arrow format: 100% 2/2 [00:00<00:00, 229.93ba/s]

Map:   0% 0/122 [00:00<?, ? examples/s]
Map: 100% 122/122 [00:00<00:00, 1112.56 examples/s]
Map: 100% 122/122 [00:00<00:00, 1090.11 examples/s]

Creating parquet from Arrow format:   0% 0/2 [00:00<?, ?ba/s]
Creating parquet from Arrow format: 100% 2/2 [00:00<00:00, 330.03ba/s]

Map:   0% 0/121 [00:00<?, ? examples/s]
Map: 100% 121/121 [00:00<00:00, 1123.46 examples/s]
Map: 100% 121/121 [00:00<00:00, 1098.11 examples/s]

Creating parquet from Arrow format:   0% 0/2 [00:00<?, ?ba/s]
Creating parquet from Arrow format: 100% 2/2 [00:00<00:00, 341.85ba/s]

Map:   0% 0/101 [00:00<?, ? examples/s]
Map: 100% 101/101 [00:00<00:00, 1125.56 examples/s]

Creating parquet from Arrow format:   0% 0/2 [00:00<?, ?ba/s]
Creating parquet from Arrow format: 100% 2/2 [00:00<00:00, 321.13ba/s]

Map:   0% 0/110 [00:00<?, ? examples/s]
Map: 100% 110/110 [00:00<00:00, 1107.26 examples/s]

Creating parquet from Arrow format:   0% 0/2 [00:00<?, ?ba/s]
Creating parquet from Arrow format: 100% 2/2 [00:00<00:00, 337.57ba/s]

Map:   0% 0/110 [00:00<?, ? examples/s]
Map: 100% 110/110 [00:00<00:00, 1108.65 examples/s]

Creating parquet from Arrow format:   0% 0/2 [00:00<?, ?ba/s]
Creating parquet from Arrow format: 100% 2/2 [00:00<00:00, 325.83ba/s]

Map:   0% 0/108 [00:00<?, ? examples/s]
Map: 100% 108/108 [00:00<00:00, 1119.40 examples/s]

Creating parquet from Arrow format:   0% 0/2 [00:00<?, ?ba/s]
Creating parquet from Arrow format: 100% 2/2 [00:00<00:00, 334.03ba/s]

Map:   0% 0/122 [00:00<?, ? examples/s]
Map: 100% 122/122 [00:00<00:00, 1124.43 examples/s]
Map: 100% 122/122 [00:00<00:00, 1102.29 examples/s]

Creating parquet from Arrow format:   0% 0/2 [00:00<?, ?ba/s]
Creating parquet from Arrow format: 100% 2/2 [00:00<00:00, 260.27ba/s]

Map:   0% 0/110 [00:00<?, ? examples/s]
Map: 100% 110/110 [00:00<00:00, 1135.31 examples/s]

Creating parquet from Arrow format:   0% 0/2 [00:00<?, ?ba/s]
Creating parquet from Arrow format: 100% 2/2 [00:00<00:00, 376.86ba/s]

Map:   0% 0/109 [00:00<?, ? examples/s]
Map: 100% 109/109 [00:00<00:00, 1121.39 examples/s]

Creating parquet from Arrow format:   0% 0/2 [00:00<?, ?ba/s]
Creating parquet from Arrow format: 100% 2/2 [00:00<00:00, 380.44ba/s]

Map:   0% 0/108 [00:00<?, ? examples/s]
Map: 100% 108/108 [00:00<00:00, 1116.87 examples/s]

Creating parquet from Arrow format:   0% 0/2 [00:00<?, ?ba/s]
Creating parquet from Arrow format: 100% 2/2 [00:00<00:00, 370.23ba/s]

Map:   0% 0/100 [00:00<?, ? examples/s]
Map: 100% 100/100 [00:00<00:00, 1141.33 examples/s]

Creating parquet from Arrow format:   0% 0/1 [00:00<?, ?ba/s]
Creating parquet from Arrow format: 100% 1/1 [00:00<00:00, 224.37ba/s]

Map:   0% 0/123 [00:00<?, ? examples/s]
Map: 100% 123/123 [00:00<00:00, 1105.71 examples/s]
Map: 100% 123/123 [00:00<00:00, 1084.50 examples/s]

Creating parquet from Arrow format:   0% 0/2 [00:00<?, ?ba/s]
Creating parquet from Arrow format: 100% 2/2 [00:00<00:00, 324.15ba/s]

Map:   0% 0/121 [00:00<?, ? examples/s]
Map: 100% 121/121 [00:00<00:00, 1127.32 examples/s]
Map: 100% 121/121 [00:00<00:00, 1104.88 examples/s]

Creating parquet from Arrow format:   0% 0/2 [00:00<?, ?ba/s]
Creating parquet from Arrow format: 100% 2/2 [00:00<00:00, 354.70ba/s]

Map:   0% 0/113 [00:00<?, ? examples/s]
Map: 100% 113/113 [00:00<00:00, 1124.60 examples/s]

Creating parquet from Arrow format:   0% 0/2 [00:00<?, ?ba/s]
Creating parquet from Arrow format: 100% 2/2 [00:00<00:00, 285.21ba/s]

Map:   0% 0/135 [00:00<?, ? examples/s]
Map:  91% 123/135 [00:00<00:00, 1213.56 examples/s]
Map: 100% 135/135 [00:00<00:00, 1096.56 examples/s]

Creating parquet from Arrow format:   0% 0/2 [00:00<?, ?ba/s]
Creating parquet from Arrow format: 100% 2/2 [00:00<00:00, 308.67ba/s]

Map:   0% 0/104 [00:00<?, ? examples/s]
Map: 100% 104/104 [00:00<00:00, 1134.52 examples/s]

Creating parquet from Arrow format:   0% 0/2 [00:00<?, ?ba/s]
Creating parquet from Arrow format: 100% 2/2 [00:00<00:00, 387.59ba/s]

Map:   0% 0/163 [00:00<?, ? examples/s]
Map:  74% 121/163 [00:00<00:00, 1197.09 examples/s]
Map: 100% 163/163 [00:00<00:00, 1067.99 examples/s]

Creating parquet from Arrow format:   0% 0/2 [00:00<?, ?ba/s]
Creating parquet from Arrow format: 100% 2/2 [00:00<00:00, 255.99ba/s]

Map:   0% 0/106 [00:00<?, ? examples/s]
Map: 100% 106/106 [00:00<00:00, 1138.77 examples/s]

Creating parquet from Arrow format:   0% 0/2 [00:00<?, ?ba/s]
Creating parquet from Arrow format: 100% 2/2 [00:00<00:00, 373.86ba/s]

Map:   0% 0/97 [00:00<?, ? examples/s]
Map: 100% 97/97 [00:00<00:00, 1134.99 examples/s]

Creating parquet from Arrow format:   0% 0/1 [00:00<?, ?ba/s]
Creating parquet from Arrow format: 100% 1/1 [00:00<00:00, 230.98ba/s]

Map:   0% 0/116 [00:00<?, ? examples/s]
Map: 100% 116/116 [00:00<00:00, 1117.55 examples/s]
Map: 100% 116/116 [00:00<00:00, 1094.83 examples/s]

Creating parquet from Arrow format:   0% 0/2 [00:00<?, ?ba/s]
Creating parquet from Arrow format: 100% 2/2 [00:00<00:00, 366.49ba/s]

Map:   0% 0/107 [00:00<?, ? examples/s]
Map: 100% 107/107 [00:00<00:00, 1099.50 examples/s]

Creating parquet from Arrow format:   0% 0/2 [00:00<?, ?ba/s]
Creating parquet from Arrow format: 100% 2/2 [00:00<00:00, 352.31ba/s]

Map:   0% 0/116 [00:00<?, ? examples/s]
Map: 100% 116/116 [00:00<00:00, 1133.50 examples/s]
Map: 100% 116/116 [00:00<00:00, 1110.63 examples/s]

Creating parquet from Arrow format:   0% 0/2 [00:00<?, ?ba/s]
Creating parquet from Arrow format: 100% 2/2 [00:00<00:00, 350.02ba/s]

Map:   0% 0/116 [00:00<?, ? examples/s]
Map: 100% 116/116 [00:00<00:00, 1136.78 examples/s]
Map: 100% 116/116 [00:00<00:00, 1113.41 examples/s]

Creating parquet from Arrow format:   0% 0/2 [00:00<?, ?ba/s]
Creating parquet from Arrow format: 100% 2/2 [00:00<00:00, 385.65ba/s]

Map:   0% 0/105 [00:00<?, ? examples/s]
Map: 100% 105/105 [00:00<00:00, 1106.22 examples/s]

Creating parquet from Arrow format:   0% 0/2 [00:00<?, ?ba/s]
Creating parquet from Arrow format: 100% 2/2 [00:00<00:00, 378.12ba/s]

Map:   0% 0/116 [00:00<?, ? examples/s]
Map: 100% 116/116 [00:00<00:00, 1121.95 examples/s]
Map: 100% 116/116 [00:00<00:00, 1099.65 examples/s]

Creating parquet from Arrow format:   0% 0/2 [00:00<?, ?ba/s]
Creating parquet from Arrow format: 100% 2/2 [00:00<00:00, 370.18ba/s]

Map:   0% 0/142 [00:00<?, ? examples/s]
Map:  87% 124/142 [00:00<00:00, 1219.88 examples/s]
Map: 100% 142/142 [00:00<00:00, 1105.34 examples/s]

Creating parquet from Arrow format:   0% 0/2 [00:00<?, ?ba/s]
Creating parquet from Arrow format: 100% 2/2 [00:00<00:00, 313.80ba/s]

Map:   0% 0/124 [00:00<?, ? examples/s]
Map: 100% 124/124 [00:00<00:00, 1225.60 examples/s]
Map: 100% 124/124 [00:00<00:00, 1111.89 examples/s]

Creating parquet from Arrow format:   0% 0/2 [00:00<?, ?ba/s]
Creating parquet from Arrow format: 100% 2/2 [00:00<00:00, 341.10ba/s]

Map:   0% 0/110 [00:00<?, ? examples/s]
Map: 100% 110/110 [00:00<00:00, 1105.91 examples/s]

Creating parquet from Arrow format:   0% 0/2 [00:00<?, ?ba/s]
Creating parquet from Arrow format: 100% 2/2 [00:00<00:00, 346.67ba/s]

Map:   0% 0/109 [00:00<?, ? examples/s]
Map: 100% 109/109 [00:00<00:00, 1087.35 examples/s]

Creating parquet from Arrow format:   0% 0/2 [00:00<?, ?ba/s]
Creating parquet from Arrow format: 100% 2/2 [00:00<00:00, 364.60ba/s]

Map:   0% 0/114 [00:00<?, ? examples/s]
Map: 100% 114/114 [00:00<00:00, 1119.77 examples/s]
Map: 100% 114/114 [00:00<00:00, 1101.05 examples/s]

Creating parquet from Arrow format:   0% 0/2 [00:00<?, ?ba/s]
Creating parquet from Arrow format: 100% 2/2 [00:00<00:00, 348.52ba/s]

Map:   0% 0/121 [00:00<?, ? examples/s]
Map: 100% 121/121 [00:00<00:00, 1122.55 examples/s]
Map: 100% 121/121 [00:00<00:00, 1100.86 examples/s]

Creating parquet from Arrow format:   0% 0/2 [00:00<?, ?ba/s]
Creating parquet from Arrow format: 100% 2/2 [00:00<00:00, 337.47ba/s]

Map:   0% 0/118 [00:00<?, ? examples/s]
Map: 100% 118/118 [00:00<00:00, 1132.28 examples/s]
Map: 100% 118/118 [00:00<00:00, 1109.73 examples/s]

Creating parquet from Arrow format:   0% 0/2 [00:00<?, ?ba/s]
Creating parquet from Arrow format: 100% 2/2 [00:00<00:00, 350.04ba/s]

Map:   0% 0/120 [00:00<?, ? examples/s]
Map: 100% 120/120 [00:00<00:00, 1124.58 examples/s]
Map: 100% 120/120 [00:00<00:00, 1101.80 examples/s]

Creating parquet from Arrow format:   0% 0/2 [00:00<?, ?ba/s]
Creating parquet from Arrow format: 100% 2/2 [00:00<00:00, 344.76ba/s]

Map:   0% 0/130 [00:00<?, ? examples/s]
Map:  95% 123/130 [00:00<00:00, 1219.11 examples/s]
Map: 100% 130/130 [00:00<00:00, 1098.52 examples/s]

Creating parquet from Arrow format:   0% 0/2 [00:00<?, ?ba/s]
Creating parquet from Arrow format: 100% 2/2 [00:00<00:00, 276.01ba/s]

Map:   0% 0/139 [00:00<?, ? examples/s]
Map:  88% 123/139 [00:00<00:00, 1214.54 examples/s]
Map: 100% 139/139 [00:00<00:00, 1102.70 examples/s]

Creating parquet from Arrow format:   0% 0/2 [00:00<?, ?ba/s]
Creating parquet from Arrow format: 100% 2/2 [00:00<00:00, 287.51ba/s]

Map:   0% 0/120 [00:00<?, ? examples/s]
Map: 100% 120/120 [00:00<00:00, 1123.42 examples/s]
Map: 100% 120/120 [00:00<00:00, 1103.32 examples/s]

Creating parquet from Arrow format:   0% 0/2 [00:00<?, ?ba/s]
Creating parquet from Arrow format: 100% 2/2 [00:00<00:00, 356.36ba/s]

Map:   0% 0/128 [00:00<?, ? examples/s]
Map:  98% 125/128 [00:00<00:00, 1231.08 examples/s]
Map: 100% 128/128 [00:00<00:00, 1118.01 examples/s]

Creating parquet from Arrow format:   0% 0/2 [00:00<?, ?ba/s]
Creating parquet from Arrow format: 100% 2/2 [00:00<00:00, 314.90ba/s]

Map:   0% 0/113 [00:00<?, ? examples/s]
Map: 100% 113/113 [00:00<00:00, 1122.42 examples/s]
Map: 100% 113/113 [00:00<00:00, 1099.33 examples/s]

Creating parquet from Arrow format:   0% 0/2 [00:00<?, ?ba/s]
Creating parquet from Arrow format: 100% 2/2 [00:00<00:00, 362.78ba/s]

Map:   0% 0/114 [00:00<?, ? examples/s]
Map: 100% 114/114 [00:00<00:00, 1116.61 examples/s]
Map: 100% 114/114 [00:00<00:00, 1097.17 examples/s]

Creating parquet from Arrow format:   0% 0/2 [00:00<?, ?ba/s]
Creating parquet from Arrow format: 100% 2/2 [00:00<00:00, 352.45ba/s]

Map:   0% 0/107 [00:00<?, ? examples/s]
Map: 100% 107/107 [00:00<00:00, 1139.90 examples/s]

Creating parquet from Arrow format:   0% 0/2 [00:00<?, ?ba/s]
Creating parquet from Arrow format: 100% 2/2 [00:00<00:00, 389.48ba/s]

Map:   0% 0/105 [00:00<?, ? examples/s]
Map: 100% 105/105 [00:00<00:00, 1082.48 examples/s]

Creating parquet from Arrow format:   0% 0/2 [00:00<?, ?ba/s]
Creating parquet from Arrow format: 100% 2/2 [00:00<00:00, 394.70ba/s]

Map:   0% 0/137 [00:00<?, ? examples/s]
Map:  91% 125/137 [00:00<00:00, 1240.71 examples/s]
Map: 100% 137/137 [00:00<00:00, 1122.16 examples/s]

Creating parquet from Arrow format:   0% 0/2 [00:00<?, ?ba/s]
Creating parquet from Arrow format: 100% 2/2 [00:00<00:00, 263.21ba/s]

Map:   0% 0/92 [00:00<?, ? examples/s]
Map: 100% 92/92 [00:00<00:00, 1131.89 examples/s]

Creating parquet from Arrow format:   0% 0/1 [00:00<?, ?ba/s]
Creating parquet from Arrow format: 100% 1/1 [00:00<00:00, 245.63ba/s]

Map:   0% 0/99 [00:00<?, ? examples/s]
Map: 100% 99/99 [00:00<00:00, 1106.10 examples/s]

Creating parquet from Arrow format:   0% 0/1 [00:00<?, ?ba/s]
Creating parquet from Arrow format: 100% 1/1 [00:00<00:00, 169.76ba/s]

Map:   0% 0/125 [00:00<?, ? examples/s]
Map: 100% 125/125 [00:00<00:00, 1235.96 examples/s]
Map: 100% 125/125 [00:00<00:00, 1099.96 examples/s]

Creating parquet from Arrow format:   0% 0/2 [00:00<?, ?ba/s]
Creating parquet from Arrow format: 100% 2/2 [00:00<00:00, 315.69ba/s]

Map:   0% 0/124 [00:00<?, ? examples/s]
Map: 100% 124/124 [00:00<00:00, 1229.69 examples/s]
Map: 100% 124/124 [00:00<00:00, 1117.19 examples/s]

Creating parquet from Arrow format:   0% 0/2 [00:00<?, ?ba/s]
Creating parquet from Arrow format: 100% 2/2 [00:00<00:00, 335.84ba/s]

Map:   0% 0/116 [00:00<?, ? examples/s]
Map: 100% 116/116 [00:00<00:00, 1136.01 examples/s]
Map: 100% 116/116 [00:00<00:00, 1112.82 examples/s]

Creating parquet from Arrow format:   0% 0/2 [00:00<?, ?ba/s]
Creating parquet from Arrow format: 100% 2/2 [00:00<00:00, 347.63ba/s]

Map:   0% 0/130 [00:00<?, ? examples/s]
Map:  91% 118/130 [00:00<00:00, 1166.85 examples/s]
Map: 100% 130/130 [00:00<00:00, 1062.56 examples/s]

Creating parquet from Arrow format:   0% 0/2 [00:00<?, ?ba/s]
Creating parquet from Arrow format: 100% 2/2 [00:00<00:00, 310.57ba/s]

Map:   0% 0/134 [00:00<?, ? examples/s]
Map:  93% 124/134 [00:00<00:00, 1224.27 examples/s]
Map: 100% 134/134 [00:00<00:00, 1110.42 examples/s]

Creating parquet from Arrow format:   0% 0/2 [00:00<?, ?ba/s]
Creating parquet from Arrow format: 100% 2/2 [00:00<00:00, 312.63ba/s]
CONVERTED A D0

Resolving data files:   0% 0/50 [00:00<?, ?it/s]
Resolving data files: 100% 50/50 [00:00<00:00, 62341.02it/s]

Downloading data:   0% 0/50 [00:00<?, ?files/s]
Downloading data: 100% 50/50 [00:00<00:00, 44197.09files/s]

Generating train split: 0 examples [00:00, ? examples/s]
Generating train split: 1423 examples [00:00, 12955.13 examples/s]
Generating train split: 2840 examples [00:00, 13144.09 examples/s]
Generating train split: 4288 examples [00:00, 13601.22 examples/s]
Generating train split: 5798 examples [00:00, 13815.27 examples/s]
Generating train split: 5832 examples [00:00, 13643.54 examples/s]

Computing stats:   0% 0/729 [00:00<?, ?it/s]
Computing stats:   0% 3/729 [00:00<00:32, 22.42it/s]
Computing stats:   1% 6/729 [00:00<00:30, 23.62it/s]
Computing stats:   1% 9/729 [00:00<00:31, 23.20it/s]
Computing stats:   2% 12/729 [00:00<00:31, 23.01it/s]
Computing stats:   2% 15/729 [00:00<00:30, 23.47it/s]
Computing stats:   2% 18/729 [00:00<00:29, 24.10it/s]
Computing stats:   3% 21/729 [00:00<00:28, 24.52it/s]
Computing stats:   3% 24/729 [00:01<00:29, 24.16it/s]
Computing stats:   4% 27/729 [00:01<00:29, 23.76it/s]
Computing stats:   4% 30/729 [00:01<00:29, 23.90it/s]
Computing stats:   5% 33/729 [00:01<00:28, 24.66it/s]
Computing stats:   5% 36/729 [00:01<00:27, 25.00it/s]
Computing stats:   5% 39/729 [00:01<00:27, 24.90it/s]
Computing stats:   6% 42/729 [00:01<00:28, 24.34it/s]
Computing stats:   6% 45/729 [00:01<00:27, 24.57it/s]
Computing stats:   7% 48/729 [00:01<00:27, 25.16it/s]
Computing stats:   7% 51/729 [00:02<00:26, 25.13it/s]
Computing stats:   7% 54/729 [00:02<00:27, 24.54it/s]
Computing stats:   8% 57/729 [00:02<00:27, 24.32it/s]
Computing stats:   8% 60/729 [00:02<00:26, 24.95it/s]
Computing stats:   9% 63/729 [00:02<00:26, 25.29it/s]
Computing stats:   9% 66/729 [00:02<00:26, 24.96it/s]
Computing stats:   9% 69/729 [00:02<00:26, 24.62it/s]
Computing stats:  10% 72/729 [00:02<00:26, 25.03it/s]
Computing stats:  10% 75/729 [00:03<00:25, 25.23it/s]
Computing stats:  11% 78/729 [00:03<00:25, 25.22it/s]
Computing stats:  11% 81/729 [00:03<00:26, 24.47it/s]
Computing stats:  12% 84/729 [00:03<00:26, 24.07it/s]
Computing stats:  12% 87/729 [00:03<00:26, 24.64it/s]
Computing stats:  12% 90/729 [00:03<00:25, 25.08it/s]
Computing stats:  13% 93/729 [00:03<00:25, 24.66it/s]
Computing stats:  13% 96/729 [00:03<00:26, 24.09it/s]
Computing stats:  14% 99/729 [00:04<00:25, 24.49it/s]
Computing stats:  14% 102/729 [00:04<00:25, 25.02it/s]
Computing stats:  14% 105/729 [00:04<00:24, 25.46it/s]
Computing stats:  15% 108/729 [00:04<00:24, 25.17it/s]
Computing stats:  15% 111/729 [00:04<00:25, 24.66it/s]
Computing stats:  16% 114/729 [00:04<00:24, 24.89it/s]
Computing stats:  16% 117/729 [00:04<00:24, 25.40it/s]
Computing stats:  16% 120/729 [00:04<00:23, 25.59it/s]
Computing stats:  17% 123/729 [00:04<00:24, 25.03it/s]
Computing stats:  17% 126/729 [00:05<00:24, 24.51it/s]
Computing stats:  18% 129/729 [00:05<00:23, 25.06it/s]
Computing stats:  18% 132/729 [00:05<00:23, 25.32it/s]
Computing stats:  19% 135/729 [00:05<00:23, 24.91it/s]
Computing stats:  19% 138/729 [00:05<00:24, 24.56it/s]
Computing stats:  19% 141/729 [00:05<00:23, 24.72it/s]
Computing stats:  20% 144/729 [00:05<00:23, 25.05it/s]
Computing stats:  20% 147/729 [00:05<00:22, 25.32it/s]
Computing stats:  21% 150/729 [00:06<00:23, 24.81it/s]
Computing stats:  21% 153/729 [00:06<00:23, 24.53it/s]
Computing stats:  21% 156/729 [00:06<00:22, 25.13it/s]
Computing stats:  22% 159/729 [00:06<00:22, 25.54it/s]
Computing stats:  22% 162/729 [00:06<00:22, 25.04it/s]
Computing stats:  23% 165/729 [00:06<00:22, 24.66it/s]
Computing stats:  23% 168/729 [00:06<00:22, 25.10it/s]
Computing stats:  23% 171/729 [00:06<00:21, 25.48it/s]
Computing stats:  24% 174/729 [00:07<00:21, 25.81it/s]
Computing stats:  24% 177/729 [00:07<00:21, 25.40it/s]
Computing stats:  25% 180/729 [00:07<00:22, 24.66it/s]
Computing stats:  25% 183/729 [00:07<00:21, 24.91it/s]
Computing stats:  26% 186/729 [00:07<00:21, 25.40it/s]
Computing stats:  26% 189/729 [00:07<00:20, 25.73it/s]
Computing stats:  26% 192/729 [00:07<00:21, 25.35it/s]
Computing stats:  27% 195/729 [00:07<00:21, 24.90it/s]
Computing stats:  27% 198/729 [00:07<00:21, 25.00it/s]
Computing stats:  28% 201/729 [00:08<00:20, 25.48it/s]
Computing stats:  28% 204/729 [00:08<00:20, 25.75it/s]
Computing stats:  28% 207/729 [00:08<00:20, 25.02it/s]
Computing stats:  29% 210/729 [00:08<00:21, 24.52it/s]
Computing stats:  29% 213/729 [00:08<00:20, 25.03it/s]
Computing stats:  30% 216/729 [00:08<00:20, 25.40it/s]
Computing stats:  30% 219/729 [00:08<00:20, 25.38it/s]
Computing stats:  30% 222/729 [00:08<00:20, 25.30it/s]
Computing stats:  31% 225/729 [00:09<00:20, 24.78it/s]
Computing stats:  31% 228/729 [00:09<00:20, 24.69it/s]
Computing stats:  32% 231/729 [00:09<00:19, 25.18it/s]
Computing stats:  32% 234/729 [00:09<00:19, 25.45it/s]
Computing stats:  33% 237/729 [00:09<00:19, 24.91it/s]
Computing stats:  33% 240/729 [00:09<00:19, 24.46it/s]
Computing stats:  33% 243/729 [00:09<00:19, 24.73it/s]
Computing stats:  34% 246/729 [00:09<00:19, 24.90it/s]
Computing stats:  34% 249/729 [00:10<00:18, 25.30it/s]
Computing stats:  35% 252/729 [00:10<00:18, 25.47it/s]
Computing stats:  35% 255/729 [00:10<00:18, 25.38it/s]
Computing stats:  35% 258/729 [00:10<00:18, 24.84it/s]
Computing stats:  36% 261/729 [00:10<00:18, 24.68it/s]
Computing stats:  36% 264/729 [00:10<00:18, 25.20it/s]
Computing stats:  37% 267/729 [00:10<00:18, 25.41it/s]
Computing stats:  37% 270/729 [00:10<00:18, 24.95it/s]
Computing stats:  37% 273/729 [00:10<00:18, 24.57it/s]
Computing stats:  38% 276/729 [00:11<00:18, 24.98it/s]
Computing stats:  38% 279/729 [00:11<00:17, 25.44it/s]
Computing stats:  39% 282/729 [00:11<00:17, 25.00it/s]
Computing stats:  39% 285/729 [00:11<00:18, 24.56it/s]
Computing stats:  40% 288/729 [00:11<00:17, 24.91it/s]
Computing stats:  40% 291/729 [00:11<00:17, 25.36it/s]
Computing stats:  40% 294/729 [00:11<00:16, 25.68it/s]
Computing stats:  41% 297/729 [00:11<00:17, 25.05it/s]
Computing stats:  41% 300/729 [00:12<00:17, 24.61it/s]
Computing stats:  42% 303/729 [00:12<00:17, 24.98it/s]
Computing stats:  42% 306/729 [00:12<00:16, 25.44it/s]
Computing stats:  42% 309/729 [00:12<00:16, 25.23it/s]
Computing stats:  43% 312/729 [00:12<00:16, 24.72it/s]
Computing stats:  43% 315/729 [00:12<00:16, 24.81it/s]
Computing stats:  44% 318/729 [00:12<00:16, 25.32it/s]
Computing stats:  44% 321/729 [00:12<00:15, 25.68it/s]
Computing stats:  44% 324/729 [00:13<00:15, 25.31it/s]
Computing stats:  45% 327/729 [00:13<00:16, 24.60it/s]
Computing stats:  45% 330/729 [00:13<00:16, 24.85it/s]
Computing stats:  46% 333/729 [00:13<00:15, 25.31it/s]
Computing stats:  46% 336/729 [00:13<00:15, 25.60it/s]
Computing stats:  47% 339/729 [00:13<00:15, 25.05it/s]
Computing stats:  47% 342/729 [00:13<00:15, 24.56it/s]
Computing stats:  47% 345/729 [00:13<00:15, 24.91it/s]
Computing stats:  48% 348/729 [00:13<00:15, 25.24it/s]
Computing stats:  48% 351/729 [00:14<00:15, 25.13it/s]
Computing stats:  49% 354/729 [00:14<00:15, 24.63it/s]
Computing stats:  49% 357/729 [00:14<00:15, 24.69it/s]
Computing stats:  49% 360/729 [00:14<00:14, 25.23it/s]
Computing stats:  50% 363/729 [00:14<00:14, 25.61it/s]
Computing stats:  50% 366/729 [00:14<00:14, 25.27it/s]
Computing stats:  51% 369/729 [00:14<00:14, 24.78it/s]
Computing stats:  51% 372/729 [00:14<00:14, 24.90it/s]
Computing stats:  51% 375/729 [00:15<00:13, 25.33it/s]
Computing stats:  52% 378/729 [00:15<00:13, 25.64it/s]
Computing stats:  52% 381/729 [00:15<00:13, 25.93it/s]
Computing stats:  53% 384/729 [00:15<00:13, 25.37it/s]
Computing stats:  53% 387/729 [00:15<00:13, 24.70it/s]
Computing stats:  53% 390/729 [00:15<00:13, 24.97it/s]
Computing stats:  54% 393/729 [00:15<00:13, 25.42it/s]
Computing stats:  54% 396/729 [00:15<00:12, 25.70it/s]
Computing stats:  55% 399/729 [00:15<00:12, 25.46it/s]
Computing stats:  55% 402/729 [00:16<00:13, 24.93it/s]
Computing stats:  56% 405/729 [00:16<00:12, 24.96it/s]
Computing stats:  56% 408/729 [00:16<00:12, 25.38it/s]
Computing stats:  56% 411/729 [00:16<00:12, 25.67it/s]
Computing stats:  57% 414/729 [00:16<00:12, 25.06it/s]
Computing stats:  57% 417/729 [00:16<00:12, 24.61it/s]
Computing stats:  58% 420/729 [00:16<00:12, 25.06it/s]
Computing stats:  58% 423/729 [00:16<00:12, 25.43it/s]
Computing stats:  58% 426/729 [00:17<00:11, 25.32it/s]
Computing stats:  59% 429/729 [00:17<00:12, 24.86it/s]
Computing stats:  59% 432/729 [00:17<00:11, 24.86it/s]
Computing stats:  60% 435/729 [00:17<00:11, 25.35it/s]
Computing stats:  60% 438/729 [00:17<00:11, 25.64it/s]
Computing stats:  60% 441/729 [00:17<00:11, 25.25it/s]
Computing stats:  61% 444/729 [00:17<00:11, 24.78it/s]
Computing stats:  61% 447/729 [00:17<00:11, 24.96it/s]
Computing stats:  62% 450/729 [00:18<00:11, 25.36it/s]
Computing stats:  62% 453/729 [00:18<00:10, 25.61it/s]
Computing stats:  63% 456/729 [00:18<00:10, 25.29it/s]
Computing stats:  63% 459/729 [00:18<00:10, 24.78it/s]
Computing stats:  63% 462/729 [00:18<00:10, 24.91it/s]
Computing stats:  64% 465/729 [00:18<00:10, 25.37it/s]
Computing stats:  64% 468/729 [00:18<00:10, 25.71it/s]
Computing stats:  65% 471/729 [00:18<00:10, 25.31it/s]
Computing stats:  65% 474/729 [00:18<00:10, 24.68it/s]
Computing stats:  65% 477/729 [00:19<00:10, 24.86it/s]
Computing stats:  66% 480/729 [00:19<00:09, 25.38it/s]
Computing stats:  66% 483/729 [00:19<00:09, 25.73it/s]
Computing stats:  67% 486/729 [00:19<00:09, 25.25it/s]
Computing stats:  67% 489/729 [00:19<00:09, 24.78it/s]
Computing stats:  67% 492/729 [00:19<00:09, 25.03it/s]
Computing stats:  68% 495/729 [00:19<00:09, 25.46it/s]
Computing stats:  68% 498/729 [00:19<00:09, 25.62it/s]
Computing stats:  69% 501/729 [00:20<00:08, 25.41it/s]
Computing stats:  69% 504/729 [00:20<00:09, 24.87it/s]
Computing stats:  70% 507/729 [00:20<00:08, 24.69it/s]
Computing stats:  70% 510/729 [00:20<00:08, 25.21it/s]
Computing stats:  70% 513/729 [00:20<00:08, 25.57it/s]
Computing stats:  71% 516/729 [00:20<00:08, 25.81it/s]
Computing stats:  71% 519/729 [00:20<00:08, 25.54it/s]
Computing stats:  72% 522/729 [00:20<00:08, 24.93it/s]
Computing stats:  72% 525/729 [00:20<00:08, 24.96it/s]
Computing stats:  72% 528/729 [00:21<00:07, 25.42it/s]
Computing stats:  73% 531/729 [00:21<00:07, 25.78it/s]
Computing stats:  73% 534/729 [00:21<00:07, 25.53it/s]
Computing stats:  74% 537/729 [00:21<00:07, 24.96it/s]
Computing stats:  74% 540/729 [00:21<00:07, 24.97it/s]
Computing stats:  74% 543/729 [00:21<00:07, 25.44it/s]
Computing stats:  75% 546/729 [00:21<00:07, 25.74it/s]
Computing stats:  75% 549/729 [00:21<00:06, 25.81it/s]
Computing stats:  76% 552/729 [00:22<00:07, 25.15it/s]
Computing stats:  76% 555/729 [00:22<00:07, 24.83it/s]
Computing stats:  77% 558/729 [00:22<00:06, 25.32it/s]
Computing stats:  77% 561/729 [00:22<00:06, 25.65it/s]
Computing stats:  77% 564/729 [00:22<00:06, 25.39it/s]
Computing stats:  78% 567/729 [00:22<00:06, 24.84it/s]
Computing stats:  78% 570/729 [00:22<00:06, 24.83it/s]
Computing stats:  79% 573/729 [00:22<00:06, 25.32it/s]
Computing stats:  79% 576/729 [00:22<00:05, 25.64it/s]
Computing stats:  79% 579/729 [00:23<00:05, 25.25it/s]
Computing stats:  80% 582/729 [00:23<00:05, 24.81it/s]
Computing stats:  80% 585/729 [00:23<00:05, 25.08it/s]
Computing stats:  81% 588/729 [00:23<00:05, 25.47it/s]
Computing stats:  81% 591/729 [00:23<00:05, 25.50it/s]
Computing stats:  81% 594/729 [00:23<00:05, 24.98it/s]
Computing stats:  82% 597/729 [00:23<00:05, 24.78it/s]
Computing stats:  82% 600/729 [00:23<00:05, 25.26it/s]
Computing stats:  83% 603/729 [00:24<00:04, 25.55it/s]
Computing stats:  83% 606/729 [00:24<00:04, 24.97it/s]
Computing stats:  84% 609/729 [00:24<00:04, 24.55it/s]
Computing stats:  84% 612/729 [00:24<00:04, 24.99it/s]
Computing stats:  84% 615/729 [00:24<00:04, 25.44it/s]
Computing stats:  85% 618/729 [00:24<00:04, 25.71it/s]
Computing stats:  85% 621/729 [00:24<00:04, 25.73it/s]
Computing stats:  86% 624/729 [00:24<00:04, 25.01it/s]
Computing stats:  86% 627/729 [00:25<00:04, 24.66it/s]
Computing stats:  86% 630/729 [00:25<00:03, 25.20it/s]
Computing stats:  87% 633/729 [00:25<00:03, 25.22it/s]
Computing stats:  87% 636/729 [00:25<00:03, 24.72it/s]
Computing stats:  88% 639/729 [00:25<00:03, 24.62it/s]
Computing stats:  88% 642/729 [00:25<00:03, 25.16it/s]
Computing stats:  88% 645/729 [00:25<00:03, 25.29it/s]
Computing stats:  89% 648/729 [00:25<00:03, 24.79it/s]
Computing stats:  89% 651/729 [00:25<00:03, 24.61it/s]
Computing stats:  90% 654/729 [00:26<00:02, 25.14it/s]
Computing stats:  90% 657/729 [00:26<00:02, 25.55it/s]
Computing stats:  91% 660/729 [00:26<00:02, 25.73it/s]
Computing stats:  91% 663/729 [00:26<00:02, 25.06it/s]
Computing stats:  91% 666/729 [00:26<00:02, 24.62it/s]
Computing stats:  92% 669/729 [00:26<00:02, 25.20it/s]
Computing stats:  92% 672/729 [00:26<00:02, 25.57it/s]
Computing stats:  93% 675/729 [00:26<00:02, 25.77it/s]
Computing stats:  93% 678/729 [00:27<00:02, 25.20it/s]
Computing stats:  93% 681/729 [00:27<00:01, 24.72it/s]
Computing stats:  94% 684/729 [00:27<00:01, 25.07it/s]
Computing stats:  94% 687/729 [00:27<00:01, 25.51it/s]
Computing stats:  95% 690/729 [00:27<00:01, 25.77it/s]
Computing stats:  95% 693/729 [00:27<00:01, 25.14it/s]
Computing stats:  95% 696/729 [00:27<00:01, 24.69it/s]
Computing stats:  96% 699/729 [00:27<00:01, 25.20it/s]
Computing stats:  96% 702/729 [00:28<00:01, 25.57it/s]
Computing stats:  97% 705/729 [00:28<00:00, 25.85it/s]
Computing stats:  97% 708/729 [00:28<00:00, 25.49it/s]
Computing stats:  98% 711/729 [00:28<00:00, 24.94it/s]
Computing stats:  98% 714/729 [00:28<00:00, 25.00it/s]
Computing stats:  98% 717/729 [00:28<00:00, 25.46it/s]
Computing stats:  99% 720/729 [00:28<00:00, 25.61it/s]
Computing stats:  99% 723/729 [00:28<00:00, 25.70it/s]
Computing stats: 100% 726/729 [00:28<00:00, 25.06it/s]
Computing stats: 100% 729/729 [00:29<00:00, 24.63it/s]
Computing stats: 100% 729/729 [00:29<00:00, 25.07it/s]
Writing stats to: /workspace/multitask-sft/A/assets/pi0_libero_seen_lora32/local/multitask_A
NORMALIZATION_BOUND A b4ea07567b2cc2bbd5670167efa540730ef4e98b3e507ce1610473c948401f44

Map:   0% 0/102 [00:00<?, ? examples/s]
Map: 100% 102/102 [00:00<00:00, 1094.90 examples/s]

Creating parquet from Arrow format:   0% 0/2 [00:00<?, ?ba/s]
Creating parquet from Arrow format: 100% 2/2 [00:00<00:00, 270.10ba/s]

Map:   0% 0/122 [00:00<?, ? examples/s]
Map: 100% 122/122 [00:00<00:00, 1137.21 examples/s]
Map: 100% 122/122 [00:00<00:00, 1114.11 examples/s]

Creating parquet from Arrow format:   0% 0/2 [00:00<?, ?ba/s]
Creating parquet from Arrow format: 100% 2/2 [00:00<00:00, 342.52ba/s]

Map:   0% 0/121 [00:00<?, ? examples/s]
Map: 100% 121/121 [00:00<00:00, 1135.06 examples/s]
Map: 100% 121/121 [00:00<00:00, 1111.75 examples/s]

Creating parquet from Arrow format:   0% 0/2 [00:00<?, ?ba/s]
Creating parquet from Arrow format: 100% 2/2 [00:00<00:00, 356.63ba/s]

Map:   0% 0/101 [00:00<?, ? examples/s]
Map: 100% 101/101 [00:00<00:00, 1116.00 examples/s]

Creating parquet from Arrow format:   0% 0/2 [00:00<?, ?ba/s]
Creating parquet from Arrow format: 100% 2/2 [00:00<00:00, 406.60ba/s]

Map:   0% 0/110 [00:00<?, ? examples/s]
Map: 100% 110/110 [00:00<00:00, 1107.38 examples/s]

Creating parquet from Arrow format:   0% 0/2 [00:00<?, ?ba/s]
Creating parquet from Arrow format: 100% 2/2 [00:00<00:00, 407.61ba/s]

Map:   0% 0/110 [00:00<?, ? examples/s]
Map: 100% 110/110 [00:00<00:00, 1110.27 examples/s]

Creating parquet from Arrow format:   0% 0/2 [00:00<?, ?ba/s]
Creating parquet from Arrow format: 100% 2/2 [00:00<00:00, 285.58ba/s]

Map:   0% 0/108 [00:00<?, ? examples/s]
Map: 100% 108/108 [00:00<00:00, 1134.33 examples/s]

Creating parquet from Arrow format:   0% 0/2 [00:00<?, ?ba/s]
Creating parquet from Arrow format: 100% 2/2 [00:00<00:00, 381.28ba/s]

Map:   0% 0/122 [00:00<?, ? examples/s]
Map: 100% 122/122 [00:00<00:00, 1158.93 examples/s]
Map: 100% 122/122 [00:00<00:00, 1134.55 examples/s]

Creating parquet from Arrow format:   0% 0/2 [00:00<?, ?ba/s]
Creating parquet from Arrow format: 100% 2/2 [00:00<00:00, 332.41ba/s]

Map:   0% 0/110 [00:00<?, ? examples/s]
Map: 100% 110/110 [00:00<00:00, 1142.85 examples/s]

Creating parquet from Arrow format:   0% 0/2 [00:00<?, ?ba/s]
Creating parquet from Arrow format: 100% 2/2 [00:00<00:00, 376.85ba/s]

Map:   0% 0/109 [00:00<?, ? examples/s]
Map: 100% 109/109 [00:00<00:00, 1103.66 examples/s]

Creating parquet from Arrow format:   0% 0/2 [00:00<?, ?ba/s]
Creating parquet from Arrow format: 100% 2/2 [00:00<00:00, 349.64ba/s]

Map:   0% 0/108 [00:00<?, ? examples/s]
Map: 100% 108/108 [00:00<00:00, 1096.91 examples/s]

Creating parquet from Arrow format:   0% 0/2 [00:00<?, ?ba/s]
Creating parquet from Arrow format: 100% 2/2 [00:00<00:00, 368.76ba/s]

Map:   0% 0/100 [00:00<?, ? examples/s]
Map: 100% 100/100 [00:00<00:00, 1142.20 examples/s]

Creating parquet from Arrow format:   0% 0/1 [00:00<?, ?ba/s]
Creating parquet from Arrow format: 100% 1/1 [00:00<00:00, 237.97ba/s]

Map:   0% 0/123 [00:00<?, ? examples/s]
Map:  99% 122/123 [00:00<00:00, 1203.60 examples/s]
Map: 100% 123/123 [00:00<00:00, 1096.50 examples/s]

Creating parquet from Arrow format:   0% 0/2 [00:00<?, ?ba/s]
Creating parquet from Arrow format: 100% 2/2 [00:00<00:00, 294.49ba/s]

Map:   0% 0/121 [00:00<?, ? examples/s]
Map: 100% 121/121 [00:00<00:00, 1140.13 examples/s]
Map: 100% 121/121 [00:00<00:00, 1116.68 examples/s]

Creating parquet from Arrow format:   0% 0/2 [00:00<?, ?ba/s]
Creating parquet from Arrow format: 100% 2/2 [00:00<00:00, 294.10ba/s]

Map:   0% 0/113 [00:00<?, ? examples/s]
Map: 100% 113/113 [00:00<00:00, 1133.89 examples/s]

Creating parquet from Arrow format:   0% 0/2 [00:00<?, ?ba/s]
Creating parquet from Arrow format: 100% 2/2 [00:00<00:00, 357.68ba/s]

Map:   0% 0/135 [00:00<?, ? examples/s]
Map:  92% 124/135 [00:00<00:00, 1223.00 examples/s]
Map: 100% 135/135 [00:00<00:00, 1130.76 examples/s]

Creating parquet from Arrow format:   0% 0/2 [00:00<?, ?ba/s]
Creating parquet from Arrow format: 100% 2/2 [00:00<00:00, 334.54ba/s]

Map:   0% 0/104 [00:00<?, ? examples/s]
Map: 100% 104/104 [00:00<00:00, 1148.34 examples/s]

Creating parquet from Arrow format:   0% 0/2 [00:00<?, ?ba/s]
Creating parquet from Arrow format: 100% 2/2 [00:00<00:00, 386.18ba/s]

Map:   0% 0/163 [00:00<?, ? examples/s]
Map:  75% 123/163 [00:00<00:00, 1223.80 examples/s]
Map: 100% 163/163 [00:00<00:00, 1137.96 examples/s]

Creating parquet from Arrow format:   0% 0/2 [00:00<?, ?ba/s]
Creating parquet from Arrow format: 100% 2/2 [00:00<00:00, 285.82ba/s]

Map:   0% 0/106 [00:00<?, ? examples/s]
Map: 100% 106/106 [00:00<00:00, 1147.39 examples/s]

Creating parquet from Arrow format:   0% 0/2 [00:00<?, ?ba/s]
Creating parquet from Arrow format: 100% 2/2 [00:00<00:00, 396.96ba/s]

Map:   0% 0/97 [00:00<?, ? examples/s]
Map: 100% 97/97 [00:00<00:00, 1136.59 examples/s]

Creating parquet from Arrow format:   0% 0/1 [00:00<?, ?ba/s]
Creating parquet from Arrow format: 100% 1/1 [00:00<00:00, 222.71ba/s]

Map:   0% 0/116 [00:00<?, ? examples/s]
Map: 100% 116/116 [00:00<00:00, 1137.81 examples/s]
Map: 100% 116/116 [00:00<00:00, 1113.46 examples/s]

Creating parquet from Arrow format:   0% 0/2 [00:00<?, ?ba/s]
Creating parquet from Arrow format: 100% 2/2 [00:00<00:00, 303.17ba/s]

Map:   0% 0/107 [00:00<?, ? examples/s]
Map: 100% 107/107 [00:00<00:00, 1128.18 examples/s]

Creating parquet from Arrow format:   0% 0/2 [00:00<?, ?ba/s]
Creating parquet from Arrow format: 100% 2/2 [00:00<00:00, 355.10ba/s]

Map:   0% 0/116 [00:00<?, ? examples/s]
Map: 100% 116/116 [00:00<00:00, 1118.69 examples/s]
Map: 100% 116/116 [00:00<00:00, 1094.96 examples/s]

Creating parquet from Arrow format:   0% 0/2 [00:00<?, ?ba/s]
Creating parquet from Arrow format: 100% 2/2 [00:00<00:00, 347.35ba/s]

Map:   0% 0/116 [00:00<?, ? examples/s]
Map: 100% 116/116 [00:00<00:00, 1109.96 examples/s]
Map: 100% 116/116 [00:00<00:00, 1086.28 examples/s]

Creating parquet from Arrow format:   0% 0/2 [00:00<?, ?ba/s]
Creating parquet from Arrow format: 100% 2/2 [00:00<00:00, 348.44ba/s]

Map:   0% 0/105 [00:00<?, ? examples/s]
Map: 100% 105/105 [00:00<00:00, 1101.24 examples/s]

Creating parquet from Arrow format:   0% 0/2 [00:00<?, ?ba/s]
Creating parquet from Arrow format: 100% 2/2 [00:00<00:00, 386.93ba/s]

Map:   0% 0/116 [00:00<?, ? examples/s]
Map: 100% 116/116 [00:00<00:00, 1127.10 examples/s]
Map: 100% 116/116 [00:00<00:00, 1103.47 examples/s]

Creating parquet from Arrow format:   0% 0/2 [00:00<?, ?ba/s]
Creating parquet from Arrow format: 100% 2/2 [00:00<00:00, 348.83ba/s]

Map:   0% 0/142 [00:00<?, ? examples/s]
Map:  88% 125/142 [00:00<00:00, 1232.74 examples/s]
Map: 100% 142/142 [00:00<00:00, 1117.18 examples/s]

Creating parquet from Arrow format:   0% 0/2 [00:00<?, ?ba/s]
Creating parquet from Arrow format: 100% 2/2 [00:00<00:00, 322.28ba/s]

Map:   0% 0/124 [00:00<?, ? examples/s]
Map: 100% 124/124 [00:00<00:00, 1148.96 examples/s]
Map: 100% 124/124 [00:00<00:00, 1125.81 examples/s]

Creating parquet from Arrow format:   0% 0/2 [00:00<?, ?ba/s]
Creating parquet from Arrow format: 100% 2/2 [00:00<00:00, 321.70ba/s]

Map:   0% 0/110 [00:00<?, ? examples/s]
Map: 100% 110/110 [00:00<00:00, 1118.34 examples/s]

Creating parquet from Arrow format:   0% 0/2 [00:00<?, ?ba/s]
Creating parquet from Arrow format: 100% 2/2 [00:00<00:00, 353.25ba/s]

Map:   0% 0/109 [00:00<?, ? examples/s]
Map: 100% 109/109 [00:00<00:00, 1095.12 examples/s]

Creating parquet from Arrow format:   0% 0/2 [00:00<?, ?ba/s]
Creating parquet from Arrow format: 100% 2/2 [00:00<00:00, 383.95ba/s]

Map:   0% 0/114 [00:00<?, ? examples/s]
Map: 100% 114/114 [00:00<00:00, 1131.72 examples/s]
Map: 100% 114/114 [00:00<00:00, 1112.67 examples/s]

Creating parquet from Arrow format:   0% 0/2 [00:00<?, ?ba/s]
Creating parquet from Arrow format: 100% 2/2 [00:00<00:00, 348.36ba/s]

Map:   0% 0/121 [00:00<?, ? examples/s]
Map: 100% 121/121 [00:00<00:00, 1142.76 examples/s]
Map: 100% 121/121 [00:00<00:00, 1119.13 examples/s]

Creating parquet from Arrow format:   0% 0/2 [00:00<?, ?ba/s]
Creating parquet from Arrow format: 100% 2/2 [00:00<00:00, 336.59ba/s]

Map:   0% 0/118 [00:00<?, ? examples/s]
Map: 100% 118/118 [00:00<00:00, 1138.02 examples/s]
Map: 100% 118/118 [00:00<00:00, 1114.43 examples/s]

Creating parquet from Arrow format:   0% 0/2 [00:00<?, ?ba/s]
Creating parquet from Arrow format: 100% 2/2 [00:00<00:00, 362.22ba/s]

Map:   0% 0/120 [00:00<?, ? examples/s]
Map: 100% 120/120 [00:00<00:00, 1137.50 examples/s]
Map: 100% 120/120 [00:00<00:00, 1114.21 examples/s]

Creating parquet from Arrow format:   0% 0/2 [00:00<?, ?ba/s]
Creating parquet from Arrow format: 100% 2/2 [00:00<00:00, 332.68ba/s]

Map:   0% 0/130 [00:00<?, ? examples/s]
Map:  96% 125/130 [00:00<00:00, 1233.53 examples/s]
Map: 100% 130/130 [00:00<00:00, 1100.15 examples/s]

Creating parquet from Arrow format:   0% 0/2 [00:00<?, ?ba/s]
Creating parquet from Arrow format: 100% 2/2 [00:00<00:00, 324.96ba/s]

Map:   0% 0/139 [00:00<?, ? examples/s]
Map:  89% 124/139 [00:00<00:00, 1227.03 examples/s]
Map: 100% 139/139 [00:00<00:00, 1097.22 examples/s]

Creating parquet from Arrow format:   0% 0/2 [00:00<?, ?ba/s]
Creating parquet from Arrow format: 100% 2/2 [00:00<00:00, 278.73ba/s]

Map:   0% 0/120 [00:00<?, ? examples/s]
Map: 100% 120/120 [00:00<00:00, 1135.22 examples/s]
Map: 100% 120/120 [00:00<00:00, 1111.95 examples/s]

Creating parquet from Arrow format:   0% 0/2 [00:00<?, ?ba/s]
Creating parquet from Arrow format: 100% 2/2 [00:00<00:00, 346.22ba/s]

Map:   0% 0/128 [00:00<?, ? examples/s]
Map:  96% 123/128 [00:00<00:00, 1209.84 examples/s]
Map: 100% 128/128 [00:00<00:00, 1100.11 examples/s]

Creating parquet from Arrow format:   0% 0/2 [00:00<?, ?ba/s]
Creating parquet from Arrow format: 100% 2/2 [00:00<00:00, 335.76ba/s]

Map:   0% 0/113 [00:00<?, ? examples/s]
Map: 100% 113/113 [00:00<00:00, 1101.04 examples/s]
Map: 100% 113/113 [00:00<00:00, 1078.13 examples/s]

Creating parquet from Arrow format:   0% 0/2 [00:00<?, ?ba/s]
Creating parquet from Arrow format: 100% 2/2 [00:00<00:00, 392.43ba/s]

Map:   0% 0/114 [00:00<?, ? examples/s]
Map: 100% 114/114 [00:00<00:00, 1118.31 examples/s]
Map: 100% 114/114 [00:00<00:00, 1099.63 examples/s]

Creating parquet from Arrow format:   0% 0/2 [00:00<?, ?ba/s]
Creating parquet from Arrow format: 100% 2/2 [00:00<00:00, 379.52ba/s]

Map:   0% 0/107 [00:00<?, ? examples/s]
Map: 100% 107/107 [00:00<00:00, 1134.04 examples/s]

Creating parquet from Arrow format:   0% 0/2 [00:00<?, ?ba/s]
Creating parquet from Arrow format: 100% 2/2 [00:00<00:00, 389.24ba/s]

Map:   0% 0/105 [00:00<?, ? examples/s]
Map: 100% 105/105 [00:00<00:00, 1107.15 examples/s]

Creating parquet from Arrow format:   0% 0/2 [00:00<?, ?ba/s]
Creating parquet from Arrow format: 100% 2/2 [00:00<00:00, 414.33ba/s]

Map:   0% 0/137 [00:00<?, ? examples/s]
Map:  90% 123/137 [00:00<00:00, 1211.10 examples/s]
Map: 100% 137/137 [00:00<00:00, 1068.55 examples/s]

Creating parquet from Arrow format:   0% 0/2 [00:00<?, ?ba/s]
Creating parquet from Arrow format: 100% 2/2 [00:00<00:00, 279.34ba/s]

Map:   0% 0/92 [00:00<?, ? examples/s]
Map: 100% 92/92 [00:00<00:00, 1124.45 examples/s]

Creating parquet from Arrow format:   0% 0/1 [00:00<?, ?ba/s]
Creating parquet from Arrow format: 100% 1/1 [00:00<00:00, 245.38ba/s]

Map:   0% 0/99 [00:00<?, ? examples/s]
Map: 100% 99/99 [00:00<00:00, 1130.29 examples/s]

Creating parquet from Arrow format:   0% 0/1 [00:00<?, ?ba/s]
Creating parquet from Arrow format: 100% 1/1 [00:00<00:00, 195.57ba/s]

Map:   0% 0/125 [00:00<?, ? examples/s]
Map:  99% 124/125 [00:00<00:00, 1223.16 examples/s]
Map: 100% 125/125 [00:00<00:00, 1081.89 examples/s]

Creating parquet from Arrow format:   0% 0/2 [00:00<?, ?ba/s]
Creating parquet from Arrow format: 100% 2/2 [00:00<00:00, 330.17ba/s]

Map:   0% 0/124 [00:00<?, ? examples/s]
Map: 100% 124/124 [00:00<00:00, 1224.10 examples/s]
Map: 100% 124/124 [00:00<00:00, 1103.62 examples/s]

Creating parquet from Arrow format:   0% 0/2 [00:00<?, ?ba/s]
Creating parquet from Arrow format: 100% 2/2 [00:00<00:00, 362.56ba/s]

Map:   0% 0/116 [00:00<?, ? examples/s]
Map: 100% 116/116 [00:00<00:00, 1129.78 examples/s]
Map: 100% 116/116 [00:00<00:00, 1106.01 examples/s]

Creating parquet from Arrow format:   0% 0/2 [00:00<?, ?ba/s]
Creating parquet from Arrow format: 100% 2/2 [00:00<00:00, 375.99ba/s]

Map:   0% 0/130 [00:00<?, ? examples/s]
Map:  95% 123/130 [00:00<00:00, 1213.97 examples/s]
Map: 100% 130/130 [00:00<00:00, 1101.48 examples/s]

Creating parquet from Arrow format:   0% 0/2 [00:00<?, ?ba/s]
Creating parquet from Arrow format: 100% 2/2 [00:00<00:00, 336.84ba/s]

Map:   0% 0/134 [00:00<?, ? examples/s]
Map:  92% 123/134 [00:00<00:00, 1218.26 examples/s]
Map: 100% 134/134 [00:00<00:00, 1100.94 examples/s]

Creating parquet from Arrow format:   0% 0/2 [00:00<?, ?ba/s]
Creating parquet from Arrow format: 100% 2/2 [00:00<00:00, 323.07ba/s]
CONVERTED B D0

Map:   0% 0/114 [00:00<?, ? examples/s]
Map: 100% 114/114 [00:00<00:00, 1109.73 examples/s]
Map: 100% 114/114 [00:00<00:00, 1090.32 examples/s]

Creating parquet from Arrow format:   0% 0/2 [00:00<?, ?ba/s]
Creating parquet from Arrow format: 100% 2/2 [00:00<00:00, 358.56ba/s]

Map:   0% 0/106 [00:00<?, ? examples/s]
Map: 100% 106/106 [00:00<00:00, 1119.88 examples/s]

Creating parquet from Arrow format:   0% 0/2 [00:00<?, ?ba/s]
Creating parquet from Arrow format: 100% 2/2 [00:00<00:00, 334.87ba/s]

Map:   0% 0/137 [00:00<?, ? examples/s]
Map:  91% 124/137 [00:00<00:00, 1217.48 examples/s]
Map: 100% 137/137 [00:00<00:00, 1083.24 examples/s]

Creating parquet from Arrow format:   0% 0/2 [00:00<?, ?ba/s]
Creating parquet from Arrow format: 100% 2/2 [00:00<00:00, 309.25ba/s]

Map:   0% 0/156 [00:00<?, ? examples/s]
Map:  79% 124/156 [00:00<00:00, 1216.88 examples/s]
Map: 100% 156/156 [00:00<00:00, 1101.34 examples/s]

Creating parquet from Arrow format:   0% 0/2 [00:00<?, ?ba/s]
Creating parquet from Arrow format: 100% 2/2 [00:00<00:00, 258.62ba/s]

Map:   0% 0/137 [00:00<?, ? examples/s]
Map:  89% 122/137 [00:00<00:00, 1205.03 examples/s]
Map: 100% 137/137 [00:00<00:00, 1090.39 examples/s]

Creating parquet from Arrow format:   0% 0/2 [00:00<?, ?ba/s]
Creating parquet from Arrow format: 100% 2/2 [00:00<00:00, 312.34ba/s]

Map:   0% 0/112 [00:00<?, ? examples/s]
Map: 100% 112/112 [00:00<00:00, 1099.33 examples/s]

Creating parquet from Arrow format:   0% 0/2 [00:00<?, ?ba/s]
Creating parquet from Arrow format: 100% 2/2 [00:00<00:00, 382.24ba/s]

Map:   0% 0/109 [00:00<?, ? examples/s]
Map: 100% 109/109 [00:00<00:00, 1108.32 examples/s]

Creating parquet from Arrow format:   0% 0/2 [00:00<?, ?ba/s]
Creating parquet from Arrow format: 100% 2/2 [00:00<00:00, 305.54ba/s]

Map:   0% 0/106 [00:00<?, ? examples/s]
Map: 100% 106/106 [00:00<00:00, 1089.86 examples/s]

Creating parquet from Arrow format:   0% 0/2 [00:00<?, ?ba/s]
Creating parquet from Arrow format: 100% 2/2 [00:00<00:00, 321.85ba/s]

Map:   0% 0/103 [00:00<?, ? examples/s]
Map: 100% 103/103 [00:00<00:00, 1089.44 examples/s]

Creating parquet from Arrow format:   0% 0/2 [00:00<?, ?ba/s]
Creating parquet from Arrow format: 100% 2/2 [00:00<00:00, 318.02ba/s]

Map:   0% 0/125 [00:00<?, ? examples/s]
Map:  98% 122/125 [00:00<00:00, 1202.83 examples/s]
Map: 100% 125/125 [00:00<00:00, 1074.13 examples/s]

Creating parquet from Arrow format:   0% 0/2 [00:00<?, ?ba/s]
Creating parquet from Arrow format: 100% 2/2 [00:00<00:00, 279.83ba/s]

Map:   0% 0/115 [00:00<?, ? examples/s]
Map: 100% 115/115 [00:00<00:00, 1106.12 examples/s]
Map: 100% 115/115 [00:00<00:00, 1087.25 examples/s]

Creating parquet from Arrow format:   0% 0/2 [00:00<?, ?ba/s]
Creating parquet from Arrow format: 100% 2/2 [00:00<00:00, 292.44ba/s]

Map:   0% 0/124 [00:00<?, ? examples/s]
Map:  99% 123/124 [00:00<00:00, 1213.71 examples/s]
Map: 100% 124/124 [00:00<00:00, 1077.96 examples/s]

Creating parquet from Arrow format:   0% 0/2 [00:00<?, ?ba/s]
Creating parquet from Arrow format: 100% 2/2 [00:00<00:00, 276.20ba/s]

Map:   0% 0/105 [00:00<?, ? examples/s]
Map: 100% 105/105 [00:00<00:00, 1128.86 examples/s]

Creating parquet from Arrow format:   0% 0/2 [00:00<?, ?ba/s]
Creating parquet from Arrow format: 100% 2/2 [00:00<00:00, 418.01ba/s]

Map:   0% 0/136 [00:00<?, ? examples/s]
Map:  90% 123/136 [00:00<00:00, 1213.49 examples/s]
Map: 100% 136/136 [00:00<00:00, 1074.08 examples/s]

Creating parquet from Arrow format:   0% 0/2 [00:00<?, ?ba/s]
Creating parquet from Arrow format: 100% 2/2 [00:00<00:00, 296.16ba/s]

Map:   0% 0/96 [00:00<?, ? examples/s]
Map: 100% 96/96 [00:00<00:00, 1109.57 examples/s]

Creating parquet from Arrow format:   0% 0/1 [00:00<?, ?ba/s]
Creating parquet from Arrow format: 100% 1/1 [00:00<00:00, 213.18ba/s]

Map:   0% 0/151 [00:00<?, ? examples/s]
Map:  82% 124/151 [00:00<00:00, 1222.20 examples/s]
Map: 100% 151/151 [00:00<00:00, 1093.77 examples/s]

Creating parquet from Arrow format:   0% 0/2 [00:00<?, ?ba/s]
Creating parquet from Arrow format: 100% 2/2 [00:00<00:00, 289.29ba/s]

Map:   0% 0/113 [00:00<?, ? examples/s]
Map: 100% 113/113 [00:00<00:00, 1120.05 examples/s]
Map: 100% 113/113 [00:00<00:00, 1095.80 examples/s]

Creating parquet from Arrow format:   0% 0/2 [00:00<?, ?ba/s]
Creating parquet from Arrow format: 100% 2/2 [00:00<00:00, 370.19ba/s]

Map:   0% 0/164 [00:00<?, ? examples/s]
Map:  76% 124/164 [00:00<00:00, 1220.77 examples/s]
Map: 100% 164/164 [00:00<00:00, 1106.14 examples/s]

Creating parquet from Arrow format:   0% 0/2 [00:00<?, ?ba/s]
Creating parquet from Arrow format: 100% 2/2 [00:00<00:00, 239.91ba/s]

Map:   0% 0/98 [00:00<?, ? examples/s]
Map: 100% 98/98 [00:00<00:00, 1128.48 examples/s]

Creating parquet from Arrow format:   0% 0/1 [00:00<?, ?ba/s]
Creating parquet from Arrow format: 100% 1/1 [00:00<00:00, 210.81ba/s]

Map:   0% 0/103 [00:00<?, ? examples/s]
Map: 100% 103/103 [00:00<00:00, 1099.97 examples/s]

Creating parquet from Arrow format:   0% 0/2 [00:00<?, ?ba/s]
Creating parquet from Arrow format: 100% 2/2 [00:00<00:00, 320.43ba/s]

Map:   0% 0/124 [00:00<?, ? examples/s]
Map: 100% 124/124 [00:00<00:00, 1224.75 examples/s]
Map: 100% 124/124 [00:00<00:00, 1096.81 examples/s]

Creating parquet from Arrow format:   0% 0/2 [00:00<?, ?ba/s]
Creating parquet from Arrow format: 100% 2/2 [00:00<00:00, 338.65ba/s]

Map:   0% 0/126 [00:00<?, ? examples/s]
Map:  97% 122/126 [00:00<00:00, 1202.53 examples/s]
Map: 100% 126/126 [00:00<00:00, 1055.96 examples/s]

Creating parquet from Arrow format:   0% 0/2 [00:00<?, ?ba/s]
Creating parquet from Arrow format: 100% 2/2 [00:00<00:00, 276.45ba/s]

Map:   0% 0/99 [00:00<?, ? examples/s]
Map: 100% 99/99 [00:00<00:00, 1115.03 examples/s]

Creating parquet from Arrow format:   0% 0/1 [00:00<?, ?ba/s]
Creating parquet from Arrow format: 100% 1/1 [00:00<00:00, 189.15ba/s]

Map:   0% 0/109 [00:00<?, ? examples/s]
Map: 100% 109/109 [00:00<00:00, 1072.32 examples/s]

Creating parquet from Arrow format:   0% 0/2 [00:00<?, ?ba/s]
Creating parquet from Arrow format: 100% 2/2 [00:00<00:00, 390.24ba/s]

Map:   0% 0/110 [00:00<?, ? examples/s]
Map: 100% 110/110 [00:00<00:00, 1084.32 examples/s]

Creating parquet from Arrow format:   0% 0/2 [00:00<?, ?ba/s]
Creating parquet from Arrow format: 100% 2/2 [00:00<00:00, 352.14ba/s]

Map:   0% 0/139 [00:00<?, ? examples/s]
Map:  88% 122/139 [00:00<00:00, 1209.58 examples/s]
Map: 100% 139/139 [00:00<00:00, 1091.78 examples/s]

Creating parquet from Arrow format:   0% 0/2 [00:00<?, ?ba/s]
Creating parquet from Arrow format: 100% 2/2 [00:00<00:00, 264.17ba/s]

Map:   0% 0/108 [00:00<?, ? examples/s]
Map: 100% 108/108 [00:00<00:00, 1138.36 examples/s]

Creating parquet from Arrow format:   0% 0/2 [00:00<?, ?ba/s]
Creating parquet from Arrow format: 100% 2/2 [00:00<00:00, 394.81ba/s]

Map:   0% 0/115 [00:00<?, ? examples/s]
Map: 100% 115/115 [00:00<00:00, 1114.73 examples/s]
Map: 100% 115/115 [00:00<00:00, 1096.14 examples/s]

Creating parquet from Arrow format:   0% 0/2 [00:00<?, ?ba/s]
Creating parquet from Arrow format: 100% 2/2 [00:00<00:00, 360.89ba/s]

Map:   0% 0/123 [00:00<?, ? examples/s]
Map: 100% 123/123 [00:00<00:00, 1133.35 examples/s]
Map: 100% 123/123 [00:00<00:00, 1110.05 examples/s]

Creating parquet from Arrow format:   0% 0/2 [00:00<?, ?ba/s]
Creating parquet from Arrow format: 100% 2/2 [00:00<00:00, 348.35ba/s]

Map:   0% 0/172 [00:00<?, ? examples/s]
Map:  72% 123/172 [00:00<00:00, 1217.39 examples/s]
Map: 100% 172/172 [00:00<00:00, 1089.97 examples/s]

Creating parquet from Arrow format:   0% 0/2 [00:00<?, ?ba/s]
Creating parquet from Arrow format: 100% 2/2 [00:00<00:00, 256.33ba/s]

Map:   0% 0/95 [00:00<?, ? examples/s]
Map: 100% 95/95 [00:00<00:00, 1119.61 examples/s]

Creating parquet from Arrow format:   0% 0/1 [00:00<?, ?ba/s]
Creating parquet from Arrow format: 100% 1/1 [00:00<00:00, 236.35ba/s]

Map:   0% 0/115 [00:00<?, ? examples/s]
Map: 100% 115/115 [00:00<00:00, 1116.09 examples/s]
Map: 100% 115/115 [00:00<00:00, 1097.29 examples/s]

Creating parquet from Arrow format:   0% 0/2 [00:00<?, ?ba/s]
Creating parquet from Arrow format: 100% 2/2 [00:00<00:00, 356.66ba/s]

Map:   0% 0/94 [00:00<?, ? examples/s]
Map: 100% 94/94 [00:00<00:00, 1105.56 examples/s]

Creating parquet from Arrow format:   0% 0/1 [00:00<?, ?ba/s]
Creating parquet from Arrow format: 100% 1/1 [00:00<00:00, 189.32ba/s]

Map:   0% 0/108 [00:00<?, ? examples/s]
Map: 100% 108/108 [00:00<00:00, 1088.74 examples/s]

Creating parquet from Arrow format:   0% 0/2 [00:00<?, ?ba/s]
Creating parquet from Arrow format: 100% 2/2 [00:00<00:00, 289.25ba/s]

Map:   0% 0/121 [00:00<?, ? examples/s]
Map: 100% 121/121 [00:00<00:00, 1103.40 examples/s]
Map: 100% 121/121 [00:00<00:00, 1081.09 examples/s]

Creating parquet from Arrow format:   0% 0/2 [00:00<?, ?ba/s]
Creating parquet from Arrow format: 100% 2/2 [00:00<00:00, 331.64ba/s]

Map:   0% 0/110 [00:00<?, ? examples/s]
Map: 100% 110/110 [00:00<00:00, 1101.02 examples/s]

Creating parquet from Arrow format:   0% 0/2 [00:00<?, ?ba/s]
Creating parquet from Arrow format: 100% 2/2 [00:00<00:00, 392.49ba/s]

Map:   0% 0/120 [00:00<?, ? examples/s]
Map: 100% 120/120 [00:00<00:00, 1088.88 examples/s]
Map: 100% 120/120 [00:00<00:00, 1066.19 examples/s]

Creating parquet from Arrow format:   0% 0/2 [00:00<?, ?ba/s]
Creating parquet from Arrow format: 100% 2/2 [00:00<00:00, 284.36ba/s]

Map:   0% 0/109 [00:00<?, ? examples/s]
Map: 100% 109/109 [00:00<00:00, 1080.80 examples/s]

Creating parquet from Arrow format:   0% 0/2 [00:00<?, ?ba/s]
Creating parquet from Arrow format: 100% 2/2 [00:00<00:00, 357.16ba/s]

Map:   0% 0/104 [00:00<?, ? examples/s]
Map: 100% 104/104 [00:00<00:00, 1100.17 examples/s]

Creating parquet from Arrow format:   0% 0/2 [00:00<?, ?ba/s]
Creating parquet from Arrow format: 100% 2/2 [00:00<00:00, 357.94ba/s]

Map:   0% 0/122 [00:00<?, ? examples/s]
Map:  99% 121/122 [00:00<00:00, 1197.17 examples/s]
Map: 100% 122/122 [00:00<00:00, 1084.50 examples/s]

Creating parquet from Arrow format:   0% 0/2 [00:00<?, ?ba/s]
Creating parquet from Arrow format: 100% 2/2 [00:00<00:00, 340.06ba/s]

Map:   0% 0/113 [00:00<?, ? examples/s]
Map: 100% 113/113 [00:00<00:00, 1109.75 examples/s]
Map: 100% 113/113 [00:00<00:00, 1086.32 examples/s]

Creating parquet from Arrow format:   0% 0/2 [00:00<?, ?ba/s]
Creating parquet from Arrow format: 100% 2/2 [00:00<00:00, 361.69ba/s]

Map:   0% 0/119 [00:00<?, ? examples/s]
Map: 100% 119/119 [00:00<00:00, 1115.11 examples/s]
Map: 100% 119/119 [00:00<00:00, 1091.98 examples/s]

Creating parquet from Arrow format:   0% 0/2 [00:00<?, ?ba/s]
Creating parquet from Arrow format: 100% 2/2 [00:00<00:00, 350.62ba/s]

Map:   0% 0/96 [00:00<?, ? examples/s]
Map: 100% 96/96 [00:00<00:00, 1089.93 examples/s]

Creating parquet from Arrow format:   0% 0/1 [00:00<?, ?ba/s]
Creating parquet from Arrow format: 100% 1/1 [00:00<00:00, 186.36ba/s]

Map:   0% 0/98 [00:00<?, ? examples/s]
Map: 100% 98/98 [00:00<00:00, 979.03 examples/s]
Map: 100% 98/98 [00:00<00:00, 960.63 examples/s]

Creating parquet from Arrow format:   0% 0/1 [00:00<?, ?ba/s]
Creating parquet from Arrow format: 100% 1/1 [00:00<00:00, 180.34ba/s]

Map:   0% 0/116 [00:00<?, ? examples/s]
Map: 100% 116/116 [00:00<00:00, 1102.40 examples/s]
Map: 100% 116/116 [00:00<00:00, 1079.77 examples/s]

Creating parquet from Arrow format:   0% 0/2 [00:00<?, ?ba/s]
Creating parquet from Arrow format: 100% 2/2 [00:00<00:00, 355.07ba/s]

Map:   0% 0/112 [00:00<?, ? examples/s]
Map: 100% 112/112 [00:00<00:00, 1117.78 examples/s]
Map: 100% 112/112 [00:00<00:00, 1093.99 examples/s]

Creating parquet from Arrow format:   0% 0/2 [00:00<?, ?ba/s]
Creating parquet from Arrow format: 100% 2/2 [00:00<00:00, 343.47ba/s]

Map:   0% 0/132 [00:00<?, ? examples/s]
Map:  93% 123/132 [00:00<00:00, 1210.28 examples/s]
Map: 100% 132/132 [00:00<00:00, 1094.12 examples/s]

Creating parquet from Arrow format:   0% 0/2 [00:00<?, ?ba/s]
Creating parquet from Arrow format: 100% 2/2 [00:00<00:00, 320.85ba/s]

Map:   0% 0/112 [00:00<?, ? examples/s]
Map: 100% 112/112 [00:00<00:00, 1107.02 examples/s]
Map: 100% 112/112 [00:00<00:00, 1082.92 examples/s]

Creating parquet from Arrow format:   0% 0/2 [00:00<?, ?ba/s]
Creating parquet from Arrow format: 100% 2/2 [00:00<00:00, 379.85ba/s]

Map:   0% 0/168 [00:00<?, ? examples/s]
Map:  74% 124/168 [00:00<00:00, 1223.68 examples/s]
Map: 100% 168/168 [00:00<00:00, 1097.07 examples/s]

Creating parquet from Arrow format:   0% 0/2 [00:00<?, ?ba/s]
Creating parquet from Arrow format: 100% 2/2 [00:00<00:00, 235.00ba/s]

Map:   0% 0/114 [00:00<?, ? examples/s]
Map: 100% 114/114 [00:00<00:00, 1111.37 examples/s]
Map: 100% 114/114 [00:00<00:00, 1092.06 examples/s]

Creating parquet from Arrow format:   0% 0/2 [00:00<?, ?ba/s]
Creating parquet from Arrow format: 100% 2/2 [00:00<00:00, 351.08ba/s]
CONVERTED B D1

Resolving data files:   0% 0/100 [00:00<?, ?it/s]
Resolving data files: 100% 100/100 [00:00<00:00, 141939.22it/s]

Downloading data:   0% 0/100 [00:00<?, ?files/s]
Downloading data: 100% 100/100 [00:00<00:00, 52685.64files/s]

Generating train split: 0 examples [00:00, ? examples/s]
Generating train split: 1780 examples [00:00, 16653.05 examples/s]
Generating train split: 3660 examples [00:00, 17402.74 examples/s]
Generating train split: 5568 examples [00:00, 17796.25 examples/s]
Generating train split: 7481 examples [00:00, 17829.07 examples/s]
Generating train split: 9395 examples [00:00, 17982.60 examples/s]
Generating train split: 11319 examples [00:00, 18078.44 examples/s]
Generating train split: 11745 examples [00:00, 17909.92 examples/s]

Computing stats:   0% 0/1468 [00:00<?, ?it/s]
Computing stats:   0% 3/1468 [00:00<01:02, 23.51it/s]
Computing stats:   0% 6/1468 [00:00<01:02, 23.55it/s]
Computing stats:   1% 9/1468 [00:00<01:04, 22.51it/s]
Computing stats:   1% 12/1468 [00:00<01:06, 21.99it/s]
Computing stats:   1% 15/1468 [00:00<01:04, 22.37it/s]
Computing stats:   1% 18/1468 [00:00<01:03, 22.95it/s]
Computing stats:   1% 21/1468 [00:00<01:02, 23.28it/s]
Computing stats:   2% 24/1468 [00:01<01:03, 22.83it/s]
Computing stats:   2% 27/1468 [00:01<01:04, 22.35it/s]
Computing stats:   2% 30/1468 [00:01<01:03, 22.51it/s]
Computing stats:   2% 33/1468 [00:01<01:01, 23.31it/s]
Computing stats:   2% 36/1468 [00:01<01:00, 23.67it/s]
Computing stats:   3% 39/1468 [00:01<01:00, 23.51it/s]
Computing stats:   3% 42/1468 [00:01<01:02, 22.92it/s]
Computing stats:   3% 45/1468 [00:01<01:01, 23.16it/s]
Computing stats:   3% 48/1468 [00:02<00:59, 23.79it/s]
Computing stats:   3% 51/1468 [00:02<00:59, 23.71it/s]
Computing stats:   4% 54/1468 [00:02<01:01, 23.06it/s]
Computing stats:   4% 57/1468 [00:02<01:01, 22.87it/s]
Computing stats:   4% 60/1468 [00:02<00:59, 23.59it/s]
Computing stats:   4% 63/1468 [00:02<00:58, 23.95it/s]
Computing stats:   4% 66/1468 [00:02<00:59, 23.53it/s]
Computing stats:   5% 69/1468 [00:02<01:00, 23.11it/s]
Computing stats:   5% 72/1468 [00:03<00:59, 23.53it/s]
Computing stats:   5% 75/1468 [00:03<00:58, 23.83it/s]
Computing stats:   5% 78/1468 [00:03<00:58, 23.79it/s]
Computing stats:   6% 81/1468 [00:03<01:00, 23.04it/s]
Computing stats:   6% 84/1468 [00:03<01:01, 22.63it/s]
Computing stats:   6% 87/1468 [00:03<00:59, 23.23it/s]
Computing stats:   6% 90/1468 [00:03<00:58, 23.75it/s]
Computing stats:   6% 93/1468 [00:04<00:59, 23.28it/s]
Computing stats:   7% 96/1468 [00:04<01:00, 22.69it/s]
Computing stats:   7% 99/1468 [00:04<00:59, 23.10it/s]
Computing stats:   7% 102/1468 [00:04<00:57, 23.66it/s]
Computing stats:   7% 105/1468 [00:04<00:56, 24.10it/s]
Computing stats:   7% 108/1468 [00:04<00:57, 23.77it/s]
Computing stats:   8% 111/1468 [00:04<00:58, 23.21it/s]
Computing stats:   8% 114/1468 [00:04<00:57, 23.46it/s]
Computing stats:   8% 117/1468 [00:05<00:56, 23.98it/s]
Computing stats:   8% 120/1468 [00:05<00:55, 24.20it/s]
Computing stats:   8% 123/1468 [00:05<00:57, 23.59it/s]
Computing stats:   9% 126/1468 [00:05<00:58, 23.03it/s]
Computing stats:   9% 129/1468 [00:05<00:56, 23.67it/s]
Computing stats:   9% 132/1468 [00:05<00:55, 24.02it/s]
Computing stats:   9% 135/1468 [00:05<00:56, 23.58it/s]
Computing stats:   9% 138/1468 [00:05<00:57, 23.15it/s]
Computing stats:  10% 141/1468 [00:06<00:56, 23.30it/s]
Computing stats:  10% 144/1468 [00:06<00:55, 23.71it/s]
Computing stats:  10% 147/1468 [00:06<00:55, 23.83it/s]
Computing stats:  10% 150/1468 [00:06<00:56, 23.30it/s]
Computing stats:  10% 153/1468 [00:06<00:57, 23.01it/s]
Computing stats:  11% 156/1468 [00:06<00:55, 23.66it/s]
Computing stats:  11% 159/1468 [00:06<00:54, 24.09it/s]
Computing stats:  11% 162/1468 [00:06<00:55, 23.51it/s]
Computing stats:  11% 165/1468 [00:07<00:56, 23.07it/s]
Computing stats:  11% 168/1468 [00:07<00:55, 23.55it/s]
Computing stats:  12% 171/1468 [00:07<00:53, 24.08it/s]
Computing stats:  12% 174/1468 [00:07<00:52, 24.45it/s]
Computing stats:  12% 177/1468 [00:07<00:53, 23.96it/s]
Computing stats:  12% 180/1468 [00:07<00:55, 23.16it/s]
Computing stats:  12% 183/1468 [00:07<00:54, 23.40it/s]
Computing stats:  13% 186/1468 [00:07<00:53, 23.97it/s]
Computing stats:  13% 189/1468 [00:08<00:52, 24.32it/s]
Computing stats:  13% 192/1468 [00:08<00:53, 23.86it/s]
Computing stats:  13% 195/1468 [00:08<00:54, 23.32it/s]
Computing stats:  13% 198/1468 [00:08<00:54, 23.49it/s]
Computing stats:  14% 201/1468 [00:08<00:52, 24.01it/s]
Computing stats:  14% 204/1468 [00:08<00:52, 24.26it/s]
Computing stats:  14% 207/1468 [00:08<00:53, 23.51it/s]
Computing stats:  14% 210/1468 [00:08<00:54, 23.02it/s]
Computing stats:  15% 213/1468 [00:09<00:53, 23.65it/s]
Computing stats:  15% 216/1468 [00:09<00:52, 24.03it/s]
Computing stats:  15% 219/1468 [00:09<00:51, 24.10it/s]
Computing stats:  15% 222/1468 [00:09<00:51, 23.98it/s]
Computing stats:  15% 225/1468 [00:09<00:52, 23.46it/s]
Computing stats:  16% 228/1468 [00:09<00:52, 23.41it/s]
Computing stats:  16% 231/1468 [00:09<00:51, 23.89it/s]
Computing stats:  16% 234/1468 [00:09<00:51, 24.12it/s]
Computing stats:  16% 237/1468 [00:10<00:52, 23.49it/s]
Computing stats:  16% 240/1468 [00:10<00:53, 23.02it/s]
Computing stats:  17% 243/1468 [00:10<00:51, 23.63it/s]
Computing stats:  17% 246/1468 [00:10<00:51, 23.84it/s]
Computing stats:  17% 249/1468 [00:10<00:50, 24.23it/s]
Computing stats:  17% 252/1468 [00:10<00:49, 24.43it/s]
Computing stats:  17% 255/1468 [00:10<00:49, 24.27it/s]
Computing stats:  18% 258/1468 [00:10<00:51, 23.64it/s]
Computing stats:  18% 261/1468 [00:11<00:51, 23.40it/s]
Computing stats:  18% 264/1468 [00:11<00:50, 23.96it/s]
Computing stats:  18% 267/1468 [00:11<00:49, 24.27it/s]
Computing stats:  18% 270/1468 [00:11<00:50, 23.69it/s]
Computing stats:  19% 273/1468 [00:11<00:51, 23.21it/s]
Computing stats:  19% 276/1468 [00:11<00:50, 23.61it/s]
Computing stats:  19% 279/1468 [00:11<00:49, 24.11it/s]
Computing stats:  19% 282/1468 [00:11<00:50, 23.63it/s]
Computing stats:  19% 285/1468 [00:12<00:51, 23.19it/s]
Computing stats:  20% 288/1468 [00:12<00:50, 23.57it/s]
Computing stats:  20% 291/1468 [00:12<00:48, 24.06it/s]
Computing stats:  20% 294/1468 [00:12<00:48, 24.41it/s]
Computing stats:  20% 297/1468 [00:12<00:49, 23.69it/s]
Computing stats:  20% 300/1468 [00:12<00:50, 23.20it/s]
Computing stats:  21% 303/1468 [00:12<00:49, 23.65it/s]
Computing stats:  21% 306/1468 [00:12<00:48, 24.12it/s]
Computing stats:  21% 309/1468 [00:13<00:48, 23.91it/s]
Computing stats:  21% 312/1468 [00:13<00:49, 23.39it/s]
Computing stats:  21% 315/1468 [00:13<00:49, 23.46it/s]
Computing stats:  22% 318/1468 [00:13<00:47, 23.99it/s]
Computing stats:  22% 321/1468 [00:13<00:47, 24.35it/s]
Computing stats:  22% 324/1468 [00:13<00:47, 23.89it/s]
Computing stats:  22% 327/1468 [00:13<00:49, 23.17it/s]
Computing stats:  22% 330/1468 [00:14<00:48, 23.46it/s]
Computing stats:  23% 333/1468 [00:14<00:47, 24.01it/s]
Computing stats:  23% 336/1468 [00:14<00:46, 24.37it/s]
Computing stats:  23% 339/1468 [00:14<00:47, 23.74it/s]
Computing stats:  23% 342/1468 [00:14<00:48, 23.25it/s]
Computing stats:  24% 345/1468 [00:14<00:47, 23.66it/s]
Computing stats:  24% 348/1468 [00:14<00:46, 24.06it/s]
Computing stats:  24% 351/1468 [00:14<00:46, 23.90it/s]
Computing stats:  24% 354/1468 [00:15<00:47, 23.34it/s]
Computing stats:  24% 357/1468 [00:15<00:47, 23.38it/s]
Computing stats:  25% 360/1468 [00:15<00:46, 23.96it/s]
Computing stats:  25% 363/1468 [00:15<00:45, 24.36it/s]
Computing stats:  25% 366/1468 [00:15<00:45, 23.96it/s]
Computing stats:  25% 369/1468 [00:15<00:46, 23.40it/s]
Computing stats:  25% 372/1468 [00:15<00:46, 23.56it/s]
Computing stats:  26% 375/1468 [00:15<00:45, 24.03it/s]
Computing stats:  26% 378/1468 [00:16<00:44, 24.38it/s]
Computing stats:  26% 381/1468 [00:16<00:43, 24.74it/s]
Computing stats:  26% 384/1468 [00:16<00:44, 24.11it/s]
Computing stats:  26% 387/1468 [00:16<00:46, 23.40it/s]
Computing stats:  27% 390/1468 [00:16<00:45, 23.68it/s]
Computing stats:  27% 393/1468 [00:16<00:44, 24.18it/s]
Computing stats:  27% 396/1468 [00:16<00:43, 24.43it/s]
Computing stats:  27% 399/1468 [00:16<00:44, 24.11it/s]
Computing stats:  27% 402/1468 [00:17<00:45, 23.49it/s]
Computing stats:  28% 405/1468 [00:17<00:45, 23.57it/s]
Computing stats:  28% 408/1468 [00:17<00:44, 24.08it/s]
Computing stats:  28% 411/1468 [00:17<00:43, 24.43it/s]
Computing stats:  28% 414/1468 [00:17<00:44, 23.70it/s]
Computing stats:  28% 417/1468 [00:17<00:45, 23.21it/s]
Computing stats:  29% 420/1468 [00:17<00:44, 23.76it/s]
Computing stats:  29% 423/1468 [00:17<00:43, 24.17it/s]
Computing stats:  29% 426/1468 [00:18<00:43, 23.98it/s]
Computing stats:  29% 429/1468 [00:18<00:44, 23.49it/s]
Computing stats:  29% 432/1468 [00:18<00:44, 23.46it/s]
Computing stats:  30% 435/1468 [00:18<00:43, 24.00it/s]
Computing stats:  30% 438/1468 [00:18<00:42, 24.35it/s]
Computing stats:  30% 441/1468 [00:18<00:42, 23.89it/s]
Computing stats:  30% 444/1468 [00:18<00:43, 23.36it/s]
Computing stats:  30% 447/1468 [00:18<00:43, 23.59it/s]
Computing stats:  31% 450/1468 [00:19<00:42, 24.03it/s]
Computing stats:  31% 453/1468 [00:19<00:41, 24.37it/s]
Computing stats:  31% 456/1468 [00:19<00:42, 24.02it/s]
Computing stats:  31% 459/1468 [00:19<00:43, 23.45it/s]
Computing stats:  31% 462/1468 [00:19<00:42, 23.62it/s]
Computing stats:  32% 465/1468 [00:19<00:41, 24.11it/s]
Computing stats:  32% 468/1468 [00:19<00:40, 24.48it/s]
Computing stats:  32% 471/1468 [00:19<00:41, 24.00it/s]
Computing stats:  32% 474/1468 [00:20<00:42, 23.36it/s]
Computing stats:  32% 477/1468 [00:20<00:42, 23.55it/s]
Computing stats:  33% 480/1468 [00:20<00:41, 24.07it/s]
Computing stats:  33% 483/1468 [00:20<00:40, 24.39it/s]
Computing stats:  33% 486/1468 [00:20<00:41, 23.87it/s]
Computing stats:  33% 489/1468 [00:20<00:41, 23.34it/s]
Computing stats:  34% 492/1468 [00:20<00:41, 23.62it/s]
Computing stats:  34% 495/1468 [00:20<00:40, 24.12it/s]
Computing stats:  34% 498/1468 [00:21<00:39, 24.34it/s]
Computing stats:  34% 501/1468 [00:21<00:40, 24.14it/s]
Computing stats:  34% 504/1468 [00:21<00:40, 23.54it/s]
Computing stats:  35% 507/1468 [00:21<00:41, 23.39it/s]
Computing stats:  35% 510/1468 [00:21<00:39, 23.97it/s]
Computing stats:  35% 513/1468 [00:21<00:39, 24.36it/s]
Computing stats:  35% 516/1468 [00:21<00:38, 24.64it/s]
Computing stats:  35% 519/1468 [00:21<00:39, 24.27it/s]
Computing stats:  36% 522/1468 [00:22<00:40, 23.53it/s]
Computing stats:  36% 525/1468 [00:22<00:40, 23.51it/s]
Computing stats:  36% 528/1468 [00:22<00:39, 23.95it/s]
Computing stats:  36% 531/1468 [00:22<00:38, 24.37it/s]
Computing stats:  36% 534/1468 [00:22<00:38, 24.10it/s]
Computing stats:  37% 537/1468 [00:22<00:39, 23.44it/s]
Computing stats:  37% 540/1468 [00:22<00:39, 23.48it/s]
Computing stats:  37% 543/1468 [00:22<00:38, 24.06it/s]
Computing stats:  37% 546/1468 [00:23<00:37, 24.41it/s]
Computing stats:  37% 549/1468 [00:23<00:37, 24.52it/s]
Computing stats:  38% 552/1468 [00:23<00:38, 23.84it/s]
Computing stats:  38% 555/1468 [00:23<00:38, 23.47it/s]
Computing stats:  38% 558/1468 [00:23<00:37, 23.97it/s]
Computing stats:  38% 561/1468 [00:23<00:37, 24.31it/s]
Computing stats:  38% 564/1468 [00:23<00:37, 24.04it/s]
Computing stats:  39% 567/1468 [00:23<00:38, 23.50it/s]
Computing stats:  39% 570/1468 [00:24<00:38, 23.51it/s]
Computing stats:  39% 573/1468 [00:24<00:37, 24.05it/s]
Computing stats:  39% 576/1468 [00:24<00:36, 24.38it/s]
Computing stats:  39% 579/1468 [00:24<00:37, 23.92it/s]
Computing stats:  40% 582/1468 [00:24<00:37, 23.44it/s]
Computing stats:  40% 585/1468 [00:24<00:37, 23.70it/s]
Computing stats:  40% 588/1468 [00:24<00:36, 24.16it/s]
Computing stats:  40% 591/1468 [00:24<00:36, 24.05it/s]
Computing stats:  40% 594/1468 [00:25<00:37, 23.46it/s]
Computing stats:  41% 597/1468 [00:25<00:37, 23.24it/s]
Computing stats:  41% 600/1468 [00:25<00:36, 23.85it/s]
Computing stats:  41% 603/1468 [00:25<00:35, 24.27it/s]
Computing stats:  41% 606/1468 [00:25<00:36, 23.65it/s]
Computing stats:  41% 609/1468 [00:25<00:37, 23.18it/s]
Computing stats:  42% 612/1468 [00:25<00:36, 23.65it/s]
Computing stats:  42% 615/1468 [00:25<00:35, 24.19it/s]
Computing stats:  42% 618/1468 [00:26<00:34, 24.48it/s]
Computing stats:  42% 621/1468 [00:26<00:34, 24.49it/s]
Computing stats:  43% 624/1468 [00:26<00:35, 23.78it/s]
Computing stats:  43% 627/1468 [00:26<00:35, 23.40it/s]
Computing stats:  43% 630/1468 [00:26<00:34, 23.97it/s]
Computing stats:  43% 633/1468 [00:26<00:34, 23.90it/s]
Computing stats:  43% 636/1468 [00:26<00:35, 23.37it/s]
Computing stats:  44% 639/1468 [00:26<00:35, 23.27it/s]
Computing stats:  44% 642/1468 [00:27<00:34, 23.85it/s]
Computing stats:  44% 645/1468 [00:27<00:34, 24.01it/s]
Computing stats:  44% 648/1468 [00:27<00:34, 23.45it/s]
Computing stats:  44% 651/1468 [00:27<00:35, 23.27it/s]
Computing stats:  45% 654/1468 [00:27<00:34, 23.84it/s]
Computing stats:  45% 657/1468 [00:27<00:33, 24.27it/s]
Computing stats:  45% 660/1468 [00:27<00:33, 24.43it/s]
Computing stats:  45% 663/1468 [00:27<00:34, 23.67it/s]
Computing stats:  45% 666/1468 [00:28<00:34, 23.15it/s]
Computing stats:  46% 669/1468 [00:28<00:33, 23.74it/s]
Computing stats:  46% 672/1468 [00:28<00:32, 24.20it/s]
Computing stats:  46% 675/1468 [00:28<00:32, 24.50it/s]
Computing stats:  46% 678/1468 [00:28<00:33, 23.84it/s]
Computing stats:  46% 681/1468 [00:28<00:33, 23.35it/s]
Computing stats:  47% 684/1468 [00:28<00:32, 23.77it/s]
Computing stats:  47% 687/1468 [00:28<00:32, 24.23it/s]
Computing stats:  47% 690/1468 [00:29<00:31, 24.47it/s]
Computing stats:  47% 693/1468 [00:29<00:32, 23.78it/s]
Computing stats:  47% 696/1468 [00:29<00:33, 23.28it/s]
Computing stats:  48% 699/1468 [00:29<00:32, 23.87it/s]
Computing stats:  48% 702/1468 [00:29<00:31, 24.26it/s]
Computing stats:  48% 705/1468 [00:29<00:31, 24.57it/s]
Computing stats:  48% 708/1468 [00:29<00:31, 24.13it/s]
Computing stats:  48% 711/1468 [00:29<00:32, 23.49it/s]
Computing stats:  49% 714/1468 [00:30<00:31, 23.61it/s]
Computing stats:  49% 717/1468 [00:30<00:31, 24.09it/s]
Computing stats:  49% 720/1468 [00:30<00:30, 24.30it/s]
Computing stats:  49% 723/1468 [00:30<00:30, 24.29it/s]
Computing stats:  49% 726/1468 [00:30<00:31, 23.59it/s]
Computing stats:  50% 729/1468 [00:30<00:31, 23.16it/s]
Computing stats:  50% 732/1468 [00:30<00:31, 23.61it/s]
Computing stats:  50% 735/1468 [00:30<00:30, 23.88it/s]
Computing stats:  50% 738/1468 [00:31<00:30, 23.68it/s]
Computing stats:  50% 741/1468 [00:31<00:31, 23.12it/s]
Computing stats:  51% 744/1468 [00:31<00:31, 22.78it/s]
Computing stats:  51% 747/1468 [00:31<00:30, 23.55it/s]
Computing stats:  51% 750/1468 [00:31<00:30, 23.91it/s]
Computing stats:  51% 753/1468 [00:31<00:30, 23.45it/s]
Computing stats:  51% 756/1468 [00:31<00:30, 22.99it/s]
Computing stats:  52% 759/1468 [00:32<00:30, 23.49it/s]
Computing stats:  52% 762/1468 [00:32<00:29, 24.11it/s]
Computing stats:  52% 765/1468 [00:32<00:28, 24.42it/s]
Computing stats:  52% 768/1468 [00:32<00:28, 24.43it/s]
Computing stats:  53% 771/1468 [00:32<00:29, 23.66it/s]
Computing stats:  53% 774/1468 [00:32<00:29, 23.32it/s]
Computing stats:  53% 777/1468 [00:32<00:28, 23.85it/s]
Computing stats:  53% 780/1468 [00:32<00:28, 24.21it/s]
Computing stats:  53% 783/1468 [00:32<00:28, 24.30it/s]
Computing stats:  54% 786/1468 [00:33<00:27, 24.51it/s]
Computing stats:  54% 789/1468 [00:33<00:28, 24.05it/s]
Computing stats:  54% 792/1468 [00:33<00:28, 23.43it/s]
Computing stats:  54% 795/1468 [00:33<00:28, 23.63it/s]
Computing stats:  54% 798/1468 [00:33<00:28, 23.89it/s]
Computing stats:  55% 801/1468 [00:33<00:27, 24.15it/s]
Computing stats:  55% 804/1468 [00:33<00:27, 24.49it/s]
Computing stats:  55% 807/1468 [00:34<00:27, 23.67it/s]
Computing stats:  55% 810/1468 [00:34<00:28, 23.17it/s]
Computing stats:  55% 813/1468 [00:34<00:27, 23.69it/s]
Computing stats:  56% 816/1468 [00:34<00:26, 24.23it/s]
Computing stats:  56% 819/1468 [00:34<00:26, 24.17it/s]
Computing stats:  56% 822/1468 [00:34<00:27, 23.53it/s]
Computing stats:  56% 825/1468 [00:34<00:27, 23.28it/s]
Computing stats:  56% 828/1468 [00:34<00:26, 23.84it/s]
Computing stats:  57% 831/1468 [00:35<00:26, 24.37it/s]
Computing stats:  57% 834/1468 [00:35<00:26, 23.87it/s]
Computing stats:  57% 837/1468 [00:35<00:27, 23.32it/s]
Computing stats:  57% 840/1468 [00:35<00:26, 23.61it/s]
Computing stats:  57% 843/1468 [00:35<00:25, 24.18it/s]
Computing stats:  58% 846/1468 [00:35<00:25, 24.19it/s]
Computing stats:  58% 849/1468 [00:35<00:26, 23.57it/s]
Computing stats:  58% 852/1468 [00:35<00:26, 23.36it/s]
Computing stats:  58% 855/1468 [00:36<00:25, 24.01it/s]
Computing stats:  58% 858/1468 [00:36<00:25, 24.35it/s]
Computing stats:  59% 861/1468 [00:36<00:25, 23.66it/s]
Computing stats:  59% 864/1468 [00:36<00:26, 23.18it/s]
Computing stats:  59% 867/1468 [00:36<00:25, 23.82it/s]
Computing stats:  59% 870/1468 [00:36<00:24, 24.33it/s]
Computing stats:  59% 873/1468 [00:36<00:24, 24.59it/s]
Computing stats:  60% 876/1468 [00:36<00:24, 23.96it/s]
Computing stats:  60% 879/1468 [00:37<00:25, 23.38it/s]
Computing stats:  60% 882/1468 [00:37<00:24, 23.73it/s]
Computing stats:  60% 885/1468 [00:37<00:24, 24.26it/s]
Computing stats:  60% 888/1468 [00:37<00:23, 24.53it/s]
Computing stats:  61% 891/1468 [00:37<00:24, 23.53it/s]
Computing stats:  61% 894/1468 [00:37<00:25, 22.90it/s]
Computing stats:  61% 897/1468 [00:37<00:24, 23.61it/s]
Computing stats:  61% 900/1468 [00:37<00:23, 24.18it/s]
Computing stats:  62% 903/1468 [00:38<00:23, 24.54it/s]
Computing stats:  62% 906/1468 [00:38<00:23, 23.85it/s]
Computing stats:  62% 909/1468 [00:38<00:24, 22.98it/s]
Computing stats:  62% 912/1468 [00:38<00:23, 23.39it/s]
Computing stats:  62% 915/1468 [00:38<00:23, 24.04it/s]
Computing stats:  63% 918/1468 [00:38<00:23, 23.87it/s]
Computing stats:  63% 921/1468 [00:38<00:23, 23.33it/s]
Computing stats:  63% 924/1468 [00:38<00:23, 23.23it/s]
Computing stats:  63% 927/1468 [00:39<00:23, 23.39it/s]
Computing stats:  63% 930/1468 [00:39<00:22, 23.89it/s]
Computing stats:  64% 933/1468 [00:39<00:22, 24.20it/s]
Computing stats:  64% 936/1468 [00:39<00:22, 23.52it/s]
Computing stats:  64% 939/1468 [00:39<00:23, 22.98it/s]
Computing stats:  64% 942/1468 [00:39<00:22, 23.38it/s]
Computing stats:  64% 945/1468 [00:39<00:21, 23.95it/s]
Computing stats:  65% 948/1468 [00:39<00:22, 23.41it/s]
Computing stats:  65% 951/1468 [00:40<00:22, 22.92it/s]
Computing stats:  65% 954/1468 [00:40<00:22, 23.30it/s]
Computing stats:  65% 957/1468 [00:40<00:21, 23.81it/s]
Computing stats:  65% 960/1468 [00:40<00:20, 24.22it/s]
Computing stats:  66% 963/1468 [00:40<00:20, 24.31it/s]
Computing stats:  66% 966/1468 [00:40<00:20, 23.98it/s]
Computing stats:  66% 969/1468 [00:40<00:21, 23.27it/s]
Computing stats:  66% 972/1468 [00:40<00:21, 23.19it/s]
Computing stats:  66% 975/1468 [00:41<00:20, 23.70it/s]
Computing stats:  67% 978/1468 [00:41<00:20, 24.10it/s]
Computing stats:  67% 981/1468 [00:41<00:20, 23.55it/s]
Computing stats:  67% 984/1468 [00:41<00:21, 23.04it/s]
Computing stats:  67% 987/1468 [00:41<00:20, 23.35it/s]
Computing stats:  67% 990/1468 [00:41<00:19, 23.93it/s]
Computing stats:  68% 993/1468 [00:41<00:19, 24.21it/s]
Computing stats:  68% 996/1468 [00:41<00:19, 24.41it/s]
Computing stats:  68% 999/1468 [00:42<00:19, 24.54it/s]
Computing stats:  68% 1002/1468 [00:42<00:19, 23.63it/s]
Computing stats:  68% 1005/1468 [00:42<00:20, 22.84it/s]
Computing stats:  69% 1008/1468 [00:42<00:19, 23.46it/s]
Computing stats:  69% 1011/1468 [00:42<00:19, 24.00it/s]
Computing stats:  69% 1014/1468 [00:42<00:19, 23.40it/s]
Computing stats:  69% 1017/1468 [00:42<00:19, 22.92it/s]
Computing stats:  69% 1020/1468 [00:42<00:19, 23.36it/s]
Computing stats:  70% 1023/1468 [00:43<00:18, 23.86it/s]
Computing stats:  70% 1026/1468 [00:43<00:18, 23.53it/s]
Computing stats:  70% 1029/1468 [00:43<00:19, 23.00it/s]
Computing stats:  70% 1032/1468 [00:43<00:19, 22.93it/s]
Computing stats:  71% 1035/1468 [00:43<00:18, 23.35it/s]
Computing stats:  71% 1038/1468 [00:43<00:17, 23.97it/s]
Computing stats:  71% 1041/1468 [00:43<00:17, 23.81it/s]
Computing stats:  71% 1044/1468 [00:44<00:18, 23.16it/s]
Computing stats:  71% 1047/1468 [00:44<00:18, 23.14it/s]
Computing stats:  72% 1050/1468 [00:44<00:17, 23.74it/s]
Computing stats:  72% 1053/1468 [00:44<00:17, 24.18it/s]
Computing stats:  72% 1056/1468 [00:44<00:17, 24.13it/s]
Computing stats:  72% 1059/1468 [00:44<00:17, 23.13it/s]
Computing stats:  72% 1062/1468 [00:44<00:17, 22.73it/s]
Computing stats:  73% 1065/1468 [00:44<00:17, 23.47it/s]
Computing stats:  73% 1068/1468 [00:45<00:16, 23.95it/s]
Computing stats:  73% 1071/1468 [00:45<00:17, 23.33it/s]
Computing stats:  73% 1074/1468 [00:45<00:17, 22.91it/s]
Computing stats:  73% 1077/1468 [00:45<00:16, 23.60it/s]
Computing stats:  74% 1080/1468 [00:45<00:16, 24.13it/s]
Computing stats:  74% 1083/1468 [00:45<00:16, 23.88it/s]
Computing stats:  74% 1086/1468 [00:45<00:16, 23.28it/s]
Computing stats:  74% 1089/1468 [00:45<00:16, 23.33it/s]
Computing stats:  74% 1092/1468 [00:46<00:15, 23.92it/s]
Computing stats:  75% 1095/1468 [00:46<00:15, 24.36it/s]
Computing stats:  75% 1098/1468 [00:46<00:15, 23.58it/s]
Computing stats:  75% 1101/1468 [00:46<00:15, 22.95it/s]
Computing stats:  75% 1104/1468 [00:46<00:15, 23.48it/s]
Computing stats:  75% 1107/1468 [00:46<00:15, 24.00it/s]
Computing stats:  76% 1110/1468 [00:46<00:14, 24.37it/s]
Computing stats:  76% 1113/1468 [00:46<00:14, 24.38it/s]
Computing stats:  76% 1116/1468 [00:47<00:14, 23.62it/s]
Computing stats:  76% 1119/1468 [00:47<00:15, 23.19it/s]
Computing stats:  76% 1122/1468 [00:47<00:14, 23.79it/s]
Computing stats:  77% 1125/1468 [00:47<00:14, 24.31it/s]
Computing stats:  77% 1128/1468 [00:47<00:14, 23.90it/s]
Computing stats:  77% 1131/1468 [00:47<00:14, 23.29it/s]
Computing stats:  77% 1134/1468 [00:47<00:14, 23.47it/s]
Computing stats:  77% 1137/1468 [00:47<00:13, 24.05it/s]
Computing stats:  78% 1140/1468 [00:48<00:13, 24.46it/s]
Computing stats:  78% 1143/1468 [00:48<00:13, 23.75it/s]
Computing stats:  78% 1146/1468 [00:48<00:13, 23.18it/s]
Computing stats:  78% 1149/1468 [00:48<00:13, 23.62it/s]
Computing stats:  78% 1152/1468 [00:48<00:13, 24.14it/s]
Computing stats:  79% 1155/1468 [00:48<00:12, 24.46it/s]
Computing stats:  79% 1158/1468 [00:48<00:12, 23.86it/s]
Computing stats:  79% 1161/1468 [00:48<00:13, 23.26it/s]
Computing stats:  79% 1164/1468 [00:49<00:12, 23.51it/s]
Computing stats:  79% 1167/1468 [00:49<00:12, 24.07it/s]
Computing stats:  80% 1170/1468 [00:49<00:12, 24.45it/s]
Computing stats:  80% 1173/1468 [00:49<00:11, 24.66it/s]
Computing stats:  80% 1176/1468 [00:49<00:11, 24.79it/s]
Computing stats:  80% 1179/1468 [00:49<00:11, 24.26it/s]
Computing stats:  81% 1182/1468 [00:49<00:12, 23.46it/s]
Computing stats:  81% 1185/1468 [00:49<00:12, 23.48it/s]
Computing stats:  81% 1188/1468 [00:50<00:11, 24.03it/s]
Computing stats:  81% 1191/1468 [00:50<00:11, 23.75it/s]
Computing stats:  81% 1194/1468 [00:50<00:11, 23.18it/s]
Computing stats:  82% 1197/1468 [00:50<00:11, 23.37it/s]
Computing stats:  82% 1200/1468 [00:50<00:11, 23.96it/s]
Computing stats:  82% 1203/1468 [00:50<00:10, 24.28it/s]
Computing stats:  82% 1206/1468 [00:50<00:11, 23.69it/s]
Computing stats:  82% 1209/1468 [00:50<00:11, 23.12it/s]
Computing stats:  83% 1212/1468 [00:51<00:10, 23.53it/s]
Computing stats:  83% 1215/1468 [00:51<00:10, 24.09it/s]
Computing stats:  83% 1218/1468 [00:51<00:10, 23.50it/s]
Computing stats:  83% 1221/1468 [00:51<00:10, 23.01it/s]
Computing stats:  83% 1224/1468 [00:51<00:10, 23.54it/s]
Computing stats:  84% 1227/1468 [00:51<00:09, 24.12it/s]
Computing stats:  84% 1230/1468 [00:51<00:09, 24.06it/s]
Computing stats:  84% 1233/1468 [00:51<00:10, 23.36it/s]
Computing stats:  84% 1236/1468 [00:52<00:09, 23.25it/s]
Computing stats:  84% 1239/1468 [00:52<00:09, 23.78it/s]
Computing stats:  85% 1242/1468 [00:52<00:09, 24.28it/s]
Computing stats:  85% 1245/1468 [00:52<00:09, 24.16it/s]
Computing stats:  85% 1248/1468 [00:52<00:09, 23.45it/s]
Computing stats:  85% 1251/1468 [00:52<00:09, 23.31it/s]
Computing stats:  85% 1254/1468 [00:52<00:08, 23.93it/s]
Computing stats:  86% 1257/1468 [00:52<00:08, 24.27it/s]
Computing stats:  86% 1260/1468 [00:53<00:08, 23.64it/s]
Computing stats:  86% 1263/1468 [00:53<00:08, 23.13it/s]
Computing stats:  86% 1266/1468 [00:53<00:08, 23.50it/s]
Computing stats:  86% 1269/1468 [00:53<00:08, 24.09it/s]
Computing stats:  87% 1272/1468 [00:53<00:08, 24.46it/s]
Computing stats:  87% 1275/1468 [00:53<00:08, 23.89it/s]
Computing stats:  87% 1278/1468 [00:53<00:08, 23.28it/s]
Computing stats:  87% 1281/1468 [00:53<00:07, 23.57it/s]
Computing stats:  87% 1284/1468 [00:54<00:07, 24.10it/s]
Computing stats:  88% 1287/1468 [00:54<00:07, 24.14it/s]
Computing stats:  88% 1290/1468 [00:54<00:07, 23.45it/s]
Computing stats:  88% 1293/1468 [00:54<00:07, 23.16it/s]
Computing stats:  88% 1296/1468 [00:54<00:07, 23.80it/s]
Computing stats:  88% 1299/1468 [00:54<00:06, 24.29it/s]
Computing stats:  89% 1302/1468 [00:54<00:07, 23.67it/s]
Computing stats:  89% 1305/1468 [00:55<00:07, 23.15it/s]
Computing stats:  89% 1308/1468 [00:55<00:06, 23.62it/s]
Computing stats:  89% 1311/1468 [00:55<00:06, 24.16it/s]
Computing stats:  90% 1314/1468 [00:55<00:06, 24.47it/s]
Computing stats:  90% 1317/1468 [00:55<00:06, 23.80it/s]
Computing stats:  90% 1320/1468 [00:55<00:06, 23.22it/s]
Computing stats:  90% 1323/1468 [00:55<00:06, 23.58it/s]
Computing stats:  90% 1326/1468 [00:55<00:05, 24.16it/s]
Computing stats:  91% 1329/1468 [00:56<00:05, 24.10it/s]
Computing stats:  91% 1332/1468 [00:56<00:05, 23.37it/s]
Computing stats:  91% 1335/1468 [00:56<00:05, 22.98it/s]
Computing stats:  91% 1338/1468 [00:56<00:05, 23.64it/s]
Computing stats:  91% 1341/1468 [00:56<00:05, 24.06it/s]
Computing stats:  92% 1344/1468 [00:56<00:05, 24.19it/s]
Computing stats:  92% 1347/1468 [00:56<00:05, 23.46it/s]
Computing stats:  92% 1350/1468 [00:56<00:05, 23.01it/s]
Computing stats:  92% 1353/1468 [00:57<00:04, 23.62it/s]
Computing stats:  92% 1356/1468 [00:57<00:04, 23.89it/s]
Computing stats:  93% 1359/1468 [00:57<00:04, 23.26it/s]
Computing stats:  93% 1362/1468 [00:57<00:04, 22.95it/s]
Computing stats:  93% 1365/1468 [00:57<00:04, 23.62it/s]
Computing stats:  93% 1368/1468 [00:57<00:04, 23.96it/s]
Computing stats:  93% 1371/1468 [00:57<00:04, 23.31it/s]
Computing stats:  94% 1374/1468 [00:57<00:04, 22.94it/s]
Computing stats:  94% 1377/1468 [00:58<00:03, 23.64it/s]
Computing stats:  94% 1380/1468 [00:58<00:03, 24.19it/s]
Computing stats:  94% 1383/1468 [00:58<00:03, 24.22it/s]
Computing stats:  94% 1386/1468 [00:58<00:03, 23.49it/s]
Computing stats:  95% 1389/1468 [00:58<00:03, 23.17it/s]
Computing stats:  95% 1392/1468 [00:58<00:03, 23.69it/s]
Computing stats:  95% 1395/1468 [00:58<00:03, 24.15it/s]
Computing stats:  95% 1398/1468 [00:58<00:02, 23.90it/s]
Computing stats:  95% 1401/1468 [00:59<00:02, 23.24it/s]
Computing stats:  96% 1404/1468 [00:59<00:02, 23.34it/s]
Computing stats:  96% 1407/1468 [00:59<00:02, 23.95it/s]
Computing stats:  96% 1410/1468 [00:59<00:02, 24.34it/s]
Computing stats:  96% 1413/1468 [00:59<00:02, 24.48it/s]
Computing stats:  96% 1416/1468 [00:59<00:02, 23.66it/s]
Computing stats:  97% 1419/1468 [00:59<00:02, 23.04it/s]
Computing stats:  97% 1422/1468 [00:59<00:01, 23.66it/s]
Computing stats:  97% 1425/1468 [01:00<00:01, 24.22it/s]
Computing stats:  97% 1428/1468 [01:00<00:01, 24.05it/s]
Computing stats:  97% 1431/1468 [01:00<00:01, 23.43it/s]
Computing stats:  98% 1434/1468 [01:00<00:01, 23.34it/s]
Computing stats:  98% 1437/1468 [01:00<00:01, 23.92it/s]
Computing stats:  98% 1440/1468 [01:00<00:01, 24.43it/s]
Computing stats:  98% 1443/1468 [01:00<00:01, 24.70it/s]
Computing stats:  99% 1446/1468 [01:00<00:00, 24.89it/s]
Computing stats:  99% 1449/1468 [01:01<00:00, 24.52it/s]
Computing stats:  99% 1452/1468 [01:01<00:00, 23.66it/s]
Computing stats:  99% 1455/1468 [01:01<00:00, 23.47it/s]
Computing stats:  99% 1458/1468 [01:01<00:00, 24.00it/s]
Computing stats: 100% 1461/1468 [01:01<00:00, 24.43it/s]
Computing stats: 100% 1464/1468 [01:01<00:00, 23.90it/s]
Computing stats: 100% 1467/1468 [01:01<00:00, 23.19it/s]
Computing stats: 100% 1468/1468 [01:01<00:00, 23.72it/s]
Writing stats to: /workspace/multitask-sft/B/assets/pi0_libero_seen_lora32/local/multitask_B
NORMALIZATION_BOUND B e5cbe62ae014e047c178279a53ce840efa40e1754c492dd1f492415feada29c3

Map:   0% 0/102 [00:00<?, ? examples/s]
Map: 100% 102/102 [00:00<00:00, 1104.21 examples/s]

Creating parquet from Arrow format:   0% 0/2 [00:00<?, ?ba/s]
Creating parquet from Arrow format: 100% 2/2 [00:00<00:00, 389.57ba/s]

Map:   0% 0/122 [00:00<?, ? examples/s]
Map: 100% 122/122 [00:00<00:00, 1156.35 examples/s]
Map: 100% 122/122 [00:00<00:00, 1131.63 examples/s]

Creating parquet from Arrow format:   0% 0/2 [00:00<?, ?ba/s]
Creating parquet from Arrow format: 100% 2/2 [00:00<00:00, 358.99ba/s]

Map:   0% 0/121 [00:00<?, ? examples/s]
Map: 100% 121/121 [00:00<00:00, 1156.02 examples/s]
Map: 100% 121/121 [00:00<00:00, 1131.41 examples/s]

Creating parquet from Arrow format:   0% 0/2 [00:00<?, ?ba/s]
Creating parquet from Arrow format: 100% 2/2 [00:00<00:00, 355.42ba/s]

Map:   0% 0/101 [00:00<?, ? examples/s]
Map: 100% 101/101 [00:00<00:00, 1137.63 examples/s]

Creating parquet from Arrow format:   0% 0/2 [00:00<?, ?ba/s]
Creating parquet from Arrow format: 100% 2/2 [00:00<00:00, 407.89ba/s]

Map:   0% 0/110 [00:00<?, ? examples/s]
Map: 100% 110/110 [00:00<00:00, 1125.44 examples/s]

Creating parquet from Arrow format:   0% 0/2 [00:00<?, ?ba/s]
Creating parquet from Arrow format: 100% 2/2 [00:00<00:00, 373.92ba/s]

Map:   0% 0/110 [00:00<?, ? examples/s]
Map: 100% 110/110 [00:00<00:00, 1124.59 examples/s]

Creating parquet from Arrow format:   0% 0/2 [00:00<?, ?ba/s]
Creating parquet from Arrow format: 100% 2/2 [00:00<00:00, 391.37ba/s]

Map:   0% 0/108 [00:00<?, ? examples/s]
Map: 100% 108/108 [00:00<00:00, 1116.59 examples/s]

Creating parquet from Arrow format:   0% 0/2 [00:00<?, ?ba/s]
Creating parquet from Arrow format: 100% 2/2 [00:00<00:00, 387.32ba/s]

Map:   0% 0/122 [00:00<?, ? examples/s]
Map: 100% 122/122 [00:00<00:00, 1207.98 examples/s]
Map: 100% 122/122 [00:00<00:00, 1117.12 examples/s]

Creating parquet from Arrow format:   0% 0/2 [00:00<?, ?ba/s]
Creating parquet from Arrow format: 100% 2/2 [00:00<00:00, 351.49ba/s]

Map:   0% 0/110 [00:00<?, ? examples/s]
Map: 100% 110/110 [00:00<00:00, 1128.12 examples/s]

Creating parquet from Arrow format:   0% 0/2 [00:00<?, ?ba/s]
Creating parquet from Arrow format: 100% 2/2 [00:00<00:00, 399.00ba/s]

Map:   0% 0/109 [00:00<?, ? examples/s]
Map: 100% 109/109 [00:00<00:00, 1116.11 examples/s]

Creating parquet from Arrow format:   0% 0/2 [00:00<?, ?ba/s]
Creating parquet from Arrow format: 100% 2/2 [00:00<00:00, 390.57ba/s]

Map:   0% 0/108 [00:00<?, ? examples/s]
Map: 100% 108/108 [00:00<00:00, 1109.61 examples/s]

Creating parquet from Arrow format:   0% 0/2 [00:00<?, ?ba/s]
Creating parquet from Arrow format: 100% 2/2 [00:00<00:00, 383.15ba/s]

Map:   0% 0/100 [00:00<?, ? examples/s]
Map: 100% 100/100 [00:00<00:00, 1060.95 examples/s]

Creating parquet from Arrow format:   0% 0/1 [00:00<?, ?ba/s]
Creating parquet from Arrow format: 100% 1/1 [00:00<00:00, 228.16ba/s]

Map:   0% 0/123 [00:00<?, ? examples/s]
Map: 100% 123/123 [00:00<00:00, 1151.73 examples/s]
Map: 100% 123/123 [00:00<00:00, 1126.66 examples/s]

Creating parquet from Arrow format:   0% 0/2 [00:00<?, ?ba/s]
Creating parquet from Arrow format: 100% 2/2 [00:00<00:00, 354.10ba/s]

Map:   0% 0/121 [00:00<?, ? examples/s]
Map: 100% 121/121 [00:00<00:00, 1150.03 examples/s]
Map: 100% 121/121 [00:00<00:00, 1124.41 examples/s]

Creating parquet from Arrow format:   0% 0/2 [00:00<?, ?ba/s]
Creating parquet from Arrow format: 100% 2/2 [00:00<00:00, 348.08ba/s]

Map:   0% 0/113 [00:00<?, ? examples/s]
Map: 100% 113/113 [00:00<00:00, 1080.30 examples/s]
Map: 100% 113/113 [00:00<00:00, 1056.50 examples/s]

Creating parquet from Arrow format:   0% 0/2 [00:00<?, ?ba/s]
Creating parquet from Arrow format: 100% 2/2 [00:00<00:00, 310.32ba/s]

Map:   0% 0/135 [00:00<?, ? examples/s]
Map:  91% 123/135 [00:00<00:00, 1208.10 examples/s]
Map: 100% 135/135 [00:00<00:00, 1108.73 examples/s]

Creating parquet from Arrow format:   0% 0/2 [00:00<?, ?ba/s]
Creating parquet from Arrow format: 100% 2/2 [00:00<00:00, 338.55ba/s]

Map:   0% 0/104 [00:00<?, ? examples/s]
Map: 100% 104/104 [00:00<00:00, 1102.67 examples/s]

Creating parquet from Arrow format:   0% 0/2 [00:00<?, ?ba/s]
Creating parquet from Arrow format: 100% 2/2 [00:00<00:00, 390.51ba/s]

Map:   0% 0/163 [00:00<?, ? examples/s]
Map:  76% 124/163 [00:00<00:00, 1216.68 examples/s]
Map: 100% 163/163 [00:00<00:00, 1112.63 examples/s]

Creating parquet from Arrow format:   0% 0/2 [00:00<?, ?ba/s]
Creating parquet from Arrow format: 100% 2/2 [00:00<00:00, 286.73ba/s]

Map:   0% 0/106 [00:00<?, ? examples/s]
Map: 100% 106/106 [00:00<00:00, 1122.70 examples/s]

Creating parquet from Arrow format:   0% 0/2 [00:00<?, ?ba/s]
Creating parquet from Arrow format: 100% 2/2 [00:00<00:00, 416.27ba/s]

Map:   0% 0/97 [00:00<?, ? examples/s]
Map: 100% 97/97 [00:00<00:00, 1137.60 examples/s]

Creating parquet from Arrow format:   0% 0/1 [00:00<?, ?ba/s]
Creating parquet from Arrow format: 100% 1/1 [00:00<00:00, 227.75ba/s]

Map:   0% 0/116 [00:00<?, ? examples/s]
Map: 100% 116/116 [00:00<00:00, 1145.92 examples/s]
Map: 100% 116/116 [00:00<00:00, 1123.58 examples/s]

Creating parquet from Arrow format:   0% 0/2 [00:00<?, ?ba/s]
Creating parquet from Arrow format: 100% 2/2 [00:00<00:00, 348.29ba/s]

Map:   0% 0/107 [00:00<?, ? examples/s]
Map: 100% 107/107 [00:00<00:00, 1148.90 examples/s]

Creating parquet from Arrow format:   0% 0/2 [00:00<?, ?ba/s]
Creating parquet from Arrow format: 100% 2/2 [00:00<00:00, 412.32ba/s]

Map:   0% 0/116 [00:00<?, ? examples/s]
Map: 100% 116/116 [00:00<00:00, 1143.19 examples/s]

Creating parquet from Arrow format:   0% 0/2 [00:00<?, ?ba/s]
Creating parquet from Arrow format: 100% 2/2 [00:00<00:00, 350.23ba/s]

Map:   0% 0/116 [00:00<?, ? examples/s]
Map: 100% 116/116 [00:00<00:00, 1143.64 examples/s]

Creating parquet from Arrow format:   0% 0/2 [00:00<?, ?ba/s]
Creating parquet from Arrow format: 100% 2/2 [00:00<00:00, 372.28ba/s]

Map:   0% 0/105 [00:00<?, ? examples/s]
Map: 100% 105/105 [00:00<00:00, 1127.24 examples/s]

Creating parquet from Arrow format:   0% 0/2 [00:00<?, ?ba/s]
Creating parquet from Arrow format: 100% 2/2 [00:00<00:00, 373.03ba/s]

Map:   0% 0/116 [00:00<?, ? examples/s]
Map: 100% 116/116 [00:00<00:00, 1086.50 examples/s]
Map: 100% 116/116 [00:00<00:00, 1064.47 examples/s]

Creating parquet from Arrow format:   0% 0/2 [00:00<?, ?ba/s]
Creating parquet from Arrow format: 100% 2/2 [00:00<00:00, 291.66ba/s]

Map:   0% 0/142 [00:00<?, ? examples/s]
Map:  85% 121/142 [00:00<00:00, 1199.90 examples/s]
Map: 100% 142/142 [00:00<00:00, 1113.12 examples/s]

Creating parquet from Arrow format:   0% 0/2 [00:00<?, ?ba/s]
Creating parquet from Arrow format: 100% 2/2 [00:00<00:00, 316.52ba/s]

Map:   0% 0/124 [00:00<?, ? examples/s]
Map:  99% 123/124 [00:00<00:00, 1217.57 examples/s]
Map: 100% 124/124 [00:00<00:00, 1112.52 examples/s]

Creating parquet from Arrow format:   0% 0/2 [00:00<?, ?ba/s]
Creating parquet from Arrow format: 100% 2/2 [00:00<00:00, 350.43ba/s]

Map:   0% 0/110 [00:00<?, ? examples/s]
Map: 100% 110/110 [00:00<00:00, 1129.76 examples/s]

Creating parquet from Arrow format:   0% 0/2 [00:00<?, ?ba/s]
Creating parquet from Arrow format: 100% 2/2 [00:00<00:00, 389.79ba/s]

Map:   0% 0/109 [00:00<?, ? examples/s]
Map: 100% 109/109 [00:00<00:00, 1121.92 examples/s]

Creating parquet from Arrow format:   0% 0/2 [00:00<?, ?ba/s]
Creating parquet from Arrow format: 100% 2/2 [00:00<00:00, 382.40ba/s]

Map:   0% 0/114 [00:00<?, ? examples/s]
Map: 100% 114/114 [00:00<00:00, 1121.78 examples/s]

Creating parquet from Arrow format:   0% 0/2 [00:00<?, ?ba/s]
Creating parquet from Arrow format: 100% 2/2 [00:00<00:00, 376.54ba/s]

Map:   0% 0/121 [00:00<?, ? examples/s]
Map: 100% 121/121 [00:00<00:00, 1147.20 examples/s]
Map: 100% 121/121 [00:00<00:00, 1123.27 examples/s]

Creating parquet from Arrow format:   0% 0/2 [00:00<?, ?ba/s]
Creating parquet from Arrow format: 100% 2/2 [00:00<00:00, 365.60ba/s]

Map:   0% 0/118 [00:00<?, ? examples/s]
Map: 100% 118/118 [00:00<00:00, 1139.61 examples/s]
Map: 100% 118/118 [00:00<00:00, 1115.60 examples/s]

Creating parquet from Arrow format:   0% 0/2 [00:00<?, ?ba/s]
Creating parquet from Arrow format: 100% 2/2 [00:00<00:00, 375.41ba/s]

Map:   0% 0/120 [00:00<?, ? examples/s]
Map: 100% 120/120 [00:00<00:00, 1120.30 examples/s]
Map: 100% 120/120 [00:00<00:00, 1097.08 examples/s]

Creating parquet from Arrow format:   0% 0/2 [00:00<?, ?ba/s]
Creating parquet from Arrow format: 100% 2/2 [00:00<00:00, 363.93ba/s]

Map:   0% 0/130 [00:00<?, ? examples/s]
Map:  93% 121/130 [00:00<00:00, 1196.34 examples/s]
Map: 100% 130/130 [00:00<00:00, 1111.44 examples/s]

Creating parquet from Arrow format:   0% 0/2 [00:00<?, ?ba/s]
Creating parquet from Arrow format: 100% 2/2 [00:00<00:00, 351.05ba/s]

Map:   0% 0/139 [00:00<?, ? examples/s]
Map:  87% 121/139 [00:00<00:00, 1191.25 examples/s]
Map: 100% 139/139 [00:00<00:00, 1105.08 examples/s]

Creating parquet from Arrow format:   0% 0/2 [00:00<?, ?ba/s]
Creating parquet from Arrow format: 100% 2/2 [00:00<00:00, 319.74ba/s]

Map:   0% 0/120 [00:00<?, ? examples/s]
Map: 100% 120/120 [00:00<00:00, 1154.59 examples/s]
Map: 100% 120/120 [00:00<00:00, 1130.39 examples/s]

Creating parquet from Arrow format:   0% 0/2 [00:00<?, ?ba/s]
Creating parquet from Arrow format: 100% 2/2 [00:00<00:00, 369.27ba/s]

Map:   0% 0/128 [00:00<?, ? examples/s]
Map:  96% 123/128 [00:00<00:00, 1216.01 examples/s]
Map: 100% 128/128 [00:00<00:00, 1130.74 examples/s]

Creating parquet from Arrow format:   0% 0/2 [00:00<?, ?ba/s]
Creating parquet from Arrow format: 100% 2/2 [00:00<00:00, 353.92ba/s]

Map:   0% 0/113 [00:00<?, ? examples/s]
Map: 100% 113/113 [00:00<00:00, 1105.74 examples/s]
Map: 100% 113/113 [00:00<00:00, 1082.26 examples/s]

Creating parquet from Arrow format:   0% 0/2 [00:00<?, ?ba/s]
Creating parquet from Arrow format: 100% 2/2 [00:00<00:00, 400.30ba/s]

Map:   0% 0/114 [00:00<?, ? examples/s]
Map: 100% 114/114 [00:00<00:00, 1134.16 examples/s]

Creating parquet from Arrow format:   0% 0/2 [00:00<?, ?ba/s]
Creating parquet from Arrow format: 100% 2/2 [00:00<00:00, 396.01ba/s]

Map:   0% 0/107 [00:00<?, ? examples/s]
Map: 100% 107/107 [00:00<00:00, 1139.08 examples/s]

Creating parquet from Arrow format:   0% 0/2 [00:00<?, ?ba/s]
Creating parquet from Arrow format: 100% 2/2 [00:00<00:00, 411.75ba/s]

Map:   0% 0/105 [00:00<?, ? examples/s]
Map: 100% 105/105 [00:00<00:00, 1134.23 examples/s]

Creating parquet from Arrow format:   0% 0/2 [00:00<?, ?ba/s]
Creating parquet from Arrow format: 100% 2/2 [00:00<00:00, 427.29ba/s]

Map:   0% 0/137 [00:00<?, ? examples/s]
Map:  88% 121/137 [00:00<00:00, 1196.62 examples/s]
Map: 100% 137/137 [00:00<00:00, 1081.46 examples/s]

Creating parquet from Arrow format:   0% 0/2 [00:00<?, ?ba/s]
Creating parquet from Arrow format: 100% 2/2 [00:00<00:00, 268.82ba/s]

Map:   0% 0/92 [00:00<?, ? examples/s]
Map: 100% 92/92 [00:00<00:00, 1119.10 examples/s]

Creating parquet from Arrow format:   0% 0/1 [00:00<?, ?ba/s]
Creating parquet from Arrow format: 100% 1/1 [00:00<00:00, 266.00ba/s]

Map:   0% 0/99 [00:00<?, ? examples/s]
Map: 100% 99/99 [00:00<00:00, 1124.83 examples/s]

Creating parquet from Arrow format:   0% 0/1 [00:00<?, ?ba/s]
Creating parquet from Arrow format: 100% 1/1 [00:00<00:00, 199.19ba/s]

Map:   0% 0/125 [00:00<?, ? examples/s]
Map:  98% 123/125 [00:00<00:00, 1207.12 examples/s]
Map: 100% 125/125 [00:00<00:00, 1104.34 examples/s]

Creating parquet from Arrow format:   0% 0/2 [00:00<?, ?ba/s]
Creating parquet from Arrow format: 100% 2/2 [00:00<00:00, 348.91ba/s]

Map:   0% 0/124 [00:00<?, ? examples/s]
Map:  98% 122/124 [00:00<00:00, 1204.56 examples/s]
Map: 100% 124/124 [00:00<00:00, 1109.21 examples/s]

Creating parquet from Arrow format:   0% 0/2 [00:00<?, ?ba/s]
Creating parquet from Arrow format: 100% 2/2 [00:00<00:00, 369.74ba/s]

Map:   0% 0/116 [00:00<?, ? examples/s]
Map: 100% 116/116 [00:00<00:00, 1118.23 examples/s]
Map: 100% 116/116 [00:00<00:00, 1094.52 examples/s]

Creating parquet from Arrow format:   0% 0/2 [00:00<?, ?ba/s]
Creating parquet from Arrow format: 100% 2/2 [00:00<00:00, 379.04ba/s]

Map:   0% 0/130 [00:00<?, ? examples/s]
Map:  95% 123/130 [00:00<00:00, 1217.95 examples/s]
Map: 100% 130/130 [00:00<00:00, 1130.50 examples/s]

Creating parquet from Arrow format:   0% 0/2 [00:00<?, ?ba/s]
Creating parquet from Arrow format: 100% 2/2 [00:00<00:00, 351.03ba/s]

Map:   0% 0/134 [00:00<?, ? examples/s]
Map:  92% 123/134 [00:00<00:00, 1218.08 examples/s]
Map: 100% 134/134 [00:00<00:00, 1136.47 examples/s]

Creating parquet from Arrow format:   0% 0/2 [00:00<?, ?ba/s]
Creating parquet from Arrow format: 100% 2/2 [00:00<00:00, 357.13ba/s]
CONVERTED C D0

Map:   0% 0/114 [00:00<?, ? examples/s]
Map: 100% 114/114 [00:00<00:00, 1121.28 examples/s]
Map: 100% 114/114 [00:00<00:00, 1102.11 examples/s]

Creating parquet from Arrow format:   0% 0/2 [00:00<?, ?ba/s]
Creating parquet from Arrow format: 100% 2/2 [00:00<00:00, 381.04ba/s]

Map:   0% 0/106 [00:00<?, ? examples/s]
Map: 100% 106/106 [00:00<00:00, 1114.77 examples/s]

Creating parquet from Arrow format:   0% 0/2 [00:00<?, ?ba/s]
Creating parquet from Arrow format: 100% 2/2 [00:00<00:00, 392.38ba/s]

Map:   0% 0/137 [00:00<?, ? examples/s]
Map:  90% 123/137 [00:00<00:00, 1214.66 examples/s]
Map: 100% 137/137 [00:00<00:00, 1120.79 examples/s]

Creating parquet from Arrow format:   0% 0/2 [00:00<?, ?ba/s]
Creating parquet from Arrow format: 100% 2/2 [00:00<00:00, 336.55ba/s]

Map:   0% 0/156 [00:00<?, ? examples/s]
Map:  79% 123/156 [00:00<00:00, 1214.29 examples/s]
Map: 100% 156/156 [00:00<00:00, 1120.90 examples/s]

Creating parquet from Arrow format:   0% 0/2 [00:00<?, ?ba/s]
Creating parquet from Arrow format: 100% 2/2 [00:00<00:00, 283.70ba/s]

Map:   0% 0/137 [00:00<?, ? examples/s]
Map:  90% 123/137 [00:00<00:00, 1218.52 examples/s]
Map: 100% 137/137 [00:00<00:00, 1119.40 examples/s]

Creating parquet from Arrow format:   0% 0/2 [00:00<?, ?ba/s]
Creating parquet from Arrow format: 100% 2/2 [00:00<00:00, 318.30ba/s]

Map:   0% 0/112 [00:00<?, ? examples/s]
Map: 100% 112/112 [00:00<00:00, 1118.30 examples/s]

Creating parquet from Arrow format:   0% 0/2 [00:00<?, ?ba/s]
Creating parquet from Arrow format: 100% 2/2 [00:00<00:00, 399.04ba/s]

Map:   0% 0/109 [00:00<?, ? examples/s]
Map: 100% 109/109 [00:00<00:00, 1128.76 examples/s]

Creating parquet from Arrow format:   0% 0/2 [00:00<?, ?ba/s]
Creating parquet from Arrow format: 100% 2/2 [00:00<00:00, 382.55ba/s]

Map:   0% 0/106 [00:00<?, ? examples/s]
Map: 100% 106/106 [00:00<00:00, 1113.38 examples/s]

Creating parquet from Arrow format:   0% 0/2 [00:00<?, ?ba/s]
Creating parquet from Arrow format: 100% 2/2 [00:00<00:00, 337.20ba/s]

Map:   0% 0/103 [00:00<?, ? examples/s]
Map: 100% 103/103 [00:00<00:00, 1098.80 examples/s]

Creating parquet from Arrow format:   0% 0/2 [00:00<?, ?ba/s]
Creating parquet from Arrow format: 100% 2/2 [00:00<00:00, 399.29ba/s]

Map:   0% 0/125 [00:00<?, ? examples/s]
Map:  97% 121/125 [00:00<00:00, 1196.16 examples/s]
Map: 100% 125/125 [00:00<00:00, 1072.24 examples/s]

Creating parquet from Arrow format:   0% 0/2 [00:00<?, ?ba/s]
Creating parquet from Arrow format: 100% 2/2 [00:00<00:00, 294.44ba/s]

Map:   0% 0/115 [00:00<?, ? examples/s]
Map: 100% 115/115 [00:00<00:00, 1122.83 examples/s]
Map: 100% 115/115 [00:00<00:00, 1103.15 examples/s]

Creating parquet from Arrow format:   0% 0/2 [00:00<?, ?ba/s]
Creating parquet from Arrow format: 100% 2/2 [00:00<00:00, 301.79ba/s]

Map:   0% 0/124 [00:00<?, ? examples/s]
Map:  98% 122/124 [00:00<00:00, 1204.21 examples/s]
Map: 100% 124/124 [00:00<00:00, 1085.98 examples/s]

Creating parquet from Arrow format:   0% 0/2 [00:00<?, ?ba/s]
Creating parquet from Arrow format: 100% 2/2 [00:00<00:00, 346.68ba/s]

Map:   0% 0/105 [00:00<?, ? examples/s]
Map: 100% 105/105 [00:00<00:00, 1089.78 examples/s]

Creating parquet from Arrow format:   0% 0/2 [00:00<?, ?ba/s]
Creating parquet from Arrow format: 100% 2/2 [00:00<00:00, 402.37ba/s]

Map:   0% 0/136 [00:00<?, ? examples/s]
Map:  89% 121/136 [00:00<00:00, 1198.51 examples/s]
Map: 100% 136/136 [00:00<00:00, 1087.92 examples/s]

Creating parquet from Arrow format:   0% 0/2 [00:00<?, ?ba/s]
Creating parquet from Arrow format: 100% 2/2 [00:00<00:00, 321.37ba/s]

Map:   0% 0/96 [00:00<?, ? examples/s]
Map: 100% 96/96 [00:00<00:00, 1107.71 examples/s]

Creating parquet from Arrow format:   0% 0/1 [00:00<?, ?ba/s]
Creating parquet from Arrow format: 100% 1/1 [00:00<00:00, 249.85ba/s]

Map:   0% 0/151 [00:00<?, ? examples/s]
Map:  81% 122/151 [00:00<00:00, 1208.07 examples/s]
Map: 100% 151/151 [00:00<00:00, 1102.03 examples/s]

Creating parquet from Arrow format:   0% 0/2 [00:00<?, ?ba/s]
Creating parquet from Arrow format: 100% 2/2 [00:00<00:00, 289.33ba/s]

Map:   0% 0/113 [00:00<?, ? examples/s]
Map: 100% 113/113 [00:00<00:00, 1121.26 examples/s]
Map: 100% 113/113 [00:00<00:00, 1097.21 examples/s]

Creating parquet from Arrow format:   0% 0/2 [00:00<?, ?ba/s]
Creating parquet from Arrow format: 100% 2/2 [00:00<00:00, 378.09ba/s]

Map:   0% 0/164 [00:00<?, ? examples/s]
Map:  76% 124/164 [00:00<00:00, 1225.21 examples/s]
Map: 100% 164/164 [00:00<00:00, 1113.96 examples/s]

Creating parquet from Arrow format:   0% 0/2 [00:00<?, ?ba/s]
Creating parquet from Arrow format: 100% 2/2 [00:00<00:00, 256.67ba/s]

Map:   0% 0/98 [00:00<?, ? examples/s]
Map: 100% 98/98 [00:00<00:00, 1124.79 examples/s]

Creating parquet from Arrow format:   0% 0/1 [00:00<?, ?ba/s]
Creating parquet from Arrow format: 100% 1/1 [00:00<00:00, 242.28ba/s]

Map:   0% 0/103 [00:00<?, ? examples/s]
Map: 100% 103/103 [00:00<00:00, 1114.57 examples/s]

Creating parquet from Arrow format:   0% 0/2 [00:00<?, ?ba/s]
Creating parquet from Arrow format: 100% 2/2 [00:00<00:00, 429.24ba/s]

Map:   0% 0/124 [00:00<?, ? examples/s]
Map: 100% 124/124 [00:00<00:00, 1222.74 examples/s]
Map: 100% 124/124 [00:00<00:00, 1117.47 examples/s]

Creating parquet from Arrow format:   0% 0/2 [00:00<?, ?ba/s]
Creating parquet from Arrow format: 100% 2/2 [00:00<00:00, 345.67ba/s]

Map:   0% 0/126 [00:00<?, ? examples/s]
Map:  98% 124/126 [00:00<00:00, 1215.52 examples/s]
Map: 100% 126/126 [00:00<00:00, 1098.22 examples/s]

Creating parquet from Arrow format:   0% 0/2 [00:00<?, ?ba/s]
Creating parquet from Arrow format: 100% 2/2 [00:00<00:00, 287.45ba/s]

Map:   0% 0/99 [00:00<?, ? examples/s]
Map: 100% 99/99 [00:00<00:00, 1121.02 examples/s]

Creating parquet from Arrow format:   0% 0/1 [00:00<?, ?ba/s]
Creating parquet from Arrow format: 100% 1/1 [00:00<00:00, 192.84ba/s]

Map:   0% 0/109 [00:00<?, ? examples/s]
Map: 100% 109/109 [00:00<00:00, 1114.02 examples/s]

Creating parquet from Arrow format:   0% 0/2 [00:00<?, ?ba/s]
Creating parquet from Arrow format: 100% 2/2 [00:00<00:00, 398.81ba/s]

Map:   0% 0/110 [00:00<?, ? examples/s]
Map: 100% 110/110 [00:00<00:00, 1093.39 examples/s]

Creating parquet from Arrow format:   0% 0/2 [00:00<?, ?ba/s]
Creating parquet from Arrow format: 100% 2/2 [00:00<00:00, 368.81ba/s]

Map:   0% 0/139 [00:00<?, ? examples/s]
Map:  89% 124/139 [00:00<00:00, 1223.10 examples/s]
Map: 100% 139/139 [00:00<00:00, 1111.23 examples/s]

Creating parquet from Arrow format:   0% 0/2 [00:00<?, ?ba/s]
Creating parquet from Arrow format: 100% 2/2 [00:00<00:00, 317.15ba/s]

Map:   0% 0/108 [00:00<?, ? examples/s]
Map: 100% 108/108 [00:00<00:00, 1118.49 examples/s]

Creating parquet from Arrow format:   0% 0/2 [00:00<?, ?ba/s]
Creating parquet from Arrow format: 100% 2/2 [00:00<00:00, 391.26ba/s]

Map:   0% 0/115 [00:00<?, ? examples/s]
Map: 100% 115/115 [00:00<00:00, 1103.60 examples/s]
Map: 100% 115/115 [00:00<00:00, 1084.99 examples/s]

Creating parquet from Arrow format:   0% 0/2 [00:00<?, ?ba/s]
Creating parquet from Arrow format: 100% 2/2 [00:00<00:00, 358.75ba/s]

Map:   0% 0/123 [00:00<?, ? examples/s]
Map:  98% 121/123 [00:00<00:00, 1195.46 examples/s]
Map: 100% 123/123 [00:00<00:00, 1109.77 examples/s]

Creating parquet from Arrow format:   0% 0/2 [00:00<?, ?ba/s]
Creating parquet from Arrow format: 100% 2/2 [00:00<00:00, 351.65ba/s]

Map:   0% 0/172 [00:00<?, ? examples/s]
Map:  70% 121/172 [00:00<00:00, 1194.35 examples/s]
Map: 100% 172/172 [00:00<00:00, 1086.29 examples/s]

Creating parquet from Arrow format:   0% 0/2 [00:00<?, ?ba/s]
Creating parquet from Arrow format: 100% 2/2 [00:00<00:00, 275.15ba/s]

Map:   0% 0/95 [00:00<?, ? examples/s]
Map: 100% 95/95 [00:00<00:00, 1111.10 examples/s]

Creating parquet from Arrow format:   0% 0/1 [00:00<?, ?ba/s]
Creating parquet from Arrow format: 100% 1/1 [00:00<00:00, 245.21ba/s]

Map:   0% 0/115 [00:00<?, ? examples/s]
Map: 100% 115/115 [00:00<00:00, 1119.93 examples/s]
Map: 100% 115/115 [00:00<00:00, 1100.94 examples/s]

Creating parquet from Arrow format:   0% 0/2 [00:00<?, ?ba/s]
Creating parquet from Arrow format: 100% 2/2 [00:00<00:00, 360.75ba/s]

Map:   0% 0/94 [00:00<?, ? examples/s]
Map: 100% 94/94 [00:00<00:00, 1125.40 examples/s]

Creating parquet from Arrow format:   0% 0/1 [00:00<?, ?ba/s]
Creating parquet from Arrow format: 100% 1/1 [00:00<00:00, 257.86ba/s]

Map:   0% 0/108 [00:00<?, ? examples/s]
Map: 100% 108/108 [00:00<00:00, 1101.54 examples/s]

Creating parquet from Arrow format:   0% 0/2 [00:00<?, ?ba/s]
Creating parquet from Arrow format: 100% 2/2 [00:00<00:00, 376.36ba/s]

Map:   0% 0/121 [00:00<?, ? examples/s]
Map:  99% 120/121 [00:00<00:00, 1188.81 examples/s]
Map: 100% 121/121 [00:00<00:00, 1079.99 examples/s]

Creating parquet from Arrow format:   0% 0/2 [00:00<?, ?ba/s]
Creating parquet from Arrow format: 100% 2/2 [00:00<00:00, 339.02ba/s]

Map:   0% 0/110 [00:00<?, ? examples/s]
Map: 100% 110/110 [00:00<00:00, 1088.22 examples/s]

Creating parquet from Arrow format:   0% 0/2 [00:00<?, ?ba/s]
Creating parquet from Arrow format: 100% 2/2 [00:00<00:00, 397.09ba/s]

Map:   0% 0/120 [00:00<?, ? examples/s]
Map: 100% 120/120 [00:00<00:00, 1119.94 examples/s]
Map: 100% 120/120 [00:00<00:00, 1096.55 examples/s]

Creating parquet from Arrow format:   0% 0/2 [00:00<?, ?ba/s]
Creating parquet from Arrow format: 100% 2/2 [00:00<00:00, 374.04ba/s]

Map:   0% 0/109 [00:00<?, ? examples/s]
Map: 100% 109/109 [00:00<00:00, 1135.75 examples/s]

Creating parquet from Arrow format:   0% 0/2 [00:00<?, ?ba/s]
Creating parquet from Arrow format: 100% 2/2 [00:00<00:00, 380.50ba/s]

Map:   0% 0/104 [00:00<?, ? examples/s]
Map: 100% 104/104 [00:00<00:00, 1130.77 examples/s]

Creating parquet from Arrow format:   0% 0/2 [00:00<?, ?ba/s]
Creating parquet from Arrow format: 100% 2/2 [00:00<00:00, 459.22ba/s]

Map:   0% 0/122 [00:00<?, ? examples/s]
Map: 100% 122/122 [00:00<00:00, 1203.00 examples/s]
Map: 100% 122/122 [00:00<00:00, 1115.73 examples/s]

Creating parquet from Arrow format:   0% 0/2 [00:00<?, ?ba/s]
Creating parquet from Arrow format: 100% 2/2 [00:00<00:00, 346.32ba/s]

Map:   0% 0/113 [00:00<?, ? examples/s]
Map: 100% 113/113 [00:00<00:00, 1122.01 examples/s]

Creating parquet from Arrow format:   0% 0/2 [00:00<?, ?ba/s]
Creating parquet from Arrow format: 100% 2/2 [00:00<00:00, 371.51ba/s]

Map:   0% 0/119 [00:00<?, ? examples/s]
Map: 100% 119/119 [00:00<00:00, 1128.88 examples/s]
Map: 100% 119/119 [00:00<00:00, 1104.79 examples/s]

Creating parquet from Arrow format:   0% 0/2 [00:00<?, ?ba/s]
Creating parquet from Arrow format: 100% 2/2 [00:00<00:00, 360.41ba/s]

Map:   0% 0/96 [00:00<?, ? examples/s]
Map: 100% 96/96 [00:00<00:00, 1099.22 examples/s]

Creating parquet from Arrow format:   0% 0/1 [00:00<?, ?ba/s]
Creating parquet from Arrow format: 100% 1/1 [00:00<00:00, 197.43ba/s]

Map:   0% 0/98 [00:00<?, ? examples/s]
Map: 100% 98/98 [00:00<00:00, 1097.00 examples/s]

Creating parquet from Arrow format:   0% 0/1 [00:00<?, ?ba/s]
Creating parquet from Arrow format: 100% 1/1 [00:00<00:00, 242.66ba/s]

Map:   0% 0/116 [00:00<?, ? examples/s]
Map: 100% 116/116 [00:00<00:00, 1106.67 examples/s]
Map: 100% 116/116 [00:00<00:00, 1083.42 examples/s]

Creating parquet from Arrow format:   0% 0/2 [00:00<?, ?ba/s]
Creating parquet from Arrow format: 100% 2/2 [00:00<00:00, 368.75ba/s]

Map:   0% 0/112 [00:00<?, ? examples/s]
Map: 100% 112/112 [00:00<00:00, 1113.60 examples/s]

Creating parquet from Arrow format:   0% 0/2 [00:00<?, ?ba/s]
Creating parquet from Arrow format: 100% 2/2 [00:00<00:00, 364.66ba/s]

Map:   0% 0/132 [00:00<?, ? examples/s]
Map:  92% 122/132 [00:00<00:00, 1202.58 examples/s]
Map: 100% 132/132 [00:00<00:00, 1116.94 examples/s]

Creating parquet from Arrow format:   0% 0/2 [00:00<?, ?ba/s]
Creating parquet from Arrow format: 100% 2/2 [00:00<00:00, 329.92ba/s]

Map:   0% 0/112 [00:00<?, ? examples/s]
Map: 100% 112/112 [00:00<00:00, 1134.84 examples/s]

Creating parquet from Arrow format:   0% 0/2 [00:00<?, ?ba/s]
Creating parquet from Arrow format: 100% 2/2 [00:00<00:00, 440.83ba/s]

Map:   0% 0/168 [00:00<?, ? examples/s]
Map:  74% 124/168 [00:00<00:00, 1217.96 examples/s]
Map: 100% 168/168 [00:00<00:00, 1113.60 examples/s]

Creating parquet from Arrow format:   0% 0/2 [00:00<?, ?ba/s]
Creating parquet from Arrow format: 100% 2/2 [00:00<00:00, 278.41ba/s]

Map:   0% 0/114 [00:00<?, ? examples/s]
Map: 100% 114/114 [00:00<00:00, 1127.74 examples/s]

Creating parquet from Arrow format:   0% 0/2 [00:00<?, ?ba/s]
Creating parquet from Arrow format: 100% 2/2 [00:00<00:00, 348.45ba/s]
CONVERTED C D1

Map:   0% 0/93 [00:00<?, ? examples/s]
Map: 100% 93/93 [00:00<00:00, 1130.97 examples/s]

Creating parquet from Arrow format:   0% 0/1 [00:00<?, ?ba/s]
Creating parquet from Arrow format: 100% 1/1 [00:00<00:00, 253.74ba/s]

Map:   0% 0/98 [00:00<?, ? examples/s]
Map: 100% 98/98 [00:00<00:00, 1106.61 examples/s]

Creating parquet from Arrow format:   0% 0/1 [00:00<?, ?ba/s]
Creating parquet from Arrow format: 100% 1/1 [00:00<00:00, 245.09ba/s]

Map:   0% 0/109 [00:00<?, ? examples/s]
Map: 100% 109/109 [00:00<00:00, 1095.85 examples/s]

Creating parquet from Arrow format:   0% 0/2 [00:00<?, ?ba/s]
Creating parquet from Arrow format: 100% 2/2 [00:00<00:00, 405.83ba/s]

Map:   0% 0/96 [00:00<?, ? examples/s]
Map: 100% 96/96 [00:00<00:00, 1103.75 examples/s]

Creating parquet from Arrow format:   0% 0/1 [00:00<?, ?ba/s]
Creating parquet from Arrow format: 100% 1/1 [00:00<00:00, 183.48ba/s]

Map:   0% 0/103 [00:00<?, ? examples/s]
Map: 100% 103/103 [00:00<00:00, 1105.16 examples/s]

Creating parquet from Arrow format:   0% 0/2 [00:00<?, ?ba/s]
Creating parquet from Arrow format: 100% 2/2 [00:00<00:00, 331.00ba/s]

Map:   0% 0/98 [00:00<?, ? examples/s]
Map: 100% 98/98 [00:00<00:00, 1107.12 examples/s]

Creating parquet from Arrow format:   0% 0/1 [00:00<?, ?ba/s]
Creating parquet from Arrow format: 100% 1/1 [00:00<00:00, 187.40ba/s]

Map:   0% 0/111 [00:00<?, ? examples/s]
Map: 100% 111/111 [00:00<00:00, 1103.38 examples/s]
Map: 100% 111/111 [00:00<00:00, 1078.46 examples/s]

Creating parquet from Arrow format:   0% 0/2 [00:00<?, ?ba/s]
Creating parquet from Arrow format: 100% 2/2 [00:00<00:00, 293.49ba/s]

Map:   0% 0/91 [00:00<?, ? examples/s]
Map: 100% 91/91 [00:00<00:00, 1125.19 examples/s]

Creating parquet from Arrow format:   0% 0/1 [00:00<?, ?ba/s]
Creating parquet from Arrow format: 100% 1/1 [00:00<00:00, 256.45ba/s]

Map:   0% 0/100 [00:00<?, ? examples/s]
Map: 100% 100/100 [00:00<00:00, 1117.77 examples/s]

Creating parquet from Arrow format:   0% 0/1 [00:00<?, ?ba/s]
Creating parquet from Arrow format: 100% 1/1 [00:00<00:00, 184.54ba/s]

Map:   0% 0/93 [00:00<?, ? examples/s]
Map: 100% 93/93 [00:00<00:00, 1096.08 examples/s]

Creating parquet from Arrow format:   0% 0/1 [00:00<?, ?ba/s]
Creating parquet from Arrow format: 100% 1/1 [00:00<00:00, 190.49ba/s]

Map:   0% 0/95 [00:00<?, ? examples/s]
Map: 100% 95/95 [00:00<00:00, 1091.96 examples/s]

Creating parquet from Arrow format:   0% 0/1 [00:00<?, ?ba/s]
Creating parquet from Arrow format: 100% 1/1 [00:00<00:00, 196.87ba/s]

Map:   0% 0/92 [00:00<?, ? examples/s]
Map: 100% 92/92 [00:00<00:00, 1110.00 examples/s]

Creating parquet from Arrow format:   0% 0/1 [00:00<?, ?ba/s]
Creating parquet from Arrow format: 100% 1/1 [00:00<00:00, 194.73ba/s]

Map:   0% 0/110 [00:00<?, ? examples/s]
Map: 100% 110/110 [00:00<00:00, 1092.76 examples/s]

Creating parquet from Arrow format:   0% 0/2 [00:00<?, ?ba/s]
Creating parquet from Arrow format: 100% 2/2 [00:00<00:00, 384.64ba/s]

Map:   0% 0/93 [00:00<?, ? examples/s]
Map: 100% 93/93 [00:00<00:00, 1112.35 examples/s]

Creating parquet from Arrow format:   0% 0/1 [00:00<?, ?ba/s]
Creating parquet from Arrow format: 100% 1/1 [00:00<00:00, 185.55ba/s]

Map:   0% 0/122 [00:00<?, ? examples/s]
Map: 100% 122/122 [00:00<00:00, 1110.25 examples/s]
Map: 100% 122/122 [00:00<00:00, 1087.28 examples/s]

Creating parquet from Arrow format:   0% 0/2 [00:00<?, ?ba/s]
Creating parquet from Arrow format: 100% 2/2 [00:00<00:00, 352.68ba/s]

Map:   0% 0/101 [00:00<?, ? examples/s]
Map: 100% 101/101 [00:00<00:00, 1099.70 examples/s]

Creating parquet from Arrow format:   0% 0/2 [00:00<?, ?ba/s]
Creating parquet from Arrow format: 100% 2/2 [00:00<00:00, 340.12ba/s]

Map:   0% 0/96 [00:00<?, ? examples/s]
Map: 100% 96/96 [00:00<00:00, 1104.57 examples/s]

Creating parquet from Arrow format:   0% 0/1 [00:00<?, ?ba/s]
Creating parquet from Arrow format: 100% 1/1 [00:00<00:00, 145.99ba/s]

Map:   0% 0/113 [00:00<?, ? examples/s]
Map: 100% 113/113 [00:00<00:00, 1101.85 examples/s]
Map: 100% 113/113 [00:00<00:00, 1076.50 examples/s]

Creating parquet from Arrow format:   0% 0/2 [00:00<?, ?ba/s]
Creating parquet from Arrow format: 100% 2/2 [00:00<00:00, 297.93ba/s]

Map:   0% 0/103 [00:00<?, ? examples/s]
Map: 100% 103/103 [00:00<00:00, 1107.72 examples/s]

Creating parquet from Arrow format:   0% 0/2 [00:00<?, ?ba/s]
Creating parquet from Arrow format: 100% 2/2 [00:00<00:00, 333.16ba/s]

Map:   0% 0/105 [00:00<?, ? examples/s]
Map: 100% 105/105 [00:00<00:00, 1105.79 examples/s]

Creating parquet from Arrow format:   0% 0/2 [00:00<?, ?ba/s]
Creating parquet from Arrow format: 100% 2/2 [00:00<00:00, 412.76ba/s]

Map:   0% 0/118 [00:00<?, ? examples/s]
Map: 100% 118/118 [00:00<00:00, 1098.68 examples/s]
Map: 100% 118/118 [00:00<00:00, 1074.78 examples/s]

Creating parquet from Arrow format:   0% 0/2 [00:00<?, ?ba/s]
Creating parquet from Arrow format: 100% 2/2 [00:00<00:00, 370.06ba/s]

Map:   0% 0/91 [00:00<?, ? examples/s]
Map: 100% 91/91 [00:00<00:00, 1075.76 examples/s]

Creating parquet from Arrow format:   0% 0/1 [00:00<?, ?ba/s]
Creating parquet from Arrow format: 100% 1/1 [00:00<00:00, 186.03ba/s]

Map:   0% 0/103 [00:00<?, ? examples/s]
Map: 100% 103/103 [00:00<00:00, 1082.45 examples/s]

Creating parquet from Arrow format:   0% 0/2 [00:00<?, ?ba/s]
Creating parquet from Arrow format: 100% 2/2 [00:00<00:00, 324.86ba/s]

Map:   0% 0/99 [00:00<?, ? examples/s]
Map: 100% 99/99 [00:00<00:00, 1081.88 examples/s]

Creating parquet from Arrow format:   0% 0/1 [00:00<?, ?ba/s]
Creating parquet from Arrow format: 100% 1/1 [00:00<00:00, 180.36ba/s]

Map:   0% 0/99 [00:00<?, ? examples/s]
Map: 100% 99/99 [00:00<00:00, 1101.97 examples/s]

Creating parquet from Arrow format:   0% 0/1 [00:00<?, ?ba/s]
Creating parquet from Arrow format: 100% 1/1 [00:00<00:00, 180.41ba/s]

Map:   0% 0/103 [00:00<?, ? examples/s]
Map: 100% 103/103 [00:00<00:00, 1099.64 examples/s]

Creating parquet from Arrow format:   0% 0/2 [00:00<?, ?ba/s]
Creating parquet from Arrow format: 100% 2/2 [00:00<00:00, 335.72ba/s]

Map:   0% 0/91 [00:00<?, ? examples/s]
Map: 100% 91/91 [00:00<00:00, 1109.78 examples/s]

Creating parquet from Arrow format:   0% 0/1 [00:00<?, ?ba/s]
Creating parquet from Arrow format: 100% 1/1 [00:00<00:00, 267.31ba/s]

Map:   0% 0/103 [00:00<?, ? examples/s]
Map: 100% 103/103 [00:00<00:00, 1104.30 examples/s]

Creating parquet from Arrow format:   0% 0/2 [00:00<?, ?ba/s]
Creating parquet from Arrow format: 100% 2/2 [00:00<00:00, 333.95ba/s]

Map:   0% 0/101 [00:00<?, ? examples/s]
Map: 100% 101/101 [00:00<00:00, 1120.57 examples/s]

Creating parquet from Arrow format:   0% 0/2 [00:00<?, ?ba/s]
Creating parquet from Arrow format: 100% 2/2 [00:00<00:00, 340.56ba/s]

Map:   0% 0/90 [00:00<?, ? examples/s]
Map: 100% 90/90 [00:00<00:00, 1109.08 examples/s]

Creating parquet from Arrow format:   0% 0/1 [00:00<?, ?ba/s]
Creating parquet from Arrow format: 100% 1/1 [00:00<00:00, 271.48ba/s]

Map:   0% 0/107 [00:00<?, ? examples/s]
Map: 100% 107/107 [00:00<00:00, 1144.49 examples/s]

Creating parquet from Arrow format:   0% 0/2 [00:00<?, ?ba/s]
Creating parquet from Arrow format: 100% 2/2 [00:00<00:00, 281.96ba/s]

Map:   0% 0/113 [00:00<?, ? examples/s]
Map: 100% 113/113 [00:00<00:00, 1118.16 examples/s]
Map: 100% 113/113 [00:00<00:00, 1093.01 examples/s]

Creating parquet from Arrow format:   0% 0/2 [00:00<?, ?ba/s]
Creating parquet from Arrow format: 100% 2/2 [00:00<00:00, 375.60ba/s]

Map:   0% 0/89 [00:00<?, ? examples/s]
Map: 100% 89/89 [00:00<00:00, 1113.92 examples/s]

Creating parquet from Arrow format:   0% 0/1 [00:00<?, ?ba/s]
Creating parquet from Arrow format: 100% 1/1 [00:00<00:00, 196.14ba/s]

Map:   0% 0/102 [00:00<?, ? examples/s]
Map: 100% 102/102 [00:00<00:00, 1099.24 examples/s]

Creating parquet from Arrow format:   0% 0/2 [00:00<?, ?ba/s]
Creating parquet from Arrow format: 100% 2/2 [00:00<00:00, 340.67ba/s]

Map:   0% 0/97 [00:00<?, ? examples/s]
Map: 100% 97/97 [00:00<00:00, 1110.00 examples/s]

Creating parquet from Arrow format:   0% 0/1 [00:00<?, ?ba/s]
Creating parquet from Arrow format: 100% 1/1 [00:00<00:00, 172.94ba/s]

Map:   0% 0/91 [00:00<?, ? examples/s]
Map: 100% 91/91 [00:00<00:00, 1093.16 examples/s]

Creating parquet from Arrow format:   0% 0/1 [00:00<?, ?ba/s]
Creating parquet from Arrow format: 100% 1/1 [00:00<00:00, 241.91ba/s]

Map:   0% 0/98 [00:00<?, ? examples/s]
Map: 100% 98/98 [00:00<00:00, 1077.83 examples/s]

Creating parquet from Arrow format:   0% 0/1 [00:00<?, ?ba/s]
Creating parquet from Arrow format: 100% 1/1 [00:00<00:00, 183.63ba/s]

Map:   0% 0/90 [00:00<?, ? examples/s]
Map: 100% 90/90 [00:00<00:00, 1110.60 examples/s]

Creating parquet from Arrow format:   0% 0/1 [00:00<?, ?ba/s]
Creating parquet from Arrow format: 100% 1/1 [00:00<00:00, 261.90ba/s]

Map:   0% 0/102 [00:00<?, ? examples/s]
Map: 100% 102/102 [00:00<00:00, 1091.49 examples/s]

Creating parquet from Arrow format:   0% 0/2 [00:00<?, ?ba/s]
Creating parquet from Arrow format: 100% 2/2 [00:00<00:00, 315.42ba/s]

Map:   0% 0/98 [00:00<?, ? examples/s]
Map: 100% 98/98 [00:00<00:00, 1112.41 examples/s]

Creating parquet from Arrow format:   0% 0/1 [00:00<?, ?ba/s]
Creating parquet from Arrow format: 100% 1/1 [00:00<00:00, 178.60ba/s]

Map:   0% 0/114 [00:00<?, ? examples/s]
Map: 100% 114/114 [00:00<00:00, 1108.81 examples/s]
Map: 100% 114/114 [00:00<00:00, 1090.10 examples/s]

Creating parquet from Arrow format:   0% 0/2 [00:00<?, ?ba/s]
Creating parquet from Arrow format: 100% 2/2 [00:00<00:00, 286.69ba/s]

Map:   0% 0/94 [00:00<?, ? examples/s]
Map: 100% 94/94 [00:00<00:00, 1114.04 examples/s]

Creating parquet from Arrow format:   0% 0/1 [00:00<?, ?ba/s]
Creating parquet from Arrow format: 100% 1/1 [00:00<00:00, 203.02ba/s]

Map:   0% 0/97 [00:00<?, ? examples/s]
Map: 100% 97/97 [00:00<00:00, 1109.09 examples/s]

Creating parquet from Arrow format:   0% 0/1 [00:00<?, ?ba/s]
Creating parquet from Arrow format: 100% 1/1 [00:00<00:00, 181.86ba/s]

Map:   0% 0/101 [00:00<?, ? examples/s]
Map: 100% 101/101 [00:00<00:00, 1102.50 examples/s]

Creating parquet from Arrow format:   0% 0/2 [00:00<?, ?ba/s]
Creating parquet from Arrow format: 100% 2/2 [00:00<00:00, 342.73ba/s]

Map:   0% 0/94 [00:00<?, ? examples/s]
Map: 100% 94/94 [00:00<00:00, 1118.20 examples/s]

Creating parquet from Arrow format:   0% 0/1 [00:00<?, ?ba/s]
Creating parquet from Arrow format: 100% 1/1 [00:00<00:00, 224.74ba/s]

Map:   0% 0/97 [00:00<?, ? examples/s]
Map: 100% 97/97 [00:00<00:00, 1147.27 examples/s]

Creating parquet from Arrow format:   0% 0/1 [00:00<?, ?ba/s]
Creating parquet from Arrow format: 100% 1/1 [00:00<00:00, 189.03ba/s]

Map:   0% 0/118 [00:00<?, ? examples/s]
Map: 100% 118/118 [00:00<00:00, 1116.44 examples/s]
Map: 100% 118/118 [00:00<00:00, 1093.31 examples/s]

Creating parquet from Arrow format:   0% 0/2 [00:00<?, ?ba/s]
Creating parquet from Arrow format: 100% 2/2 [00:00<00:00, 378.36ba/s]

Map:   0% 0/114 [00:00<?, ? examples/s]
Map: 100% 114/114 [00:00<00:00, 1120.84 examples/s]
Map: 100% 114/114 [00:00<00:00, 1101.82 examples/s]

Creating parquet from Arrow format:   0% 0/2 [00:00<?, ?ba/s]
Creating parquet from Arrow format: 100% 2/2 [00:00<00:00, 397.00ba/s]

Map:   0% 0/90 [00:00<?, ? examples/s]
Map: 100% 90/90 [00:00<00:00, 1106.01 examples/s]

Creating parquet from Arrow format:   0% 0/1 [00:00<?, ?ba/s]
Creating parquet from Arrow format: 100% 1/1 [00:00<00:00, 253.13ba/s]

Map:   0% 0/105 [00:00<?, ? examples/s]
Map: 100% 105/105 [00:00<00:00, 1101.05 examples/s]

Creating parquet from Arrow format:   0% 0/2 [00:00<?, ?ba/s]
Creating parquet from Arrow format: 100% 2/2 [00:00<00:00, 326.60ba/s]
CONVERTED C D2

Resolving data files:   0% 0/150 [00:00<?, ?it/s]
Resolving data files: 100% 150/150 [00:00<00:00, 19470.36it/s]

Downloading data:   0% 0/150 [00:00<?, ?files/s]
Downloading data: 100% 150/150 [00:00<00:00, 21744.16files/s]

Generating train split: 0 examples [00:00, ? examples/s]
Generating train split: 1667 examples [00:00, 15693.95 examples/s]
Generating train split: 3327 examples [00:00, 15192.34 examples/s]
Generating train split: 4975 examples [00:00, 14901.98 examples/s]
Generating train split: 6582 examples [00:00, 15035.20 examples/s]
Generating train split: 8239 examples [00:00, 14949.86 examples/s]
Generating train split: 9871 examples [00:00, 14882.03 examples/s]
Generating train split: 11451 examples [00:00, 14669.67 examples/s]
Generating train split: 13024 examples [00:00, 14647.79 examples/s]
Generating train split: 15176 examples [00:01, 14447.02 examples/s]
Generating train split: 16771 examples [00:01, 14557.13 examples/s]
Generating train split: 16776 examples [00:01, 14727.86 examples/s]

Computing stats:   0% 0/2097 [00:00<?, ?it/s]
Computing stats:   0% 3/2097 [00:00<01:33, 22.37it/s]
Computing stats:   0% 6/2097 [00:00<01:33, 22.41it/s]
Computing stats:   0% 9/2097 [00:00<01:40, 20.75it/s]
Computing stats:   1% 12/2097 [00:00<01:44, 19.88it/s]
Computing stats:   1% 15/2097 [00:00<01:41, 20.44it/s]
Computing stats:   1% 18/2097 [00:00<01:37, 21.25it/s]
Computing stats:   1% 21/2097 [00:00<01:35, 21.78it/s]
Computing stats:   1% 24/2097 [00:01<01:38, 21.07it/s]
Computing stats:   1% 27/2097 [00:01<01:41, 20.33it/s]
Computing stats:   1% 30/2097 [00:01<01:40, 20.56it/s]
Computing stats:   2% 33/2097 [00:01<01:36, 21.47it/s]
Computing stats:   2% 36/2097 [00:01<01:33, 21.99it/s]
Computing stats:   2% 39/2097 [00:01<01:35, 21.59it/s]
Computing stats:   2% 42/2097 [00:01<01:39, 20.71it/s]
Computing stats:   2% 45/2097 [00:02<01:37, 21.01it/s]
Computing stats:   2% 48/2097 [00:02<01:33, 21.82it/s]
Computing stats:   2% 51/2097 [00:02<01:34, 21.74it/s]
Computing stats:   3% 54/2097 [00:02<01:37, 20.88it/s]
Computing stats:   3% 57/2097 [00:02<01:38, 20.74it/s]
Computing stats:   3% 60/2097 [00:02<01:34, 21.64it/s]
Computing stats:   3% 63/2097 [00:02<01:31, 22.20it/s]
Computing stats:   3% 66/2097 [00:03<01:34, 21.49it/s]
Computing stats:   3% 69/2097 [00:03<01:37, 20.86it/s]
Computing stats:   3% 72/2097 [00:03<01:34, 21.47it/s]
Computing stats:   4% 75/2097 [00:03<01:31, 22.00it/s]
Computing stats:   4% 78/2097 [00:03<01:31, 22.02it/s]
Computing stats:   4% 81/2097 [00:03<01:36, 20.99it/s]
Computing stats:   4% 84/2097 [00:03<01:38, 20.52it/s]
Computing stats:   4% 87/2097 [00:04<01:34, 21.34it/s]
Computing stats:   4% 90/2097 [00:04<01:31, 21.98it/s]
Computing stats:   4% 93/2097 [00:04<01:34, 21.29it/s]
Computing stats:   5% 96/2097 [00:04<01:37, 20.50it/s]
Computing stats:   5% 99/2097 [00:04<01:35, 21.02it/s]
Computing stats:   5% 102/2097 [00:04<01:31, 21.77it/s]
Computing stats:   5% 105/2097 [00:04<01:29, 22.36it/s]
Computing stats:   5% 108/2097 [00:05<01:31, 21.80it/s]
Computing stats:   5% 111/2097 [00:05<01:34, 21.02it/s]
Computing stats:   5% 114/2097 [00:05<01:32, 21.42it/s]
Computing stats:   6% 117/2097 [00:05<01:29, 22.16it/s]
Computing stats:   6% 120/2097 [00:05<01:28, 22.46it/s]
Computing stats:   6% 123/2097 [00:05<01:31, 21.49it/s]
Computing stats:   6% 126/2097 [00:05<01:34, 20.84it/s]
Computing stats:   6% 129/2097 [00:06<01:30, 21.70it/s]
Computing stats:   6% 132/2097 [00:06<01:28, 22.25it/s]
Computing stats:   6% 135/2097 [00:06<01:30, 21.71it/s]
Computing stats:   7% 138/2097 [00:06<01:33, 20.99it/s]
Computing stats:   7% 141/2097 [00:06<01:32, 21.18it/s]
Computing stats:   7% 144/2097 [00:06<01:29, 21.82it/s]
Computing stats:   7% 147/2097 [00:06<01:27, 22.20it/s]
Computing stats:   7% 150/2097 [00:07<01:31, 21.30it/s]
Computing stats:   7% 153/2097 [00:07<01:33, 20.78it/s]
Computing stats:   7% 156/2097 [00:07<01:29, 21.66it/s]
Computing stats:   8% 159/2097 [00:07<01:27, 22.27it/s]
Computing stats:   8% 162/2097 [00:07<01:30, 21.44it/s]
Computing stats:   8% 165/2097 [00:07<01:32, 20.82it/s]
Computing stats:   8% 168/2097 [00:07<01:29, 21.50it/s]
Computing stats:   8% 171/2097 [00:07<01:26, 22.21it/s]
Computing stats:   8% 174/2097 [00:08<01:24, 22.72it/s]
Computing stats:   8% 177/2097 [00:08<01:27, 21.94it/s]
Computing stats:   9% 180/2097 [00:08<01:31, 20.95it/s]
Computing stats:   9% 183/2097 [00:08<01:29, 21.36it/s]
Computing stats:   9% 186/2097 [00:08<01:26, 22.09it/s]
Computing stats:   9% 189/2097 [00:08<01:24, 22.63it/s]
Computing stats:   9% 192/2097 [00:08<01:26, 21.91it/s]
Computing stats:   9% 195/2097 [00:09<01:30, 21.12it/s]
Computing stats:   9% 198/2097 [00:09<01:28, 21.45it/s]
Computing stats:  10% 201/2097 [00:09<01:25, 22.13it/s]
Computing stats:  10% 204/2097 [00:09<01:24, 22.45it/s]
Computing stats:  10% 207/2097 [00:09<01:28, 21.37it/s]
Computing stats:  10% 210/2097 [00:09<01:31, 20.51it/s]
Computing stats:  10% 213/2097 [00:09<01:27, 21.42it/s]
Computing stats:  10% 216/2097 [00:10<01:25, 22.03it/s]
Computing stats:  10% 219/2097 [00:10<01:24, 22.32it/s]
Computing stats:  11% 222/2097 [00:10<01:24, 22.10it/s]
Computing stats:  11% 225/2097 [00:10<01:27, 21.30it/s]
Computing stats:  11% 228/2097 [00:10<01:28, 21.20it/s]
Computing stats:  11% 231/2097 [00:10<01:25, 21.92it/s]
Computing stats:  11% 234/2097 [00:10<01:23, 22.34it/s]
Computing stats:  11% 237/2097 [00:11<01:26, 21.38it/s]
Computing stats:  11% 240/2097 [00:11<01:29, 20.79it/s]
Computing stats:  12% 243/2097 [00:11<01:25, 21.66it/s]
Computing stats:  12% 246/2097 [00:11<01:23, 22.11it/s]
Computing stats:  12% 249/2097 [00:11<01:21, 22.63it/s]
Computing stats:  12% 252/2097 [00:11<01:20, 22.95it/s]
Computing stats:  12% 255/2097 [00:11<01:21, 22.70it/s]
Computing stats:  12% 258/2097 [00:11<01:24, 21.66it/s]
Computing stats:  12% 261/2097 [00:12<01:26, 21.27it/s]
Computing stats:  13% 264/2097 [00:12<01:23, 22.03it/s]
Computing stats:  13% 267/2097 [00:12<01:21, 22.52it/s]
Computing stats:  13% 270/2097 [00:12<01:24, 21.66it/s]
Computing stats:  13% 273/2097 [00:12<01:26, 20.99it/s]
Computing stats:  13% 276/2097 [00:12<01:24, 21.57it/s]
Computing stats:  13% 279/2097 [00:12<01:21, 22.25it/s]
Computing stats:  13% 282/2097 [00:13<01:24, 21.55it/s]
Computing stats:  14% 285/2097 [00:13<01:26, 20.91it/s]
Computing stats:  14% 288/2097 [00:13<01:24, 21.48it/s]
Computing stats:  14% 291/2097 [00:13<01:21, 22.20it/s]
Computing stats:  14% 294/2097 [00:13<01:19, 22.72it/s]
Computing stats:  14% 297/2097 [00:13<01:22, 21.69it/s]
Computing stats:  14% 300/2097 [00:13<01:25, 21.01it/s]
Computing stats:  14% 303/2097 [00:14<01:22, 21.66it/s]
Computing stats:  15% 306/2097 [00:14<01:20, 22.33it/s]
Computing stats:  15% 309/2097 [00:14<01:21, 22.04it/s]
Computing stats:  15% 312/2097 [00:14<01:23, 21.26it/s]
Computing stats:  15% 315/2097 [00:14<01:23, 21.31it/s]
Computing stats:  15% 318/2097 [00:14<01:21, 21.84it/s]
Computing stats:  15% 321/2097 [00:14<01:19, 22.47it/s]
Computing stats:  15% 324/2097 [00:15<01:21, 21.88it/s]
Computing stats:  16% 327/2097 [00:15<01:25, 20.68it/s]
Computing stats:  16% 330/2097 [00:15<01:23, 21.11it/s]
Computing stats:  16% 333/2097 [00:15<01:20, 21.88it/s]
Computing stats:  16% 336/2097 [00:15<01:18, 22.47it/s]
Computing stats:  16% 339/2097 [00:15<01:21, 21.60it/s]
Computing stats:  16% 342/2097 [00:15<01:24, 20.87it/s]
Computing stats:  16% 345/2097 [00:15<01:21, 21.48it/s]
Computing stats:  17% 348/2097 [00:16<01:19, 22.10it/s]
Computing stats:  17% 351/2097 [00:16<01:19, 21.85it/s]
Computing stats:  17% 354/2097 [00:16<01:22, 21.03it/s]
Computing stats:  17% 357/2097 [00:16<01:22, 21.04it/s]
Computing stats:  17% 360/2097 [00:16<01:19, 21.85it/s]
Computing stats:  17% 363/2097 [00:16<01:17, 22.45it/s]
Computing stats:  17% 366/2097 [00:16<01:19, 21.87it/s]
Computing stats:  18% 369/2097 [00:17<01:21, 21.08it/s]
Computing stats:  18% 372/2097 [00:17<01:20, 21.31it/s]
Computing stats:  18% 375/2097 [00:17<01:18, 22.01it/s]
Computing stats:  18% 378/2097 [00:17<01:16, 22.54it/s]
Computing stats:  18% 381/2097 [00:17<01:14, 22.97it/s]
Computing stats:  18% 384/2097 [00:17<01:17, 22.08it/s]
Computing stats:  18% 387/2097 [00:17<01:21, 21.10it/s]
Computing stats:  19% 390/2097 [00:18<01:19, 21.49it/s]
Computing stats:  19% 393/2097 [00:18<01:16, 22.20it/s]
Computing stats:  19% 396/2097 [00:18<01:14, 22.68it/s]
Computing stats:  19% 399/2097 [00:18<01:16, 22.19it/s]
Computing stats:  19% 402/2097 [00:18<01:19, 21.31it/s]
Computing stats:  19% 405/2097 [00:18<01:19, 21.40it/s]
Computing stats:  19% 408/2097 [00:18<01:16, 22.11it/s]
Computing stats:  20% 411/2097 [00:18<01:14, 22.61it/s]
Computing stats:  20% 414/2097 [00:19<01:17, 21.59it/s]
Computing stats:  20% 417/2097 [00:19<01:20, 20.87it/s]
Computing stats:  20% 420/2097 [00:19<01:17, 21.65it/s]
Computing stats:  20% 423/2097 [00:19<01:15, 22.30it/s]
Computing stats:  20% 426/2097 [00:19<01:15, 22.08it/s]
Computing stats:  20% 429/2097 [00:19<01:18, 21.24it/s]
Computing stats:  21% 432/2097 [00:19<01:18, 21.19it/s]
Computing stats:  21% 435/2097 [00:20<01:15, 21.93it/s]
Computing stats:  21% 438/2097 [00:20<01:13, 22.48it/s]
Computing stats:  21% 441/2097 [00:20<01:15, 21.82it/s]
Computing stats:  21% 444/2097 [00:20<01:18, 21.05it/s]
Computing stats:  21% 447/2097 [00:20<01:17, 21.38it/s]
Computing stats:  21% 450/2097 [00:20<01:14, 22.09it/s]
Computing stats:  22% 453/2097 [00:20<01:12, 22.60it/s]
Computing stats:  22% 456/2097 [00:21<01:14, 22.02it/s]
Computing stats:  22% 459/2097 [00:21<01:17, 21.15it/s]
Computing stats:  22% 462/2097 [00:21<01:16, 21.39it/s]
Computing stats:  22% 465/2097 [00:21<01:13, 22.12it/s]
Computing stats:  22% 468/2097 [00:21<01:12, 22.62it/s]
Computing stats:  22% 471/2097 [00:21<01:14, 21.91it/s]
Computing stats:  23% 474/2097 [00:21<01:17, 21.03it/s]
Computing stats:  23% 477/2097 [00:22<01:15, 21.35it/s]
Computing stats:  23% 480/2097 [00:22<01:13, 22.12it/s]
Computing stats:  23% 483/2097 [00:22<01:11, 22.65it/s]
Computing stats:  23% 486/2097 [00:22<01:13, 21.92it/s]
Computing stats:  23% 489/2097 [00:22<01:16, 21.11it/s]
Computing stats:  23% 492/2097 [00:22<01:14, 21.46it/s]
Computing stats:  24% 495/2097 [00:22<01:12, 22.19it/s]
Computing stats:  24% 498/2097 [00:22<01:10, 22.61it/s]
Computing stats:  24% 501/2097 [00:23<01:11, 22.39it/s]
Computing stats:  24% 504/2097 [00:23<01:14, 21.43it/s]
Computing stats:  24% 507/2097 [00:23<01:15, 21.16it/s]
Computing stats:  24% 510/2097 [00:23<01:12, 21.93it/s]
Computing stats:  24% 513/2097 [00:23<01:10, 22.51it/s]
Computing stats:  25% 516/2097 [00:23<01:09, 22.91it/s]
Computing stats:  25% 519/2097 [00:23<01:10, 22.39it/s]
Computing stats:  25% 522/2097 [00:24<01:13, 21.40it/s]
Computing stats:  25% 525/2097 [00:24<01:13, 21.41it/s]
Computing stats:  25% 528/2097 [00:24<01:10, 22.14it/s]
Computing stats:  25% 531/2097 [00:24<01:09, 22.69it/s]
Computing stats:  25% 534/2097 [00:24<01:10, 22.26it/s]
Computing stats:  26% 537/2097 [00:24<01:13, 21.36it/s]
Computing stats:  26% 540/2097 [00:24<01:12, 21.36it/s]
Computing stats:  26% 543/2097 [00:25<01:10, 22.13it/s]
Computing stats:  26% 546/2097 [00:25<01:08, 22.61it/s]
Computing stats:  26% 549/2097 [00:25<01:08, 22.71it/s]
Computing stats:  26% 552/2097 [00:25<01:11, 21.64it/s]
Computing stats:  26% 555/2097 [00:25<01:13, 21.12it/s]
Computing stats:  27% 558/2097 [00:25<01:10, 21.89it/s]
Computing stats:  27% 561/2097 [00:25<01:08, 22.46it/s]
Computing stats:  27% 564/2097 [00:25<01:09, 22.13it/s]
Computing stats:  27% 567/2097 [00:26<01:11, 21.30it/s]
Computing stats:  27% 570/2097 [00:26<01:11, 21.31it/s]
Computing stats:  27% 573/2097 [00:26<01:08, 22.09it/s]
Computing stats:  27% 576/2097 [00:26<01:07, 22.63it/s]
Computing stats:  28% 579/2097 [00:26<01:09, 21.95it/s]
Computing stats:  28% 582/2097 [00:26<01:11, 21.17it/s]
Computing stats:  28% 585/2097 [00:26<01:10, 21.56it/s]
Computing stats:  28% 588/2097 [00:27<01:07, 22.22it/s]
Computing stats:  28% 591/2097 [00:27<01:07, 22.24it/s]
Computing stats:  28% 594/2097 [00:27<01:10, 21.34it/s]
Computing stats:  28% 597/2097 [00:27<01:11, 21.02it/s]
Computing stats:  29% 600/2097 [00:27<01:08, 21.83it/s]
Computing stats:  29% 603/2097 [00:27<01:06, 22.41it/s]
Computing stats:  29% 606/2097 [00:27<01:09, 21.51it/s]
Computing stats:  29% 609/2097 [00:28<01:11, 20.83it/s]
Computing stats:  29% 612/2097 [00:28<01:09, 21.50it/s]
Computing stats:  29% 615/2097 [00:28<01:06, 22.20it/s]
Computing stats:  29% 618/2097 [00:28<01:05, 22.66it/s]
Computing stats:  30% 621/2097 [00:28<01:04, 22.73it/s]
Computing stats:  30% 624/2097 [00:28<01:08, 21.64it/s]
Computing stats:  30% 627/2097 [00:28<01:09, 21.15it/s]
Computing stats:  30% 630/2097 [00:29<01:06, 21.94it/s]
Computing stats:  30% 633/2097 [00:29<01:06, 21.92it/s]
Computing stats:  30% 636/2097 [00:29<01:09, 21.13it/s]
Computing stats:  30% 639/2097 [00:29<01:09, 20.98it/s]
Computing stats:  31% 642/2097 [00:29<01:06, 21.83it/s]
Computing stats:  31% 645/2097 [00:29<01:05, 22.05it/s]
Computing stats:  31% 648/2097 [00:29<01:08, 21.22it/s]
Computing stats:  31% 651/2097 [00:30<01:09, 20.92it/s]
Computing stats:  31% 654/2097 [00:30<01:06, 21.75it/s]
Computing stats:  31% 657/2097 [00:30<01:04, 22.36it/s]
Computing stats:  31% 660/2097 [00:30<01:03, 22.70it/s]
Computing stats:  32% 663/2097 [00:30<01:06, 21.58it/s]
Computing stats:  32% 666/2097 [00:30<01:08, 20.89it/s]
Computing stats:  32% 669/2097 [00:30<01:05, 21.77it/s]
Computing stats:  32% 672/2097 [00:30<01:03, 22.40it/s]
Computing stats:  32% 675/2097 [00:31<01:02, 22.82it/s]
Computing stats:  32% 678/2097 [00:31<01:04, 21.87it/s]
Computing stats:  32% 681/2097 [00:31<01:07, 21.10it/s]
Computing stats:  33% 684/2097 [00:31<01:05, 21.64it/s]
Computing stats:  33% 687/2097 [00:31<01:03, 22.29it/s]
Computing stats:  33% 690/2097 [00:31<01:02, 22.66it/s]
Computing stats:  33% 693/2097 [00:31<01:04, 21.62it/s]
Computing stats:  33% 696/2097 [00:32<01:06, 20.95it/s]
Computing stats:  33% 699/2097 [00:32<01:04, 21.76it/s]
Computing stats:  33% 702/2097 [00:32<01:02, 22.36it/s]
Computing stats:  34% 705/2097 [00:32<01:01, 22.79it/s]
Computing stats:  34% 708/2097 [00:32<01:02, 22.18it/s]
Computing stats:  34% 711/2097 [00:32<01:05, 21.21it/s]
Computing stats:  34% 714/2097 [00:32<01:04, 21.40it/s]
Computing stats:  34% 717/2097 [00:33<01:02, 22.14it/s]
Computing stats:  34% 720/2097 [00:33<01:01, 22.53it/s]
Computing stats:  34% 723/2097 [00:33<01:00, 22.74it/s]
Computing stats:  35% 726/2097 [00:33<01:03, 21.59it/s]
Computing stats:  35% 729/2097 [00:33<01:05, 20.83it/s]
Computing stats:  35% 732/2097 [00:33<01:03, 21.53it/s]
Computing stats:  35% 735/2097 [00:33<01:01, 22.04it/s]
Computing stats:  35% 738/2097 [00:33<01:02, 21.86it/s]
Computing stats:  35% 741/2097 [00:34<01:04, 21.00it/s]
Computing stats:  35% 744/2097 [00:34<01:05, 20.55it/s]
Computing stats:  36% 747/2097 [00:34<01:02, 21.46it/s]
Computing stats:  36% 750/2097 [00:34<01:01, 22.01it/s]
Computing stats:  36% 753/2097 [00:34<01:03, 21.28it/s]
Computing stats:  36% 756/2097 [00:34<01:05, 20.62it/s]
Computing stats:  36% 759/2097 [00:34<01:02, 21.26it/s]
Computing stats:  36% 762/2097 [00:35<01:00, 22.09it/s]
Computing stats:  36% 765/2097 [00:35<00:58, 22.58it/s]
Computing stats:  37% 768/2097 [00:35<00:58, 22.64it/s]
Computing stats:  37% 771/2097 [00:35<01:01, 21.54it/s]
Computing stats:  37% 774/2097 [00:35<01:03, 20.99it/s]
Computing stats:  37% 777/2097 [00:35<01:00, 21.76it/s]
Computing stats:  37% 780/2097 [00:35<00:59, 22.30it/s]
Computing stats:  37% 783/2097 [00:36<00:58, 22.57it/s]
Computing stats:  37% 786/2097 [00:36<00:57, 22.89it/s]
Computing stats:  38% 789/2097 [00:36<00:59, 22.13it/s]
Computing stats:  38% 792/2097 [00:36<01:01, 21.19it/s]
Computing stats:  38% 795/2097 [00:36<01:00, 21.40it/s]
Computing stats:  38% 798/2097 [00:36<00:59, 21.91it/s]
Computing stats:  38% 801/2097 [00:36<00:58, 22.33it/s]
Computing stats:  38% 804/2097 [00:37<00:56, 22.77it/s]
Computing stats:  38% 807/2097 [00:37<00:59, 21.64it/s]
Computing stats:  39% 810/2097 [00:37<01:01, 20.88it/s]
Computing stats:  39% 813/2097 [00:37<00:59, 21.61it/s]
Computing stats:  39% 816/2097 [00:37<00:57, 22.34it/s]
Computing stats:  39% 819/2097 [00:37<00:57, 22.26it/s]
Computing stats:  39% 822/2097 [00:37<00:59, 21.31it/s]
Computing stats:  39% 825/2097 [00:38<01:00, 21.00it/s]
Computing stats:  39% 828/2097 [00:38<00:58, 21.76it/s]
Computing stats:  40% 831/2097 [00:38<00:56, 22.43it/s]
Computing stats:  40% 834/2097 [00:38<00:58, 21.74it/s]
Computing stats:  40% 837/2097 [00:38<01:00, 20.98it/s]
Computing stats:  40% 840/2097 [00:38<00:58, 21.39it/s]
Computing stats:  40% 843/2097 [00:38<00:56, 22.16it/s]
Computing stats:  40% 846/2097 [00:38<00:56, 22.14it/s]
Computing stats:  40% 849/2097 [00:39<00:58, 21.25it/s]
Computing stats:  41% 852/2097 [00:39<00:59, 20.97it/s]
Computing stats:  41% 855/2097 [00:39<00:56, 21.82it/s]
Computing stats:  41% 858/2097 [00:39<00:55, 22.32it/s]
Computing stats:  41% 861/2097 [00:39<00:57, 21.33it/s]
Computing stats:  41% 864/2097 [00:39<00:59, 20.70it/s]
Computing stats:  41% 867/2097 [00:39<00:56, 21.59it/s]
Computing stats:  41% 870/2097 [00:40<00:55, 22.29it/s]
Computing stats:  42% 873/2097 [00:40<00:53, 22.69it/s]
Computing stats:  42% 876/2097 [00:40<00:55, 21.83it/s]
Computing stats:  42% 879/2097 [00:40<00:57, 21.02it/s]
Computing stats:  42% 882/2097 [00:40<00:56, 21.54it/s]
Computing stats:  42% 885/2097 [00:40<00:54, 22.26it/s]
Computing stats:  42% 888/2097 [00:40<00:53, 22.66it/s]
Computing stats:  42% 891/2097 [00:41<00:56, 21.38it/s]
Computing stats:  43% 894/2097 [00:41<00:58, 20.54it/s]
Computing stats:  43% 897/2097 [00:41<00:55, 21.48it/s]
Computing stats:  43% 900/2097 [00:41<00:53, 22.20it/s]
Computing stats:  43% 903/2097 [00:41<00:52, 22.71it/s]
Computing stats:  43% 906/2097 [00:41<00:54, 21.73it/s]
Computing stats:  43% 909/2097 [00:41<00:57, 20.71it/s]
Computing stats:  43% 912/2097 [00:42<00:55, 21.29it/s]
Computing stats:  44% 915/2097 [00:42<00:53, 22.12it/s]
Computing stats:  44% 918/2097 [00:42<00:53, 21.92it/s]
Computing stats:  44% 921/2097 [00:42<00:55, 21.15it/s]
Computing stats:  44% 924/2097 [00:42<00:55, 21.13it/s]
Computing stats:  44% 927/2097 [00:42<00:53, 21.79it/s]
Computing stats:  44% 930/2097 [00:42<00:52, 22.44it/s]
Computing stats:  44% 933/2097 [00:42<00:50, 22.86it/s]
Computing stats:  45% 936/2097 [00:43<00:53, 21.85it/s]
Computing stats:  45% 939/2097 [00:43<00:54, 21.07it/s]
Computing stats:  45% 942/2097 [00:43<00:53, 21.62it/s]
Computing stats:  45% 945/2097 [00:43<00:51, 22.34it/s]
Computing stats:  45% 948/2097 [00:43<00:53, 21.61it/s]
Computing stats:  45% 951/2097 [00:43<00:54, 20.94it/s]
Computing stats:  45% 954/2097 [00:43<00:53, 21.51it/s]
Computing stats:  46% 957/2097 [00:44<00:51, 22.23it/s]
Computing stats:  46% 960/2097 [00:44<00:49, 22.78it/s]
Computing stats:  46% 963/2097 [00:44<00:49, 23.03it/s]
Computing stats:  46% 966/2097 [00:44<00:50, 22.50it/s]
Computing stats:  46% 969/2097 [00:44<00:52, 21.49it/s]
Computing stats:  46% 972/2097 [00:44<00:52, 21.40it/s]
Computing stats:  46% 975/2097 [00:44<00:50, 22.11it/s]
Computing stats:  47% 978/2097 [00:45<00:49, 22.61it/s]
Computing stats:  47% 981/2097 [00:45<00:51, 21.80it/s]
Computing stats:  47% 984/2097 [00:45<00:52, 21.07it/s]
Computing stats:  47% 987/2097 [00:45<00:51, 21.53it/s]
Computing stats:  47% 990/2097 [00:45<00:49, 22.30it/s]
Computing stats:  47% 993/2097 [00:45<00:48, 22.75it/s]
Computing stats:  47% 996/2097 [00:45<00:47, 23.07it/s]
Computing stats:  48% 999/2097 [00:45<00:47, 23.29it/s]
Computing stats:  48% 1002/2097 [00:46<00:49, 21.96it/s]
Computing stats:  48% 1005/2097 [00:46<00:52, 20.97it/s]
Computing stats:  48% 1008/2097 [00:46<00:50, 21.78it/s]
Computing stats:  48% 1011/2097 [00:46<00:48, 22.48it/s]
Computing stats:  48% 1014/2097 [00:46<00:50, 21.60it/s]
Computing stats:  48% 1017/2097 [00:46<00:51, 20.91it/s]
Computing stats:  49% 1020/2097 [00:46<00:49, 21.55it/s]
Computing stats:  49% 1023/2097 [00:47<00:48, 22.26it/s]
Computing stats:  49% 1026/2097 [00:47<00:49, 21.81it/s]
Computing stats:  49% 1029/2097 [00:47<00:50, 21.03it/s]
Computing stats:  49% 1032/2097 [00:47<00:50, 21.27it/s]
Computing stats:  49% 1035/2097 [00:47<00:48, 21.92it/s]
Computing stats:  49% 1038/2097 [00:47<00:46, 22.61it/s]
Computing stats:  50% 1041/2097 [00:47<00:47, 22.31it/s]
Computing stats:  50% 1044/2097 [00:48<00:49, 21.33it/s]
Computing stats:  50% 1047/2097 [00:48<00:49, 21.26it/s]
Computing stats:  50% 1050/2097 [00:48<00:47, 22.06it/s]
Computing stats:  50% 1053/2097 [00:48<00:46, 22.64it/s]
Computing stats:  50% 1056/2097 [00:48<00:46, 22.59it/s]
Computing stats:  51% 1059/2097 [00:48<00:48, 21.31it/s]
Computing stats:  51% 1062/2097 [00:48<00:49, 20.80it/s]
Computing stats:  51% 1065/2097 [00:49<00:47, 21.74it/s]
Computing stats:  51% 1068/2097 [00:49<00:46, 22.32it/s]
Computing stats:  51% 1071/2097 [00:49<00:47, 21.41it/s]
Computing stats:  51% 1074/2097 [00:49<00:49, 20.87it/s]
Computing stats:  51% 1077/2097 [00:49<00:46, 21.76it/s]
Computing stats:  52% 1080/2097 [00:49<00:45, 22.44it/s]
Computing stats:  52% 1083/2097 [00:49<00:45, 22.09it/s]
Computing stats:  52% 1086/2097 [00:49<00:47, 21.31it/s]
Computing stats:  52% 1089/2097 [00:50<00:47, 21.38it/s]
Computing stats:  52% 1092/2097 [00:50<00:45, 22.17it/s]
Computing stats:  52% 1095/2097 [00:50<00:43, 22.77it/s]
Computing stats:  52% 1098/2097 [00:50<00:46, 21.68it/s]
Computing stats:  53% 1101/2097 [00:50<00:47, 20.96it/s]
Computing stats:  53% 1104/2097 [00:50<00:45, 21.68it/s]
Computing stats:  53% 1107/2097 [00:50<00:44, 22.41it/s]
Computing stats:  53% 1110/2097 [00:51<00:43, 22.92it/s]
Computing stats:  53% 1113/2097 [00:51<01:19, 12.35it/s]
Computing stats:  53% 1115/2097 [00:51<01:12, 13.46it/s]
Computing stats:  53% 1117/2097 [00:51<01:07, 14.53it/s]
Computing stats:  53% 1120/2097 [00:51<00:59, 16.30it/s]
Computing stats:  54% 1123/2097 [00:52<00:53, 18.25it/s]
Computing stats:  54% 1126/2097 [00:52<00:49, 19.80it/s]
Computing stats:  54% 1129/2097 [00:52<00:49, 19.71it/s]
Computing stats:  54% 1132/2097 [00:52<00:49, 19.62it/s]
Computing stats:  54% 1135/2097 [00:52<00:46, 20.76it/s]
Computing stats:  54% 1138/2097 [00:52<00:44, 21.71it/s]
Computing stats:  54% 1141/2097 [00:52<00:43, 22.07it/s]
Computing stats:  55% 1144/2097 [00:52<00:44, 21.20it/s]
Computing stats:  55% 1147/2097 [00:53<00:45, 20.85it/s]
Computing stats:  55% 1150/2097 [00:53<00:43, 21.75it/s]
Computing stats:  55% 1153/2097 [00:53<00:42, 22.42it/s]
Computing stats:  55% 1156/2097 [00:53<00:41, 22.71it/s]
Computing stats:  55% 1159/2097 [00:53<00:43, 21.61it/s]
Computing stats:  55% 1162/2097 [00:53<00:44, 20.98it/s]
Computing stats:  56% 1165/2097 [00:53<00:42, 21.83it/s]
Computing stats:  56% 1168/2097 [00:54<00:41, 22.52it/s]
Computing stats:  56% 1171/2097 [00:54<00:40, 22.99it/s]
Computing stats:  56% 1174/2097 [00:54<00:39, 23.25it/s]
Computing stats:  56% 1177/2097 [00:54<00:39, 23.46it/s]
Computing stats:  56% 1180/2097 [00:54<00:41, 22.18it/s]
Computing stats:  56% 1183/2097 [00:54<00:42, 21.30it/s]
Computing stats:  57% 1186/2097 [00:54<00:41, 21.91it/s]
Computing stats:  57% 1189/2097 [00:55<00:40, 22.56it/s]
Computing stats:  57% 1192/2097 [00:55<00:41, 21.62it/s]
Computing stats:  57% 1195/2097 [00:55<00:43, 20.96it/s]
Computing stats:  57% 1198/2097 [00:55<00:41, 21.70it/s]
Computing stats:  57% 1201/2097 [00:55<00:40, 22.35it/s]
Computing stats:  57% 1204/2097 [00:55<00:39, 22.63it/s]
Computing stats:  58% 1207/2097 [00:55<00:41, 21.56it/s]
Computing stats:  58% 1210/2097 [00:55<00:42, 21.05it/s]
Computing stats:  58% 1213/2097 [00:56<00:40, 21.86it/s]
Computing stats:  58% 1216/2097 [00:56<00:39, 22.14it/s]
Computing stats:  58% 1219/2097 [00:56<00:41, 21.29it/s]
Computing stats:  58% 1222/2097 [00:56<00:41, 20.96it/s]
Computing stats:  58% 1225/2097 [00:56<00:39, 21.84it/s]
Computing stats:  59% 1228/2097 [00:56<00:38, 22.56it/s]
Computing stats:  59% 1231/2097 [00:56<00:39, 21.90it/s]
Computing stats:  59% 1234/2097 [00:57<00:40, 21.11it/s]
Computing stats:  59% 1237/2097 [00:57<00:40, 21.50it/s]
Computing stats:  59% 1240/2097 [00:57<00:38, 22.17it/s]
Computing stats:  59% 1243/2097 [00:57<00:37, 22.70it/s]
Computing stats:  59% 1246/2097 [00:57<00:38, 22.02it/s]
Computing stats:  60% 1249/2097 [00:57<00:40, 21.19it/s]
Computing stats:  60% 1252/2097 [00:57<00:39, 21.53it/s]
Computing stats:  60% 1255/2097 [00:58<00:37, 22.31it/s]
Computing stats:  60% 1258/2097 [00:58<00:37, 22.45it/s]
Computing stats:  60% 1261/2097 [00:58<00:38, 21.49it/s]
Computing stats:  60% 1264/2097 [00:58<00:39, 20.99it/s]
Computing stats:  60% 1267/2097 [00:58<00:37, 21.85it/s]
Computing stats:  61% 1270/2097 [00:58<00:36, 22.54it/s]
Computing stats:  61% 1273/2097 [00:58<00:36, 22.77it/s]
Computing stats:  61% 1276/2097 [00:59<00:37, 21.74it/s]
Computing stats:  61% 1279/2097 [00:59<00:38, 21.10it/s]
Computing stats:  61% 1282/2097 [00:59<00:37, 21.92it/s]
Computing stats:  61% 1285/2097 [00:59<00:35, 22.59it/s]
Computing stats:  61% 1288/2097 [00:59<00:36, 22.12it/s]
Computing stats:  62% 1291/2097 [00:59<00:37, 21.28it/s]
Computing stats:  62% 1294/2097 [00:59<00:37, 21.40it/s]
Computing stats:  62% 1297/2097 [00:59<00:36, 22.17it/s]
Computing stats:  62% 1300/2097 [01:00<00:35, 22.37it/s]
Computing stats:  62% 1303/2097 [01:00<00:37, 21.45it/s]
Computing stats:  62% 1306/2097 [01:00<00:37, 21.09it/s]
Computing stats:  62% 1309/2097 [01:00<00:35, 21.91it/s]
Computing stats:  63% 1312/2097 [01:00<00:34, 22.56it/s]
Computing stats:  63% 1315/2097 [01:00<00:34, 22.74it/s]
Computing stats:  63% 1318/2097 [01:00<00:35, 21.66it/s]
Computing stats:  63% 1321/2097 [01:01<00:36, 21.11it/s]
Computing stats:  63% 1324/2097 [01:01<00:35, 21.91it/s]
Computing stats:  63% 1327/2097 [01:01<00:34, 22.60it/s]
Computing stats:  63% 1330/2097 [01:01<00:34, 22.33it/s]
Computing stats:  64% 1333/2097 [01:01<00:35, 21.43it/s]
Computing stats:  64% 1336/2097 [01:01<00:35, 21.33it/s]
Computing stats:  64% 1339/2097 [01:01<00:34, 22.12it/s]
Computing stats:  64% 1342/2097 [01:02<00:33, 22.61it/s]
Computing stats:  64% 1345/2097 [01:02<00:33, 22.28it/s]
Computing stats:  64% 1348/2097 [01:02<00:35, 21.40it/s]
Computing stats:  64% 1351/2097 [01:02<00:35, 21.23it/s]
Computing stats:  65% 1354/2097 [01:02<00:33, 22.06it/s]
Computing stats:  65% 1357/2097 [01:02<00:33, 21.87it/s]
Computing stats:  65% 1360/2097 [01:02<00:34, 21.10it/s]
Computing stats:  65% 1363/2097 [01:03<00:34, 21.16it/s]
Computing stats:  65% 1366/2097 [01:03<00:33, 22.00it/s]
Computing stats:  65% 1369/2097 [01:03<00:33, 21.97it/s]
Computing stats:  65% 1372/2097 [01:03<00:34, 21.16it/s]
Computing stats:  66% 1375/2097 [01:03<00:34, 21.10it/s]
Computing stats:  66% 1378/2097 [01:03<00:32, 21.97it/s]
Computing stats:  66% 1381/2097 [01:03<00:31, 22.61it/s]
Computing stats:  66% 1384/2097 [01:03<00:32, 22.16it/s]
Computing stats:  66% 1387/2097 [01:04<00:33, 21.27it/s]
Computing stats:  66% 1390/2097 [01:04<00:32, 21.44it/s]
Computing stats:  66% 1393/2097 [01:04<00:31, 22.11it/s]
Computing stats:  67% 1396/2097 [01:04<00:30, 22.67it/s]
Computing stats:  67% 1399/2097 [01:04<00:32, 21.69it/s]
Computing stats:  67% 1402/2097 [01:04<00:33, 20.94it/s]
Computing stats:  67% 1405/2097 [01:04<00:32, 21.62it/s]
Computing stats:  67% 1408/2097 [01:05<00:30, 22.39it/s]
Computing stats:  67% 1411/2097 [01:05<00:30, 22.82it/s]
Computing stats:  67% 1414/2097 [01:05<00:30, 22.53it/s]
Computing stats:  68% 1417/2097 [01:05<00:31, 21.51it/s]
Computing stats:  68% 1420/2097 [01:05<00:31, 21.26it/s]
Computing stats:  68% 1423/2097 [01:05<00:30, 22.05it/s]
Computing stats:  68% 1426/2097 [01:05<00:29, 22.67it/s]
Computing stats:  68% 1429/2097 [01:06<00:30, 21.94it/s]
Computing stats:  68% 1432/2097 [01:06<00:31, 21.18it/s]
Computing stats:  68% 1435/2097 [01:06<00:30, 21.56it/s]
Computing stats:  69% 1438/2097 [01:06<00:29, 22.32it/s]
Computing stats:  69% 1441/2097 [01:06<00:28, 22.87it/s]
Computing stats:  69% 1444/2097 [01:06<00:28, 23.26it/s]
Computing stats:  69% 1447/2097 [01:06<00:27, 23.51it/s]
Computing stats:  69% 1450/2097 [01:06<00:28, 22.51it/s]
Computing stats:  69% 1453/2097 [01:07<00:29, 21.48it/s]
Computing stats:  69% 1456/2097 [01:07<00:29, 21.78it/s]
Computing stats:  70% 1459/2097 [01:07<00:28, 22.44it/s]
Computing stats:  70% 1462/2097 [01:07<00:27, 22.93it/s]
Computing stats:  70% 1465/2097 [01:07<00:29, 21.66it/s]
Computing stats:  70% 1468/2097 [01:07<00:29, 20.98it/s]
Computing stats:  70% 1471/2097 [01:07<00:28, 21.65it/s]
Computing stats:  70% 1474/2097 [01:08<00:28, 22.08it/s]
Computing stats:  70% 1477/2097 [01:08<00:29, 21.25it/s]
Computing stats:  71% 1480/2097 [01:08<00:29, 20.70it/s]
Computing stats:  71% 1483/2097 [01:08<00:28, 21.60it/s]
Computing stats:  71% 1486/2097 [01:08<00:27, 22.13it/s]
Computing stats:  71% 1489/2097 [01:08<00:28, 21.13it/s]
Computing stats:  71% 1492/2097 [01:08<00:29, 20.50it/s]
Computing stats:  71% 1495/2097 [01:09<00:28, 21.45it/s]
Computing stats:  71% 1498/2097 [01:09<00:27, 22.18it/s]
Computing stats:  72% 1501/2097 [01:09<00:27, 21.95it/s]
Computing stats:  72% 1504/2097 [01:09<00:27, 21.20it/s]
Computing stats:  72% 1507/2097 [01:09<00:27, 21.25it/s]
Computing stats:  72% 1510/2097 [01:09<00:26, 22.05it/s]
Computing stats:  72% 1513/2097 [01:09<00:26, 21.87it/s]
Computing stats:  72% 1516/2097 [01:10<00:27, 21.13it/s]
Computing stats:  72% 1519/2097 [01:10<00:27, 21.19it/s]
Computing stats:  73% 1522/2097 [01:10<00:26, 21.88it/s]
Computing stats:  73% 1525/2097 [01:10<00:25, 22.13it/s]
Computing stats:  73% 1528/2097 [01:10<00:26, 21.21it/s]
Computing stats:  73% 1531/2097 [01:10<00:27, 20.83it/s]
Computing stats:  73% 1534/2097 [01:10<00:25, 21.66it/s]
Computing stats:  73% 1537/2097 [01:10<00:25, 22.12it/s]
Computing stats:  73% 1540/2097 [01:11<00:26, 21.26it/s]
Computing stats:  74% 1543/2097 [01:11<00:26, 20.81it/s]
Computing stats:  74% 1546/2097 [01:11<00:25, 21.69it/s]
Computing stats:  74% 1549/2097 [01:11<00:24, 22.37it/s]
Computing stats:  74% 1552/2097 [01:11<00:24, 22.08it/s]
Computing stats:  74% 1555/2097 [01:11<00:25, 21.24it/s]
Computing stats:  74% 1558/2097 [01:11<00:25, 21.26it/s]
Computing stats:  74% 1561/2097 [01:12<00:24, 21.97it/s]
Computing stats:  75% 1564/2097 [01:12<00:24, 21.51it/s]
Computing stats:  75% 1567/2097 [01:12<00:25, 20.87it/s]
Computing stats:  75% 1570/2097 [01:12<00:24, 21.25it/s]
Computing stats:  75% 1573/2097 [01:12<00:23, 22.05it/s]
Computing stats:  75% 1576/2097 [01:12<00:23, 21.85it/s]
Computing stats:  75% 1579/2097 [01:12<00:24, 21.05it/s]
Computing stats:  75% 1582/2097 [01:13<00:24, 21.02it/s]
Computing stats:  76% 1585/2097 [01:13<00:23, 21.82it/s]
Computing stats:  76% 1588/2097 [01:13<00:23, 21.50it/s]
Computing stats:  76% 1591/2097 [01:13<00:24, 20.87it/s]
Computing stats:  76% 1594/2097 [01:13<00:23, 21.20it/s]
Computing stats:  76% 1597/2097 [01:13<00:22, 21.98it/s]
Computing stats:  76% 1600/2097 [01:13<00:23, 21.51it/s]
Computing stats:  76% 1603/2097 [01:14<00:23, 20.89it/s]
Computing stats:  77% 1606/2097 [01:14<00:23, 21.26it/s]
Computing stats:  77% 1609/2097 [01:14<00:22, 22.00it/s]
Computing stats:  77% 1612/2097 [01:14<00:22, 21.34it/s]
Computing stats:  77% 1615/2097 [01:14<00:23, 20.73it/s]
Computing stats:  77% 1618/2097 [01:14<00:22, 21.37it/s]
Computing stats:  77% 1621/2097 [01:14<00:21, 22.12it/s]
Computing stats:  77% 1624/2097 [01:15<00:21, 22.20it/s]
Computing stats:  78% 1627/2097 [01:15<00:22, 21.34it/s]
Computing stats:  78% 1630/2097 [01:15<00:22, 21.10it/s]
Computing stats:  78% 1633/2097 [01:15<00:21, 21.84it/s]
Computing stats:  78% 1636/2097 [01:15<00:21, 21.87it/s]
Computing stats:  78% 1639/2097 [01:15<00:21, 21.11it/s]
Computing stats:  78% 1642/2097 [01:15<00:21, 21.08it/s]
Computing stats:  78% 1645/2097 [01:16<00:20, 21.90it/s]
Computing stats:  79% 1648/2097 [01:16<00:19, 22.51it/s]
Computing stats:  79% 1651/2097 [01:16<00:19, 22.41it/s]
Computing stats:  79% 1654/2097 [01:16<00:20, 21.49it/s]
Computing stats:  79% 1657/2097 [01:16<00:20, 21.20it/s]
Computing stats:  79% 1660/2097 [01:16<00:19, 22.02it/s]
Computing stats:  79% 1663/2097 [01:16<00:19, 22.39it/s]
Computing stats:  79% 1666/2097 [01:16<00:20, 21.45it/s]
Computing stats:  80% 1669/2097 [01:17<00:20, 20.91it/s]
Computing stats:  80% 1672/2097 [01:17<00:19, 21.76it/s]
Computing stats:  80% 1675/2097 [01:17<00:18, 22.22it/s]
Computing stats:  80% 1678/2097 [01:17<00:19, 21.36it/s]
Computing stats:  80% 1681/2097 [01:17<00:19, 20.88it/s]
Computing stats:  80% 1684/2097 [01:17<00:19, 21.73it/s]
Computing stats:  80% 1687/2097 [01:17<00:18, 22.38it/s]
Computing stats:  81% 1690/2097 [01:18<00:18, 22.24it/s]
Computing stats:  81% 1693/2097 [01:18<00:18, 21.39it/s]
Computing stats:  81% 1696/2097 [01:18<00:18, 21.22it/s]
Computing stats:  81% 1699/2097 [01:18<00:18, 22.02it/s]
Computing stats:  81% 1702/2097 [01:18<00:17, 22.37it/s]
Computing stats:  81% 1705/2097 [01:18<00:18, 21.43it/s]
Computing stats:  81% 1708/2097 [01:18<00:18, 20.93it/s]
Computing stats:  82% 1711/2097 [01:19<00:17, 21.78it/s]
Computing stats:  82% 1714/2097 [01:19<00:17, 22.42it/s]
Computing stats:  82% 1717/2097 [01:19<00:17, 21.80it/s]
Computing stats:  82% 1720/2097 [01:19<00:17, 21.09it/s]
Computing stats:  82% 1723/2097 [01:19<00:17, 21.50it/s]
Computing stats:  82% 1726/2097 [01:19<00:16, 22.23it/s]
Computing stats:  82% 1729/2097 [01:19<00:16, 22.73it/s]
Computing stats:  83% 1732/2097 [01:19<00:16, 21.88it/s]
Computing stats:  83% 1735/2097 [01:20<00:17, 21.13it/s]
Computing stats:  83% 1738/2097 [01:20<00:16, 21.65it/s]
Computing stats:  83% 1741/2097 [01:20<00:16, 22.22it/s]
Computing stats:  83% 1744/2097 [01:20<00:16, 21.35it/s]
Computing stats:  83% 1747/2097 [01:20<00:16, 20.83it/s]
Computing stats:  83% 1750/2097 [01:20<00:16, 21.67it/s]
Computing stats:  84% 1753/2097 [01:20<00:15, 22.34it/s]
Computing stats:  84% 1756/2097 [01:21<00:15, 21.68it/s]
Computing stats:  84% 1759/2097 [01:21<00:16, 20.97it/s]
Computing stats:  84% 1762/2097 [01:21<00:15, 21.39it/s]
Computing stats:  84% 1765/2097 [01:21<00:14, 22.16it/s]
Computing stats:  84% 1768/2097 [01:21<00:15, 21.75it/s]
Computing stats:  84% 1771/2097 [01:21<00:15, 21.06it/s]
Computing stats:  85% 1774/2097 [01:21<00:15, 21.29it/s]
Computing stats:  85% 1777/2097 [01:22<00:14, 22.07it/s]
Computing stats:  85% 1780/2097 [01:22<00:14, 21.86it/s]
Computing stats:  85% 1783/2097 [01:22<00:14, 21.11it/s]
Computing stats:  85% 1786/2097 [01:22<00:14, 21.16it/s]
Computing stats:  85% 1789/2097 [01:22<00:14, 21.96it/s]
Computing stats:  85% 1792/2097 [01:22<00:13, 22.26it/s]
Computing stats:  86% 1795/2097 [01:22<00:14, 21.42it/s]
Computing stats:  86% 1798/2097 [01:23<00:14, 21.04it/s]
Computing stats:  86% 1801/2097 [01:23<00:13, 21.91it/s]
Computing stats:  86% 1804/2097 [01:23<00:13, 21.90it/s]
Computing stats:  86% 1807/2097 [01:23<00:13, 21.13it/s]
Computing stats:  86% 1810/2097 [01:23<00:13, 21.08it/s]
Computing stats:  86% 1813/2097 [01:23<00:12, 21.88it/s]
Computing stats:  87% 1816/2097 [01:23<00:12, 22.28it/s]
Computing stats:  87% 1819/2097 [01:24<00:13, 21.37it/s]
Computing stats:  87% 1822/2097 [01:24<00:13, 20.91it/s]
Computing stats:  87% 1825/2097 [01:24<00:12, 21.76it/s]
Computing stats:  87% 1828/2097 [01:24<00:12, 22.39it/s]
Computing stats:  87% 1831/2097 [01:24<00:12, 21.53it/s]
Computing stats:  87% 1834/2097 [01:24<00:12, 20.87it/s]
Computing stats:  88% 1837/2097 [01:24<00:12, 21.54it/s]
Computing stats:  88% 1840/2097 [01:25<00:11, 22.00it/s]
Computing stats:  88% 1843/2097 [01:25<00:12, 21.15it/s]
Computing stats:  88% 1846/2097 [01:25<00:12, 20.81it/s]
Computing stats:  88% 1849/2097 [01:25<00:11, 21.66it/s]
Computing stats:  88% 1852/2097 [01:25<00:10, 22.34it/s]
Computing stats:  88% 1855/2097 [01:25<00:11, 21.80it/s]
Computing stats:  89% 1858/2097 [01:25<00:11, 21.10it/s]
Computing stats:  89% 1861/2097 [01:25<00:11, 21.45it/s]
Computing stats:  89% 1864/2097 [01:26<00:10, 22.15it/s]
Computing stats:  89% 1867/2097 [01:26<00:10, 22.72it/s]
Computing stats:  89% 1870/2097 [01:26<00:10, 21.63it/s]
Computing stats:  89% 1873/2097 [01:26<00:10, 20.97it/s]
Computing stats:  89% 1876/2097 [01:26<00:10, 21.73it/s]
Computing stats:  90% 1879/2097 [01:26<00:09, 21.92it/s]
Computing stats:  90% 1882/2097 [01:26<00:10, 21.16it/s]
Computing stats:  90% 1885/2097 [01:27<00:10, 20.97it/s]
Computing stats:  90% 1888/2097 [01:27<00:09, 21.82it/s]
Computing stats:  90% 1891/2097 [01:27<00:09, 22.38it/s]
Computing stats:  90% 1894/2097 [01:27<00:09, 21.46it/s]
Computing stats:  90% 1897/2097 [01:27<00:09, 20.87it/s]
Computing stats:  91% 1900/2097 [01:27<00:09, 21.72it/s]
Computing stats:  91% 1903/2097 [01:27<00:08, 22.36it/s]
Computing stats:  91% 1906/2097 [01:28<00:08, 21.39it/s]
Computing stats:  91% 1909/2097 [01:28<00:09, 20.81it/s]
Computing stats:  91% 1912/2097 [01:28<00:08, 21.54it/s]
Computing stats:  91% 1915/2097 [01:28<00:08, 21.87it/s]
Computing stats:  91% 1918/2097 [01:28<00:08, 21.12it/s]
Computing stats:  92% 1921/2097 [01:28<00:08, 20.79it/s]
Computing stats:  92% 1924/2097 [01:28<00:07, 21.67it/s]
Computing stats:  92% 1927/2097 [01:29<00:07, 22.17it/s]
Computing stats:  92% 1930/2097 [01:29<00:07, 21.30it/s]
Computing stats:  92% 1933/2097 [01:29<00:07, 20.85it/s]
Computing stats:  92% 1936/2097 [01:29<00:07, 21.72it/s]
Computing stats:  92% 1939/2097 [01:29<00:07, 21.83it/s]
Computing stats:  93% 1942/2097 [01:29<00:07, 21.12it/s]
Computing stats:  93% 1945/2097 [01:29<00:07, 21.04it/s]
Computing stats:  93% 1948/2097 [01:30<00:06, 21.85it/s]
Computing stats:  93% 1951/2097 [01:30<00:06, 22.24it/s]
Computing stats:  93% 1954/2097 [01:30<00:06, 21.39it/s]
Computing stats:  93% 1957/2097 [01:30<00:06, 20.89it/s]
Computing stats:  93% 1960/2097 [01:30<00:06, 21.73it/s]
Computing stats:  94% 1963/2097 [01:30<00:05, 22.34it/s]
Computing stats:  94% 1966/2097 [01:30<00:06, 21.42it/s]
Computing stats:  94% 1969/2097 [01:31<00:06, 20.87it/s]
Computing stats:  94% 1972/2097 [01:31<00:05, 21.72it/s]
Computing stats:  94% 1975/2097 [01:31<00:05, 22.38it/s]
Computing stats:  94% 1978/2097 [01:31<00:05, 22.38it/s]
Computing stats:  94% 1981/2097 [01:31<00:05, 21.46it/s]
Computing stats:  95% 1984/2097 [01:31<00:05, 21.17it/s]
Computing stats:  95% 1987/2097 [01:31<00:05, 21.97it/s]
Computing stats:  95% 1990/2097 [01:31<00:04, 22.02it/s]
Computing stats:  95% 1993/2097 [01:32<00:04, 21.25it/s]
Computing stats:  95% 1996/2097 [01:32<00:04, 21.13it/s]
Computing stats:  95% 1999/2097 [01:32<00:04, 21.95it/s]
Computing stats:  95% 2002/2097 [01:32<00:04, 22.02it/s]
Computing stats:  96% 2005/2097 [01:32<00:04, 21.21it/s]
Computing stats:  96% 2008/2097 [01:32<00:04, 21.06it/s]
Computing stats:  96% 2011/2097 [01:32<00:03, 21.91it/s]
Computing stats:  96% 2014/2097 [01:33<00:03, 22.30it/s]
Computing stats:  96% 2017/2097 [01:33<00:03, 21.39it/s]
Computing stats:  96% 2020/2097 [01:33<00:03, 20.92it/s]
Computing stats:  96% 2023/2097 [01:33<00:03, 21.79it/s]
Computing stats:  97% 2026/2097 [01:33<00:03, 22.08it/s]
Computing stats:  97% 2029/2097 [01:33<00:03, 21.22it/s]
Computing stats:  97% 2032/2097 [01:33<00:03, 20.90it/s]
Computing stats:  97% 2035/2097 [01:34<00:02, 21.77it/s]
Computing stats:  97% 2038/2097 [01:34<00:02, 22.15it/s]
Computing stats:  97% 2041/2097 [01:34<00:02, 21.30it/s]
Computing stats:  97% 2044/2097 [01:34<00:02, 20.91it/s]
Computing stats:  98% 2047/2097 [01:34<00:02, 21.77it/s]
Computing stats:  98% 2050/2097 [01:34<00:02, 22.32it/s]
Computing stats:  98% 2053/2097 [01:34<00:01, 22.41it/s]
Computing stats:  98% 2056/2097 [01:35<00:01, 21.45it/s]
Computing stats:  98% 2059/2097 [01:35<00:01, 21.11it/s]
Computing stats:  98% 2062/2097 [01:35<00:01, 21.89it/s]
Computing stats:  98% 2065/2097 [01:35<00:01, 22.54it/s]
Computing stats:  99% 2068/2097 [01:35<00:01, 22.17it/s]
Computing stats:  99% 2071/2097 [01:35<00:01, 21.31it/s]
Computing stats:  99% 2074/2097 [01:35<00:01, 21.35it/s]
Computing stats:  99% 2077/2097 [01:35<00:00, 22.12it/s]
Computing stats:  99% 2080/2097 [01:36<00:00, 21.60it/s]
Computing stats:  99% 2083/2097 [01:36<00:00, 21.00it/s]
Computing stats:  99% 2086/2097 [01:36<00:00, 21.44it/s]
Computing stats: 100% 2089/2097 [01:36<00:00, 22.21it/s]
Computing stats: 100% 2092/2097 [01:36<00:00, 22.19it/s]
Computing stats: 100% 2095/2097 [01:36<00:00, 21.33it/s]
Computing stats: 100% 2097/2097 [01:37<00:00, 21.55it/s]
Writing stats to: /workspace/multitask-sft/C/assets/pi0_libero_seen_lora32/local/multitask_C
NORMALIZATION_BOUND C ecad97851b8c9330ddd6387791049fd512302aa75384c7ca36d2670e9cac6878
