model,task,seed,success,length,reset_hash,prompt,reach,grasp,lift,min_reach_m,max_lift_m
0,D0,9000,0,220,cda352e7ea02da5687eb4f746b963174955af404abc489875195ae14cc674af0,pick up the black bowl from table center and place it on the plate,0,0,0,0.24871550380688895,2.786076397365278e-07
0,D0,9001,0,220,000d8086c3049c124ee92a67574e9d6f146d71be485c159c561dc901c380c5d7,pick up the black bowl from table center and place it on the plate,0,0,0,0.2632598022515942,2.786076397365278e-07
0,D0,9002,0,220,e1396ef19ca740b00012e935c86bb951ceedd0086febf3558c65664867baba87,pick up the black bowl from table center and place it on the plate,0,0,0,0.20417323299786969,2.7860896811837677e-07
0,D0,9003,0,220,bbac12e3b3712b5e27d972cd1a8df5de2499aef29ba2a8bddc4c3d9065ce3cbd,pick up the black bowl from table center and place it on the plate,0,0,0,0.2572939041229168,2.786076398475501e-07
0,D0,9004,0,220,4217789f67f3f135585eff2c6e7e7e757c050be95f5fc3618079017a628bb279,pick up the black bowl from table center and place it on the plate,0,0,0,0.27809936225671755,2.786076397365278e-07
0,D0,9005,0,220,0064a3ba31d7d36cc7b98568e38312a78a2ee6b7df637d8de500b50501a894c2,pick up the black bowl from table center and place it on the plate,0,0,0,0.2361334648823301,2.786076399585724e-07
0,D0,9006,0,220,8b856fe08b53ed0f69ca679f61bf85fd2f2b0a6df689ba6763c2cf74d380acaa,pick up the black bowl from table center and place it on the plate,0,0,0,0.23311904116252255,2.786076398475501e-07
0,D0,9007,0,220,ece28a27e0cdea4f23f0552cfa90d14a90d3f4fe2212542e60df865e5c9aa2f9,pick up the black bowl from table center and place it on the plate,0,0,0,0.21563111995024078,2.786076397365278e-07
0,D0,9008,0,220,729bfc215a54df4bd6a30ed6387bfdb8206a75bd1289d51af9ea677f1b2d5aaf,pick up the black bowl from table center and place it on the plate,0,0,0,0.2716140554845562,2.7951150838312344e-07
0,D0,9009,0,220,b972b58b88a0dc8c343a2fa4ccc2ca9857254418af4b2f9cf867314eca4eab8a,pick up the black bowl from table center and place it on the plate,0,0,0,0.22592432665456608,2.786076397365278e-07
0,D0,9010,0,220,b6d6cd4ef39e11f0df4d5f14a6460260f8af0d17540f340fd611743d00b60457,pick up the black bowl from table center and place it on the plate,0,0,0,0.2304952785293032,2.786076398475501e-07
0,D0,9011,0,220,7aca0b8b247b3edff1114d879b0a3e64eae2976e012ae867c45d1b48244b4e6d,pick up the black bowl from table center and place it on the plate,0,0,0,0.22778246452681986,2.786078243666168e-07
0,D0,9012,0,220,03d04daad25128361ecf4b7600048e4eb61ae26653e23eefac36fe82db182085,pick up the black bowl from table center and place it on the plate,0,0,0,0.253426257761297,2.786076399585724e-07
0,D0,9013,0,220,afb0bb9a3e9eb99d65948c4c5503645f5cf3844227e768d575603159af05126f,pick up the black bowl from table center and place it on the plate,0,0,0,0.25792125423792467,2.786121753306503e-07
0,D0,9014,0,220,839be611de9e3c8f81732e7d0014efc4406528025babf34826ffc8ebc56d1b09,pick up the black bowl from table center and place it on the plate,0,0,0,0.301205073981734,2.786076398475501e-07
0,D0,9015,0,220,f9e93526155e334157e517ef256ceaa680b60b306eaa711d0cde97fd69d4ff6c,pick up the black bowl from table center and place it on the plate,0,0,0,0.22989428596002584,2.786076397365278e-07
0,D0,9016,0,220,b2d874dca424ce3c5b8cc62fa285b432c44fa8ae429fa767b78a134fc0c425f1,pick up the black bowl from table center and place it on the plate,0,0,0,0.23756633767665628,2.786076397365278e-07
0,D0,9017,0,220,1ab5d502113f4721f4e44976f29f665c9c0e3372f78549b54f8e04ebcb1ba5db,pick up the black bowl from table center and place it on the plate,0,0,0,0.23151084778991365,2.786076406247062e-07
0,D0,9018,0,220,c4b2b90535e21008f866db6439ef88c5b120262ce1bcf582affbe0ae911d0fae,pick up the black bowl from table center and place it on the plate,0,0,0,0.2734850005157265,2.786076399585724e-07
0,D0,9019,0,220,0c95b250f4b6108d45f40cf264fe6a3adaf91ea6f8d245f5338573be42b26d14,pick up the black bowl from table center and place it on the plate,0,0,0,0.2574908180268575,2.786076397365278e-07
0,D0,9020,0,220,00decc6f64d3d60e0483b509e18cd2fb76e89dabe9de5b0a037490f514061d63,pick up the black bowl from table center and place it on the plate,0,0,0,0.263235835038256,2.7933809454427916e-07
0,D0,9021,0,220,e6507e5c42593a4d1c2de3ea030650c66aa52ec66377c0ad09504b9f5958763b,pick up the black bowl from table center and place it on the plate,0,0,0,0.2592431389167345,2.786076397365278e-07
0,D0,9022,0,220,75ab3f6956e5b3851e3270bc4a3e22c1f6362a3d12cf7b1092622184ecfb622d,pick up the black bowl from table center and place it on the plate,0,0,0,0.25906253863875633,2.786081271244356e-07
0,D0,9023,0,220,f8012f6bcc54f1da0d16088a0d575467f62b143fca5b3cc39ac2f002b43e455d,pick up the black bowl from table center and place it on the plate,0,0,0,0.26558293307802067,2.786076398475501e-07
0,D0,9024,0,220,2f629c67d6c5d7fa6cfae9ff38fe2849067dada91ff46861cf4752fcae34ea70,pick up the black bowl from table center and place it on the plate,0,0,0,0.2576258475833461,2.786076398475501e-07
0,D0,9025,0,220,5fa8be1166c684fde9b673140eebd54241694051ccf107f0d0cb99ecaa0a0cfb,pick up the black bowl from table center and place it on the plate,0,0,0,0.22785617272286632,2.78608212056497e-07
0,D0,9026,0,220,ccbabcf8079cc42aeb308d3bba96afbf11add66e3ca56a14e3765b87da1098e6,pick up the black bowl from table center and place it on the plate,0,0,0,0.29844584503288796,2.786076399585724e-07
0,D0,9027,0,220,da81a40d0fe36b28a223c0dd2be1216852a6b32a90ef6508283f11f6ba5b0ca2,pick up the black bowl from table center and place it on the plate,0,0,0,0.25045978479421194,2.786085375738878e-07
0,D0,9028,0,220,5e275c597db019875e6f7eaa6221c44457d29d5defc904ffb2aa52f87450db6c,pick up the black bowl from table center and place it on the plate,0,0,0,0.26231405617301645,2.786076397365278e-07
0,D0,9029,0,220,b6e021eb7ad3e768b6b28b65aa373f1deb1f0ce9b5274e7f4ad3f5d740e13756,pick up the black bowl from table center and place it on the plate,0,0,0,0.27851007199035444,2.7861395002215517e-07
0,D0,9030,0,220,6bcf1fb385d46ec0503c85559da533da0feaf154756aa8028a8a46907c7419c8,pick up the black bowl from table center and place it on the plate,0,0,0,0.2182371460470305,2.786076398475501e-07
0,D0,9031,0,220,9f87980700d859f1b5175c93cbb43767c0012c7ccfdcb6de86cc66158765c0b9,pick up the black bowl from table center and place it on the plate,0,0,0,0.23161172723980802,2.786076397365278e-07
0,D0,9032,0,220,e273517e0dcbb53d3c16758c1f586ff3f7d72b99d284e4b060dd46b2a6536728,pick up the black bowl from table center and place it on the plate,0,0,0,0.16877406002686704,2.786076397365278e-07
0,D0,9033,0,220,6af256b83ec84359072946ea2c39a23d2dbb13b58841ba083b7e22828c8651b5,pick up the black bowl from table center and place it on the plate,0,0,0,0.2537780135945552,2.786076397365278e-07
0,D0,9034,0,220,4a321f552d57859a9117fddfc08c43a3aa6fc542d30dc7ba6aa825db1179b3e9,pick up the black bowl from table center and place it on the plate,0,0,0,0.2453926587546661,2.786076398475501e-07
0,D0,9035,0,220,aa3e23cccee4195e458e1502cf47a7984b72fd20a244acd691fc6a13e025e644,pick up the black bowl from table center and place it on the plate,0,0,0,0.2823452192808499,2.786076398475501e-07
0,D0,9036,0,220,bf94848651de0b05b74f4ab46dbf078c63267e2eae44e4ccceb28fb4cd7b770a,pick up the black bowl from table center and place it on the plate,0,0,0,0.2310104772225595,2.786076397365278e-07
0,D0,9037,0,220,fcdffd3e266c5b9aedb7d9b2035f916982a8fe3dc197e713201ba974ab997d19,pick up the black bowl from table center and place it on the plate,0,0,0,0.2504745371150055,2.786076397365278e-07
0,D0,9038,0,220,3888c879dc762cada29c6c6c6f8839ec614a1505fa05899de220efdfc1e8d8ba,pick up the black bowl from table center and place it on the plate,0,0,0,0.22661279502072196,2.786095697482338e-07
0,D0,9039,0,220,a0a0b71631d8529f70a4f538d4d71908a6e832e6a9bf12dc36bda1a61883c233,pick up the black bowl from table center and place it on the plate,0,0,0,0.1990461565121119,2.786076397365278e-07
0,D0,9040,0,220,04a924c3f5bab9d9ec8fa6c4a76a62a6efbe5186563b7b5dcd522c239aa4e24c,pick up the black bowl from table center and place it on the plate,0,0,0,0.24876700910461333,2.786076398475501e-07
0,D0,9041,0,220,1130a5b8637933d25eec1d71a0e5fd45786310d0cad00548b7e2d15856cb5e96,pick up the black bowl from table center and place it on the plate,0,0,0,0.25994562720583736,2.7860764295617457e-07
0,D0,9042,0,220,8eac1c962e40b3a800b8d9c1eb05bf13ba0f0e9eaa254e45059289ef8d93fe85,pick up the black bowl from table center and place it on the plate,0,0,0,0.24827295549310235,2.809967873940167e-07
0,D0,9043,0,220,7c980db2f5ccc2a325e5888e724f0fba1ffc450090d9861baeebe4e4b0268a06,pick up the black bowl from table center and place it on the plate,0,0,0,0.2610408978395595,2.786076397365278e-07
0,D0,9044,0,220,4aa449d6b0d3e190d05267b87e02d523cbdc276254263a54f8d719582ba33830,pick up the black bowl from table center and place it on the plate,0,0,0,0.26834459661290666,2.786076397365278e-07
0,D0,9045,0,220,5043d88c4ba34ace525a341fa4bef10dcda80d77eb068856f75713cba767caed,pick up the black bowl from table center and place it on the plate,0,0,0,0.23575433735758577,2.7860839912907664e-07
0,D0,9046,0,220,9e39a995f661ab187976da2307cf1fcf4385fd4ade3fa107b6e51128dad4d1d4,pick up the black bowl from table center and place it on the plate,0,0,0,0.20543078261695016,2.786076935823445e-07
0,D0,9047,0,220,e8654e4e3980b57b8c1e79cadd0c3cda4c5ea3de76d658fc89f580d039d242c0,pick up the black bowl from table center and place it on the plate,0,0,0,0.2631414022338702,2.786076397365278e-07
0,D0,9048,0,220,a680ad4c663a18aa5318b13aa5cc7bfbca5114eb1c5c0b00586c5048961e9d28,pick up the black bowl from table center and place it on the plate,0,0,0,0.1916363496234444,2.786076397365278e-07
0,D0,9049,0,220,bc4168f670a350e69667cd1b5d4535091f30096df55ee538e8fb1e86abdefdd7,pick up the black bowl from table center and place it on the plate,0,0,0,0.2501428233053559,2.786077532013209e-07
0,D1,9000,0,220,320bd4e69fa585f8535cf271e7d2540a8d6d5af6deedb9b3b969ef2572bfad21,pick up the black bowl next to the plate and place it on the plate,0,0,0,0.14204520965530754,0.009270431854380146
0,D1,9001,0,220,b93e417d8c84f16c04da169170b709563bbb5c10a6a1b65b0bf060f7e1b26f5a,pick up the black bowl next to the plate and place it on the plate,0,0,0,0.12324362909695591,2.786076397365278e-07
0,D1,9002,0,220,c697e1c72b21ca81329358cbe2f17694ec62f7ee14c1ed7d98550092012f4916,pick up the black bowl next to the plate and place it on the plate,0,0,0,0.1442298224191291,3.8543527236534203e-07
0,D1,9003,0,220,060eb6dfd25ba2cb5c88798bb0e163d546def0f5f617de5bdef718a4d9f2ded0,pick up the black bowl next to the plate and place it on the plate,0,0,0,0.22680234952130235,4.5141265048176393e-07
0,D1,9004,0,220,12f40fa0d2a1703bccb38e1e9a9f9d5bb2adacc01bb856762590775d1701faf9,pick up the black bowl next to the plate and place it on the plate,0,0,0,1.0558218802586743,0.0
0,D1,9005,0,220,de65a02d26ef4848d993755f375d5b4a5f08d8eb1d6e06432041e55786b74877,pick up the black bowl next to the plate and place it on the plate,1,0,0,0.08347665526653436,0.012092923412542644
0,D1,9006,0,220,f575923a9eb3eb96c5e3371daac3c35e6913d2810a7e86f2d30609f5b71b0b1c,pick up the black bowl next to the plate and place it on the plate,0,0,0,0.21869291631980642,0.004361790034486335
0,D1,9007,0,220,6ba2c508a99e66d9e74bc4823bd4991d1d5c729dfd9e24c104edc3b1c4b40fe6,pick up the black bowl next to the plate and place it on the plate,1,0,1,0.060216780476342865,0.03696469876156394
0,D1,9008,0,220,4e229f430a73a056ac52cc8bcf85d7c9f2c31d88cf9f0e42b18290bb47e785ec,pick up the black bowl next to the plate and place it on the plate,0,0,0,0.11009986593462007,0.013839343540314797
0,D1,9009,0,220,5aa7effdfb404707fbd952c18ba6bdd531c1c9f4ab5a44bd514ec937dce84dd3,pick up the black bowl next to the plate and place it on the plate,0,0,0,0.17279944371252812,0.003402636164730688
0,D1,9010,0,220,3db9d470f978819af14be3fc41cf85037f05228470784d6c685b1abd2a987c6d,pick up the black bowl next to the plate and place it on the plate,0,0,0,0.21930814864338682,2.786076397365278e-07
0,D1,9011,0,220,45cb3a9e999a09462d9f4b38d645d72f3702f2e55386e821da15a90b0672b04c,pick up the black bowl next to the plate and place it on the plate,1,0,0,0.06992013667196749,0.01686987642594484
0,D1,9012,0,220,9c77d1ca9de94157bbab7cff54b96083ee77bc314cc5ce5e9793a84b62ff582e,pick up the black bowl next to the plate and place it on the plate,0,0,1,0.16806291050621533,0.034321155330857334
0,D1,9013,0,220,f7b22625cfec40e76dfbe5a606f39260d53478f2ddc59e00f902c64452a6de39,pick up the black bowl next to the plate and place it on the plate,0,0,0,0.14071912342985554,0.0036734756681888747
0,D1,9014,0,220,3394c1c49a62761f5841c8042e31012b58a2592e4742d1fefef9c984f64b8295,pick up the black bowl next to the plate and place it on the plate,0,0,0,0.12988505941834763,0.0137771106001906
0,D1,9015,0,220,93717fde3c68d9841ee02e845030f7f1dc1256e166386539016c80e0dcaeb0b0,pick up the black bowl next to the plate and place it on the plate,1,0,0,0.07308111015271289,0.012021811485205647
0,D1,9016,0,220,61fbfbfec447a08abcb7de55897f965a65b7aa5f5c803b07ac0c1a53df44e754,pick up the black bowl next to the plate and place it on the plate,1,0,0,0.09039657516134426,0.0
0,D1,9017,0,220,74a4d6c6c7228475d45b9581ba71572d23ca770dc29c9712126e52ce5fb4f22f,pick up the black bowl next to the plate and place it on the plate,0,0,1,0.15916739892791376,0.03876158194397761
0,D1,9018,0,220,1e5f002f13f59f1ba94982da00333784038e92c1d9c5205ff04889d5f227a06c,pick up the black bowl next to the plate and place it on the plate,0,0,0,0.17140953732240605,2.786076397365278e-07
0,D1,9019,0,220,ce2ec6231d55fc20e9b21c2694da06bde80cbe9b33139e7f40be793b26ac5b52,pick up the black bowl next to the plate and place it on the plate,0,0,0,0.17965332844643364,0.0004968632571239473
0,D1,9020,0,220,adcff31447861e0c5440445bfa998f2a3dbed34cc95173edf90de199a3f6eff2,pick up the black bowl next to the plate and place it on the plate,1,0,0,0.06899146929054671,0.023046525179250765
0,D1,9021,0,220,47eae7174da9c811cb9916fc5d20eba016d66d6ff4b4791b84e420094858f3a4,pick up the black bowl next to the plate and place it on the plate,0,0,0,0.1681789059169017,2.786076400695947e-07
0,D1,9022,0,220,5c3242f57452ad654cd9f809cd8d8d266c9a6b813245bf64aabf770d90903c8d,pick up the black bowl next to the plate and place it on the plate,0,0,0,0.1279433078123061,0.006835805589131327
0,D1,9023,0,220,801fa4111a290b23b9f8655a3aa209e3bb712b4fe21f8eb2a622b19c7870b309,pick up the black bowl next to the plate and place it on the plate,0,0,0,0.10749757235148527,2.786076397365278e-07
0,D1,9024,0,220,b8566a5a87d68ee8472024055b16420b6910b3d336df994de401456eb7cb3b3b,pick up the black bowl next to the plate and place it on the plate,0,0,0,0.17999434789508612,0.009551552080179215
0,D1,9025,0,220,581c5c1f263ab385dc8531063451dab04da1d4c40a8de06e677347aa33f2c16e,pick up the black bowl next to the plate and place it on the plate,0,0,0,0.15990727113310418,0.009353048295735578
0,D1,9026,0,220,ff25cc010803ef9f8f2a55cac8943aca173159e67cd682fffd4ddbbb700a00af,pick up the black bowl next to the plate and place it on the plate,0,0,0,0.15978321302636558,2.786076397365278e-07
0,D1,9027,0,220,bd4bc8748a8fc2b0d263ad15418a4d5ad6c2be410c5eb4405b68c0fd4c93e54c,pick up the black bowl next to the plate and place it on the plate,1,0,0,0.07882305387187906,0.0014935444322780045
0,D1,9028,0,220,008d6472a592754f93cc53397ffa1c900586548301d990565798921966d8573d,pick up the black bowl next to the plate and place it on the plate,0,0,0,0.15350677725031717,0.0016227240442261426
0,D1,9029,0,220,89a0ab8bc976bb987f853e6eb50c7089647334a0255cbab2dc3cfde540e9be44,pick up the black bowl next to the plate and place it on the plate,0,0,0,0.17565967689719394,0.027644973050784394
0,D1,9030,0,220,2300b8b354f84670e07838dd62206f1a56a0155289d56bd4cb238a1a313f767e,pick up the black bowl next to the plate and place it on the plate,0,0,0,0.2093891139794378,2.786076398475501e-07
0,D1,9031,0,220,3270888d400edfeedeb7ff7afa2d237462d3995dffa1c5ed11f693fda6e928bb,pick up the black bowl next to the plate and place it on the plate,1,0,1,0.05268027180815516,0.04551997426004828
0,D1,9032,0,220,2d65bf1940bb4fb39f8f9a7428bd61461295171cbaf53cd1cf34b66f5d689a10,pick up the black bowl next to the plate and place it on the plate,0,0,0,0.2176863798975503,2.786076397365278e-07
0,D1,9033,0,220,54ae24c579d148b7a80c8ea374f7261bbe293fa6fa3f205afd5c3459cb457459,pick up the black bowl next to the plate and place it on the plate,0,0,0,0.16550136445657415,4.29406540103372e-07
0,D1,9034,0,220,d055b308d16e325eecbd774fb3f76e106c0989eb4f4fca475ffd5ea39f2fbd74,pick up the black bowl next to the plate and place it on the plate,0,0,0,0.17101262063802614,0.0014782473428429643
0,D1,9035,0,220,92a79394b4f1bd8b2c4017b52e0de7781af4cbe6a198c597ad435cd0db9bbdc4,pick up the black bowl next to the plate and place it on the plate,0,0,0,0.15959699607957858,0.007758533870968698
0,D1,9036,0,220,23b16c83d5010f3f1eaec01f8973e9ebe910901562c51fc196486eb86cdbb45c,pick up the black bowl next to the plate and place it on the plate,0,0,0,0.20330446708173716,2.786076397365278e-07
0,D1,9037,0,220,c44f194b22d1f7f88392b0582cfc8fbfa068300af354565d0fcc7def3f836615,pick up the black bowl next to the plate and place it on the plate,0,0,0,0.20748430631271564,0.0011472134188520444
0,D1,9038,0,220,a4f0b2e41115224d31f0947934779ef9f026d999ef818fc779061b91c3d0ba18,pick up the black bowl next to the plate and place it on the plate,0,0,0,0.15362947857955514,0.021489930059805706
0,D1,9039,0,220,8c1f7f0beb9fb33d4648575714283263ccad6b1a28c12faec717ef10a0402928,pick up the black bowl next to the plate and place it on the plate,0,0,0,0.14774765258409794,3.2413779571527357e-07
0,D1,9040,0,220,953c53394ce0807a7d8997e9735f8db6f4cb2125184a8b6c563ae7ad6f0ae6e1,pick up the black bowl next to the plate and place it on the plate,0,0,0,0.2249533376822333,2.567198833514084e-07
0,D1,9041,0,220,f8a52fa9df4fcb6088cffcc5f2968854580329e4f1a7a14b6ad2e97e95a76d9a,pick up the black bowl next to the plate and place it on the plate,0,0,0,0.19528190399503678,0.00020498016058423385
0,D1,9042,0,220,2cd16af33a15d30443d12b30dca7ca02dec8ef63ac313a77403b287b8fe32ebd,pick up the black bowl next to the plate and place it on the plate,0,0,0,0.19025088513686025,0.008196688287971265
0,D1,9043,0,220,10c0af74f7b0944ebf42488237c60b828e534cd18a839efe395c2d2770cdb30a,pick up the black bowl next to the plate and place it on the plate,0,0,0,0.20596079133946904,2.7860772700005754e-07
0,D1,9044,0,220,2aafeb974c78c61516f909d9ae223bfe78097c06effe15d67055a8967ecdac8a,pick up the black bowl next to the plate and place it on the plate,1,0,0,0.0619189056294186,0.005231691857149334
0,D1,9045,0,220,3126bb7432170cee6a63b3c2d49209f32ea6b190325a25077f71ee4ec45019a8,pick up the black bowl next to the plate and place it on the plate,0,0,0,0.21518209115334935,2.786076397365278e-07
0,D1,9046,0,220,295fb62aeb167cb920155652aefbd6eab1ed7b2100dff7e827b9e3d0c8bfe05a,pick up the black bowl next to the plate and place it on the plate,0,0,1,0.16151097340975332,0.03419790267821288
0,D1,9047,0,220,759a776879e5c92e783db67ebd443e63198c7a24e6b9df7fc68d541322a2680b,pick up the black bowl next to the plate and place it on the plate,0,0,0,0.16878001528453032,3.644762779364541e-07
0,D1,9048,0,220,1c10f148481549493ba587d075dc418d2e1a080df405dbe208e030b993715e7c,pick up the black bowl next to the plate and place it on the plate,0,0,0,0.1662700059196397,2.786076397365278e-07
0,D1,9049,0,220,c1d61be53f9506e45a31d27b22b3ca680a9a9e160f2ec30f487a899161ea09c0,pick up the black bowl next to the plate and place it on the plate,0,0,0,0.13478365973813944,0.005638313497334679
500,D0,9000,0,220,cda352e7ea02da5687eb4f746b963174955af404abc489875195ae14cc674af0,pick up the black bowl from table center and place it on the plate,1,0,0,0.06478627896383402,6.786209413700561e-05
500,D0,9001,0,220,000d8086c3049c124ee92a67574e9d6f146d71be485c159c561dc901c380c5d7,pick up the black bowl from table center and place it on the plate,0,0,0,0.1612517413589357,2.786076397365278e-07
500,D0,9002,1,173,e1396ef19ca740b00012e935c86bb951ceedd0086febf3558c65664867baba87,pick up the black bowl from table center and place it on the plate,1,1,1,0.051299189953786906,0.19279747152204374
500,D0,9003,0,220,bbac12e3b3712b5e27d972cd1a8df5de2499aef29ba2a8bddc4c3d9065ce3cbd,pick up the black bowl from table center and place it on the plate,1,0,0,0.06056504234272961,0.019721361876059662
500,D0,9004,0,220,4217789f67f3f135585eff2c6e7e7e757c050be95f5fc3618079017a628bb279,pick up the black bowl from table center and place it on the plate,1,0,0,0.09106541013450592,2.786076397365278e-07
500,D0,9005,0,220,0064a3ba31d7d36cc7b98568e38312a78a2ee6b7df637d8de500b50501a894c2,pick up the black bowl from table center and place it on the plate,1,0,0,0.06630280424334159,0.0133395332788534
500,D0,9006,0,220,8b856fe08b53ed0f69ca679f61bf85fd2f2b0a6df689ba6763c2cf74d380acaa,pick up the black bowl from table center and place it on the plate,1,0,0,0.08850256351116974,2.786076397365278e-07
500,D0,9007,0,220,ece28a27e0cdea4f23f0552cfa90d14a90d3f4fe2212542e60df865e5c9aa2f9,pick up the black bowl from table center and place it on the plate,1,0,0,0.07859652977193099,2.786076397365278e-07
500,D0,9008,0,220,729bfc215a54df4bd6a30ed6387bfdb8206a75bd1289d51af9ea677f1b2d5aaf,pick up the black bowl from table center and place it on the plate,1,1,1,0.042852250575564486,0.07258608353188689
500,D0,9009,0,220,b972b58b88a0dc8c343a2fa4ccc2ca9857254418af4b2f9cf867314eca4eab8a,pick up the black bowl from table center and place it on the plate,1,0,0,0.06871805688662447,0.01675190975567875
500,D0,9010,0,220,b6d6cd4ef39e11f0df4d5f14a6460260f8af0d17540f340fd611743d00b60457,pick up the black bowl from table center and place it on the plate,0,0,0,0.12668583713630305,2.786076397365278e-07
500,D0,9011,0,220,7aca0b8b247b3edff1114d879b0a3e64eae2976e012ae867c45d1b48244b4e6d,pick up the black bowl from table center and place it on the plate,1,0,0,0.08755785048463954,2.786076397365278e-07
500,D0,9012,0,220,03d04daad25128361ecf4b7600048e4eb61ae26653e23eefac36fe82db182085,pick up the black bowl from table center and place it on the plate,1,0,0,0.08644969983642911,2.786076397365278e-07
500,D0,9013,0,220,afb0bb9a3e9eb99d65948c4c5503645f5cf3844227e768d575603159af05126f,pick up the black bowl from table center and place it on the plate,0,0,0,0.11994628383537966,2.786076397365278e-07
500,D0,9014,0,220,839be611de9e3c8f81732e7d0014efc4406528025babf34826ffc8ebc56d1b09,pick up the black bowl from table center and place it on the plate,1,0,0,0.09944905039479865,2.786076397365278e-07
500,D0,9015,0,220,f9e93526155e334157e517ef256ceaa680b60b306eaa711d0cde97fd69d4ff6c,pick up the black bowl from table center and place it on the plate,1,0,0,0.09735257696519022,2.786076397365278e-07
500,D0,9016,0,220,b2d874dca424ce3c5b8cc62fa285b432c44fa8ae429fa767b78a134fc0c425f1,pick up the black bowl from table center and place it on the plate,0,0,0,0.15040878834446553,2.786076397365278e-07
500,D0,9017,0,220,1ab5d502113f4721f4e44976f29f665c9c0e3372f78549b54f8e04ebcb1ba5db,pick up the black bowl from table center and place it on the plate,1,1,1,0.02963169018489751,0.20301154785779207
500,D0,9018,1,141,c4b2b90535e21008f866db6439ef88c5b120262ce1bcf582affbe0ae911d0fae,pick up the black bowl from table center and place it on the plate,1,1,1,0.04940461056028393,0.18300003426086775
500,D0,9019,0,220,0c95b250f4b6108d45f40cf264fe6a3adaf91ea6f8d245f5338573be42b26d14,pick up the black bowl from table center and place it on the plate,0,0,0,0.1546556950484863,2.786076397365278e-07
500,D0,9020,0,220,00decc6f64d3d60e0483b509e18cd2fb76e89dabe9de5b0a037490f514061d63,pick up the black bowl from table center and place it on the plate,1,0,1,0.07528760176647653,0.03457268281416581
500,D0,9021,0,220,e6507e5c42593a4d1c2de3ea030650c66aa52ec66377c0ad09504b9f5958763b,pick up the black bowl from table center and place it on the plate,0,0,0,0.10534764571142542,2.786076397365278e-07
500,D0,9022,0,220,75ab3f6956e5b3851e3270bc4a3e22c1f6362a3d12cf7b1092622184ecfb622d,pick up the black bowl from table center and place it on the plate,0,0,0,0.10695418669850794,2.786076397365278e-07
500,D0,9023,0,220,f8012f6bcc54f1da0d16088a0d575467f62b143fca5b3cc39ac2f002b43e455d,pick up the black bowl from table center and place it on the plate,1,0,0,0.06174345149440507,0.02476654705663972
500,D0,9024,0,220,2f629c67d6c5d7fa6cfae9ff38fe2849067dada91ff46861cf4752fcae34ea70,pick up the black bowl from table center and place it on the plate,1,1,0,0.06313392358179404,0.012737578146662654
500,D0,9025,0,220,5fa8be1166c684fde9b673140eebd54241694051ccf107f0d0cb99ecaa0a0cfb,pick up the black bowl from table center and place it on the plate,1,1,1,0.04985661507081155,0.23642674393348506
500,D0,9026,0,220,ccbabcf8079cc42aeb308d3bba96afbf11add66e3ca56a14e3765b87da1098e6,pick up the black bowl from table center and place it on the plate,0,0,0,0.16672282323991536,2.786076397365278e-07
500,D0,9027,0,220,da81a40d0fe36b28a223c0dd2be1216852a6b32a90ef6508283f11f6ba5b0ca2,pick up the black bowl from table center and place it on the plate,1,0,0,0.09141210882724711,2.786076397365278e-07
500,D0,9028,0,220,5e275c597db019875e6f7eaa6221c44457d29d5defc904ffb2aa52f87450db6c,pick up the black bowl from table center and place it on the plate,0,0,0,0.15033312771205765,2.786076397365278e-07
500,D0,9029,0,220,b6e021eb7ad3e768b6b28b65aa373f1deb1f0ce9b5274e7f4ad3f5d740e13756,pick up the black bowl from table center and place it on the plate,1,0,0,0.08419751059503426,2.786076397365278e-07
500,D0,9030,0,220,6bcf1fb385d46ec0503c85559da533da0feaf154756aa8028a8a46907c7419c8,pick up the black bowl from table center and place it on the plate,1,0,0,0.0776462153290345,2.786076397365278e-07
500,D0,9031,0,220,9f87980700d859f1b5175c93cbb43767c0012c7ccfdcb6de86cc66158765c0b9,pick up the black bowl from table center and place it on the plate,1,0,0,0.09136232478257088,2.786076397365278e-07
500,D0,9032,1,136,e273517e0dcbb53d3c16758c1f586ff3f7d72b99d284e4b060dd46b2a6536728,pick up the black bowl from table center and place it on the plate,1,1,1,0.05978536921727498,0.17937675861955849
500,D0,9033,0,220,6af256b83ec84359072946ea2c39a23d2dbb13b58841ba083b7e22828c8651b5,pick up the black bowl from table center and place it on the plate,0,0,0,0.11101075276745474,2.786076397365278e-07
500,D0,9034,0,220,4a321f552d57859a9117fddfc08c43a3aa6fc542d30dc7ba6aa825db1179b3e9,pick up the black bowl from table center and place it on the plate,1,0,0,0.07194124851582659,0.012849009529923072
500,D0,9035,0,220,aa3e23cccee4195e458e1502cf47a7984b72fd20a244acd691fc6a13e025e644,pick up the black bowl from table center and place it on the plate,0,0,0,0.1812418847982711,2.786076397365278e-07
500,D0,9036,0,220,bf94848651de0b05b74f4ab46dbf078c63267e2eae44e4ccceb28fb4cd7b770a,pick up the black bowl from table center and place it on the plate,0,0,0,0.10569999461355595,2.786076397365278e-07
500,D0,9037,0,220,fcdffd3e266c5b9aedb7d9b2035f916982a8fe3dc197e713201ba974ab997d19,pick up the black bowl from table center and place it on the plate,1,0,0,0.09797623528166555,2.786076397365278e-07
500,D0,9038,0,220,3888c879dc762cada29c6c6c6f8839ec614a1505fa05899de220efdfc1e8d8ba,pick up the black bowl from table center and place it on the plate,1,0,0,0.06709978343207225,0.013454549862077059
500,D0,9039,0,220,a0a0b71631d8529f70a4f538d4d71908a6e832e6a9bf12dc36bda1a61883c233,pick up the black bowl from table center and place it on the plate,1,0,0,0.08502548244401208,2.786076397365278e-07
500,D0,9040,0,220,04a924c3f5bab9d9ec8fa6c4a76a62a6efbe5186563b7b5dcd522c239aa4e24c,pick up the black bowl from table center and place it on the plate,1,0,0,0.0992231674967643,2.786076397365278e-07
500,D0,9041,0,220,1130a5b8637933d25eec1d71a0e5fd45786310d0cad00548b7e2d15856cb5e96,pick up the black bowl from table center and place it on the plate,1,0,0,0.09329835260800162,2.786076397365278e-07
500,D0,9042,0,220,8eac1c962e40b3a800b8d9c1eb05bf13ba0f0e9eaa254e45059289ef8d93fe85,pick up the black bowl from table center and place it on the plate,1,0,0,0.09756574088478595,2.786076397365278e-07
500,D0,9043,0,220,7c980db2f5ccc2a325e5888e724f0fba1ffc450090d9861baeebe4e4b0268a06,pick up the black bowl from table center and place it on the plate,1,0,0,0.07594989656589549,0.0029835571978645836
500,D0,9044,0,220,4aa449d6b0d3e190d05267b87e02d523cbdc276254263a54f8d719582ba33830,pick up the black bowl from table center and place it on the plate,0,0,0,0.1643873434611915,2.786076397365278e-07
500,D0,9045,0,220,5043d88c4ba34ace525a341fa4bef10dcda80d77eb068856f75713cba767caed,pick up the black bowl from table center and place it on the plate,0,0,0,0.14840655864254806,2.786076397365278e-07
500,D0,9046,0,220,9e39a995f661ab187976da2307cf1fcf4385fd4ade3fa107b6e51128dad4d1d4,pick up the black bowl from table center and place it on the plate,1,0,0,0.0499631564831768,0.010958600485900027
500,D0,9047,0,220,e8654e4e3980b57b8c1e79cadd0c3cda4c5ea3de76d658fc89f580d039d242c0,pick up the black bowl from table center and place it on the plate,1,0,0,0.08746456082935293,2.786076397365278e-07
500,D0,9048,0,220,a680ad4c663a18aa5318b13aa5cc7bfbca5114eb1c5c0b00586c5048961e9d28,pick up the black bowl from table center and place it on the plate,1,0,0,0.0766693684124705,2.786076397365278e-07
500,D0,9049,0,220,bc4168f670a350e69667cd1b5d4535091f30096df55ee538e8fb1e86abdefdd7,pick up the black bowl from table center and place it on the plate,0,0,0,0.1407877494890264,2.786076397365278e-07
500,D1,9000,0,220,320bd4e69fa585f8535cf271e7d2540a8d6d5af6deedb9b3b969ef2572bfad21,pick up the black bowl next to the plate and place it on the plate,0,0,0,0.2964613427352312,2.786076397365278e-07
500,D1,9001,0,220,b93e417d8c84f16c04da169170b709563bbb5c10a6a1b65b0bf060f7e1b26f5a,pick up the black bowl next to the plate and place it on the plate,0,0,0,0.39666547264979096,2.786076397365278e-07
500,D1,9002,0,220,c697e1c72b21ca81329358cbe2f17694ec62f7ee14c1ed7d98550092012f4916,pick up the black bowl next to the plate and place it on the plate,0,0,0,0.3560753816407517,3.8543527236534203e-07
500,D1,9003,0,220,060eb6dfd25ba2cb5c88798bb0e163d546def0f5f617de5bdef718a4d9f2ded0,pick up the black bowl next to the plate and place it on the plate,0,0,0,0.3556882959064308,4.5141265048176393e-07
500,D1,9004,0,220,12f40fa0d2a1703bccb38e1e9a9f9d5bb2adacc01bb856762590775d1701faf9,pick up the black bowl next to the plate and place it on the plate,0,0,0,1.3917472878711286,0.0
500,D1,9005,0,220,de65a02d26ef4848d993755f375d5b4a5f08d8eb1d6e06432041e55786b74877,pick up the black bowl next to the plate and place it on the plate,0,0,0,0.3371900306915962,2.786076397365278e-07
500,D1,9006,0,220,f575923a9eb3eb96c5e3371daac3c35e6913d2810a7e86f2d30609f5b71b0b1c,pick up the black bowl next to the plate and place it on the plate,0,0,0,0.3348302333691863,0.0
500,D1,9007,0,220,6ba2c508a99e66d9e74bc4823bd4991d1d5c729dfd9e24c104edc3b1c4b40fe6,pick up the black bowl next to the plate and place it on the plate,0,0,0,0.34650874039544755,3.359470955865973e-07
500,D1,9008,0,220,4e229f430a73a056ac52cc8bcf85d7c9f2c31d88cf9f0e42b18290bb47e785ec,pick up the black bowl next to the plate and place it on the plate,0,0,0,0.3162238409529345,4.4731142001541713e-07
500,D1,9009,0,220,5aa7effdfb404707fbd952c18ba6bdd531c1c9f4ab5a44bd514ec937dce84dd3,pick up the black bowl next to the plate and place it on the plate,0,0,0,0.3426419308745436,2.786076397365278e-07
500,D1,9010,0,220,3db9d470f978819af14be3fc41cf85037f05228470784d6c685b1abd2a987c6d,pick up the black bowl next to the plate and place it on the plate,0,0,0,0.3782138419288932,2.786076398475501e-07
500,D1,9011,0,220,45cb3a9e999a09462d9f4b38d645d72f3702f2e55386e821da15a90b0672b04c,pick up the black bowl next to the plate and place it on the plate,0,0,0,0.440098410171376,0.0
500,D1,9012,0,220,9c77d1ca9de94157bbab7cff54b96083ee77bc314cc5ce5e9793a84b62ff582e,pick up the black bowl next to the plate and place it on the plate,0,0,0,0.369216926064467,2.945748577287688e-07
500,D1,9013,0,220,f7b22625cfec40e76dfbe5a606f39260d53478f2ddc59e00f902c64452a6de39,pick up the black bowl next to the plate and place it on the plate,0,0,0,0.2526873478239354,2.786076397365278e-07
500,D1,9014,0,220,3394c1c49a62761f5841c8042e31012b58a2592e4742d1fefef9c984f64b8295,pick up the black bowl next to the plate and place it on the plate,0,0,0,0.12944580630837535,2.786076397365278e-07
500,D1,9015,0,220,93717fde3c68d9841ee02e845030f7f1dc1256e166386539016c80e0dcaeb0b0,pick up the black bowl next to the plate and place it on the plate,0,0,0,0.3742863560618414,3.073506652517821e-07
500,D1,9016,0,220,61fbfbfec447a08abcb7de55897f965a65b7aa5f5c803b07ac0c1a53df44e754,pick up the black bowl next to the plate and place it on the plate,0,0,0,0.286717573760561,0.0
500,D1,9017,0,220,74a4d6c6c7228475d45b9581ba71572d23ca770dc29c9712126e52ce5fb4f22f,pick up the black bowl next to the plate and place it on the plate,0,0,0,0.3232953179396147,2.786076397365278e-07
500,D1,9018,0,220,1e5f002f13f59f1ba94982da00333784038e92c1d9c5205ff04889d5f227a06c,pick up the black bowl next to the plate and place it on the plate,0,0,0,0.3146749388263277,2.786076397365278e-07
500,D1,9019,0,220,ce2ec6231d55fc20e9b21c2694da06bde80cbe9b33139e7f40be793b26ac5b52,pick up the black bowl next to the plate and place it on the plate,0,0,0,0.39319502171044535,3.230304529422412e-07
500,D1,9020,0,220,adcff31447861e0c5440445bfa998f2a3dbed34cc95173edf90de199a3f6eff2,pick up the black bowl next to the plate and place it on the plate,0,0,0,0.29195618327751655,2.786076397365278e-07
500,D1,9021,0,220,47eae7174da9c811cb9916fc5d20eba016d66d6ff4b4791b84e420094858f3a4,pick up the black bowl next to the plate and place it on the plate,0,0,0,0.3188544933116169,2.786076397365278e-07
500,D1,9022,0,220,5c3242f57452ad654cd9f809cd8d8d266c9a6b813245bf64aabf770d90903c8d,pick up the black bowl next to the plate and place it on the plate,0,0,0,0.32562091827943995,0.0
500,D1,9023,0,220,801fa4111a290b23b9f8655a3aa209e3bb712b4fe21f8eb2a622b19c7870b309,pick up the black bowl next to the plate and place it on the plate,0,0,0,0.16850955543176604,2.786076397365278e-07
500,D1,9024,0,220,b8566a5a87d68ee8472024055b16420b6910b3d336df994de401456eb7cb3b3b,pick up the black bowl next to the plate and place it on the plate,0,0,0,0.22203352020538927,0.0
500,D1,9025,0,220,581c5c1f263ab385dc8531063451dab04da1d4c40a8de06e677347aa33f2c16e,pick up the black bowl next to the plate and place it on the plate,0,0,0,0.3193479570679627,3.2958420070894334e-07
500,D1,9026,0,220,ff25cc010803ef9f8f2a55cac8943aca173159e67cd682fffd4ddbbb700a00af,pick up the black bowl next to the plate and place it on the plate,0,0,0,0.28562737881899486,2.786076397365278e-07
500,D1,9027,0,220,bd4bc8748a8fc2b0d263ad15418a4d5ad6c2be410c5eb4405b68c0fd4c93e54c,pick up the black bowl next to the plate and place it on the plate,0,0,0,0.15723145216224196,0.0
500,D1,9028,0,220,008d6472a592754f93cc53397ffa1c900586548301d990565798921966d8573d,pick up the black bowl next to the plate and place it on the plate,0,0,0,0.37236866214355624,2.786076397365278e-07
500,D1,9029,0,220,89a0ab8bc976bb987f853e6eb50c7089647334a0255cbab2dc3cfde540e9be44,pick up the black bowl next to the plate and place it on the plate,0,0,0,0.3163539674443293,2.786076397365278e-07
500,D1,9030,0,220,2300b8b354f84670e07838dd62206f1a56a0155289d56bd4cb238a1a313f767e,pick up the black bowl next to the plate and place it on the plate,0,0,0,0.3322775606715832,2.786076397365278e-07
500,D1,9031,0,220,3270888d400edfeedeb7ff7afa2d237462d3995dffa1c5ed11f693fda6e928bb,pick up the black bowl next to the plate and place it on the plate,0,0,0,0.3677702923489321,0.0
500,D1,9032,0,220,2d65bf1940bb4fb39f8f9a7428bd61461295171cbaf53cd1cf34b66f5d689a10,pick up the black bowl next to the plate and place it on the plate,0,0,0,0.3140369047582218,2.786076397365278e-07
500,D1,9033,0,220,54ae24c579d148b7a80c8ea374f7261bbe293fa6fa3f205afd5c3459cb457459,pick up the black bowl next to the plate and place it on the plate,0,0,0,0.3712625029596157,4.29406540103372e-07
500,D1,9034,0,220,d055b308d16e325eecbd774fb3f76e106c0989eb4f4fca475ffd5ea39f2fbd74,pick up the black bowl next to the plate and place it on the plate,0,0,0,0.27323836564941756,2.786076397365278e-07
500,D1,9035,0,220,92a79394b4f1bd8b2c4017b52e0de7781af4cbe6a198c597ad435cd0db9bbdc4,pick up the black bowl next to the plate and place it on the plate,0,0,0,0.37247286324065276,2.786076397365278e-07
500,D1,9036,0,220,23b16c83d5010f3f1eaec01f8973e9ebe910901562c51fc196486eb86cdbb45c,pick up the black bowl next to the plate and place it on the plate,0,0,0,0.3284044418858523,2.786076397365278e-07
500,D1,9037,0,220,c44f194b22d1f7f88392b0582cfc8fbfa068300af354565d0fcc7def3f836615,pick up the black bowl next to the plate and place it on the plate,0,0,0,0.3765556979068418,2.786076397365278e-07
500,D1,9038,0,220,a4f0b2e41115224d31f0947934779ef9f026d999ef818fc779061b91c3d0ba18,pick up the black bowl next to the plate and place it on the plate,0,0,0,0.32895880578148745,2.786076397365278e-07
500,D1,9039,0,220,8c1f7f0beb9fb33d4648575714283263ccad6b1a28c12faec717ef10a0402928,pick up the black bowl next to the plate and place it on the plate,0,0,0,0.334600440676398,3.2413779549322896e-07
500,D1,9040,0,220,953c53394ce0807a7d8997e9735f8db6f4cb2125184a8b6c563ae7ad6f0ae6e1,pick up the black bowl next to the plate and place it on the plate,0,0,0,0.334741720708815,2.567198832403861e-07
500,D1,9041,0,220,f8a52fa9df4fcb6088cffcc5f2968854580329e4f1a7a14b6ad2e97e95a76d9a,pick up the black bowl next to the plate and place it on the plate,0,0,0,0.3430898013060836,2.786076397365278e-07
500,D1,9042,0,220,2cd16af33a15d30443d12b30dca7ca02dec8ef63ac313a77403b287b8fe32ebd,pick up the black bowl next to the plate and place it on the plate,0,0,0,0.3307675548662667,2.786076397365278e-07
500,D1,9043,0,220,10c0af74f7b0944ebf42488237c60b828e534cd18a839efe395c2d2770cdb30a,pick up the black bowl next to the plate and place it on the plate,0,0,0,0.3415450530779302,2.786076397365278e-07
500,D1,9044,0,220,2aafeb974c78c61516f909d9ae223bfe78097c06effe15d67055a8967ecdac8a,pick up the black bowl next to the plate and place it on the plate,0,0,0,0.3858298575623297,1.389844942467633e-07
500,D1,9045,0,220,3126bb7432170cee6a63b3c2d49209f32ea6b190325a25077f71ee4ec45019a8,pick up the black bowl next to the plate and place it on the plate,0,0,0,0.35758518611980894,2.786076397365278e-07
500,D1,9046,0,220,295fb62aeb167cb920155652aefbd6eab1ed7b2100dff7e827b9e3d0c8bfe05a,pick up the black bowl next to the plate and place it on the plate,0,0,0,0.28388344078070216,2.786076397365278e-07
500,D1,9047,0,220,759a776879e5c92e783db67ebd443e63198c7a24e6b9df7fc68d541322a2680b,pick up the black bowl next to the plate and place it on the plate,0,0,0,0.2761367603980273,3.644762778254318e-07
500,D1,9048,0,220,1c10f148481549493ba587d075dc418d2e1a080df405dbe208e030b993715e7c,pick up the black bowl next to the plate and place it on the plate,0,0,0,0.3382654052416775,2.786076397365278e-07
500,D1,9049,0,220,c1d61be53f9506e45a31d27b22b3ca680a9a9e160f2ec30f487a899161ea09c0,pick up the black bowl next to the plate and place it on the plate,0,0,0,0.3630875034911998,2.786076397365278e-07
1000,D0,9000,0,220,cda352e7ea02da5687eb4f746b963174955af404abc489875195ae14cc674af0,pick up the black bowl from table center and place it on the plate,1,0,0,0.06907621672114246,0.004753683625895344
1000,D0,9001,0,220,000d8086c3049c124ee92a67574e9d6f146d71be485c159c561dc901c380c5d7,pick up the black bowl from table center and place it on the plate,1,0,0,0.07820868248817454,0.00752532442032916
1000,D0,9002,0,220,e1396ef19ca740b00012e935c86bb951ceedd0086febf3558c65664867baba87,pick up the black bowl from table center and place it on the plate,1,0,0,0.08933137169834962,0.013907196625096763
1000,D0,9003,0,220,bbac12e3b3712b5e27d972cd1a8df5de2499aef29ba2a8bddc4c3d9065ce3cbd,pick up the black bowl from table center and place it on the plate,1,0,0,0.07766665839888297,0.011764100384207832
1000,D0,9004,0,220,4217789f67f3f135585eff2c6e7e7e757c050be95f5fc3618079017a628bb279,pick up the black bowl from table center and place it on the plate,1,0,0,0.08381222545946262,2.786076397365278e-07
1000,D0,9005,0,220,0064a3ba31d7d36cc7b98568e38312a78a2ee6b7df637d8de500b50501a894c2,pick up the black bowl from table center and place it on the plate,1,0,0,0.0727934509661304,0.014764928816976108
1000,D0,9006,1,109,8b856fe08b53ed0f69ca679f61bf85fd2f2b0a6df689ba6763c2cf74d380acaa,pick up the black bowl from table center and place it on the plate,1,1,1,0.05892497386006778,0.18528967857294898
1000,D0,9007,0,220,ece28a27e0cdea4f23f0552cfa90d14a90d3f4fe2212542e60df865e5c9aa2f9,pick up the black bowl from table center and place it on the plate,1,0,0,0.06691023270943591,0.0008630018413332552
1000,D0,9008,0,220,729bfc215a54df4bd6a30ed6387bfdb8206a75bd1289d51af9ea677f1b2d5aaf,pick up the black bowl from table center and place it on the plate,1,0,0,0.05922802828515809,0.01353086936546477
1000,D0,9009,0,220,b972b58b88a0dc8c343a2fa4ccc2ca9857254418af4b2f9cf867314eca4eab8a,pick up the black bowl from table center and place it on the plate,1,0,0,0.07354288959742791,2.786076397365278e-07
1000,D0,9010,0,220,b6d6cd4ef39e11f0df4d5f14a6460260f8af0d17540f340fd611743d00b60457,pick up the black bowl from table center and place it on the plate,1,0,0,0.08019278367528034,2.786076397365278e-07
1000,D0,9011,0,220,7aca0b8b247b3edff1114d879b0a3e64eae2976e012ae867c45d1b48244b4e6d,pick up the black bowl from table center and place it on the plate,1,0,0,0.07554726142151896,0.0017175408304388462
1000,D0,9012,0,220,03d04daad25128361ecf4b7600048e4eb61ae26653e23eefac36fe82db182085,pick up the black bowl from table center and place it on the plate,1,0,0,0.07312632652156852,0.0011501312436498212
1000,D0,9013,0,220,afb0bb9a3e9eb99d65948c4c5503645f5cf3844227e768d575603159af05126f,pick up the black bowl from table center and place it on the plate,1,0,0,0.09173692191880987,2.786076397365278e-07
1000,D0,9014,0,220,839be611de9e3c8f81732e7d0014efc4406528025babf34826ffc8ebc56d1b09,pick up the black bowl from table center and place it on the plate,0,0,0,0.1000159404533921,2.786076397365278e-07
1000,D0,9015,0,220,f9e93526155e334157e517ef256ceaa680b60b306eaa711d0cde97fd69d4ff6c,pick up the black bowl from table center and place it on the plate,1,0,0,0.07652860666393972,0.009848206262303427
1000,D0,9016,0,220,b2d874dca424ce3c5b8cc62fa285b432c44fa8ae429fa767b78a134fc0c425f1,pick up the black bowl from table center and place it on the plate,1,0,0,0.08133815047364584,0.013623976457987852
1000,D0,9017,0,220,1ab5d502113f4721f4e44976f29f665c9c0e3372f78549b54f8e04ebcb1ba5db,pick up the black bowl from table center and place it on the plate,1,0,0,0.07695707455904158,2.786076397365278e-07
1000,D0,9018,0,220,c4b2b90535e21008f866db6439ef88c5b120262ce1bcf582affbe0ae911d0fae,pick up the black bowl from table center and place it on the plate,1,0,0,0.06692802163002622,0.01466420994154316
1000,D0,9019,0,220,0c95b250f4b6108d45f40cf264fe6a3adaf91ea6f8d245f5338573be42b26d14,pick up the black bowl from table center and place it on the plate,1,0,0,0.08232091744693244,0.00791021523281632
1000,D0,9020,0,220,00decc6f64d3d60e0483b509e18cd2fb76e89dabe9de5b0a037490f514061d63,pick up the black bowl from table center and place it on the plate,1,0,0,0.08068619906190842,0.011662175544163156
1000,D0,9021,0,220,e6507e5c42593a4d1c2de3ea030650c66aa52ec66377c0ad09504b9f5958763b,pick up the black bowl from table center and place it on the plate,1,0,0,0.08783593868850396,0.009659134658671076
1000,D0,9022,0,220,75ab3f6956e5b3851e3270bc4a3e22c1f6362a3d12cf7b1092622184ecfb622d,pick up the black bowl from table center and place it on the plate,1,0,0,0.0901458259178435,2.786076397365278e-07
1000,D0,9023,0,220,f8012f6bcc54f1da0d16088a0d575467f62b143fca5b3cc39ac2f002b43e455d,pick up the black bowl from table center and place it on the plate,1,0,0,0.07532355373290991,0.0006632966625992331
1000,D0,9024,0,220,2f629c67d6c5d7fa6cfae9ff38fe2849067dada91ff46861cf4752fcae34ea70,pick up the black bowl from table center and place it on the plate,1,1,1,0.034401697085002375,0.2209037081874885
1000,D0,9025,0,220,5fa8be1166c684fde9b673140eebd54241694051ccf107f0d0cb99ecaa0a0cfb,pick up the black bowl from table center and place it on the plate,1,1,1,0.05937503157324396,0.19794213801725924
1000,D0,9026,0,220,ccbabcf8079cc42aeb308d3bba96afbf11add66e3ca56a14e3765b87da1098e6,pick up the black bowl from table center and place it on the plate,0,0,0,0.10057580624005209,2.786076397365278e-07
1000,D0,9027,0,220,da81a40d0fe36b28a223c0dd2be1216852a6b32a90ef6508283f11f6ba5b0ca2,pick up the black bowl from table center and place it on the plate,1,1,1,0.059563041607466324,0.16515579895388566
1000,D0,9028,0,220,5e275c597db019875e6f7eaa6221c44457d29d5defc904ffb2aa52f87450db6c,pick up the black bowl from table center and place it on the plate,1,0,0,0.09126001425467441,2.786076397365278e-07
1000,D0,9029,0,220,b6e021eb7ad3e768b6b28b65aa373f1deb1f0ce9b5274e7f4ad3f5d740e13756,pick up the black bowl from table center and place it on the plate,1,0,0,0.07519850744974046,0.0062830850250015224
1000,D0,9030,0,220,6bcf1fb385d46ec0503c85559da533da0feaf154756aa8028a8a46907c7419c8,pick up the black bowl from table center and place it on the plate,1,0,0,0.08244820240059475,2.786076397365278e-07
1000,D0,9031,1,122,9f87980700d859f1b5175c93cbb43767c0012c7ccfdcb6de86cc66158765c0b9,pick up the black bowl from table center and place it on the plate,1,1,1,0.05994881930263384,0.14533804680707574
1000,D0,9032,0,220,e273517e0dcbb53d3c16758c1f586ff3f7d72b99d284e4b060dd46b2a6536728,pick up the black bowl from table center and place it on the plate,1,1,1,0.06239764418964753,0.15069833716956693
1000,D0,9033,0,220,6af256b83ec84359072946ea2c39a23d2dbb13b58841ba083b7e22828c8651b5,pick up the black bowl from table center and place it on the plate,1,0,0,0.07902869119730978,0.01594365301775713
1000,D0,9034,0,220,4a321f552d57859a9117fddfc08c43a3aa6fc542d30dc7ba6aa825db1179b3e9,pick up the black bowl from table center and place it on the plate,1,0,0,0.07625516046827166,2.786076398475501e-07
1000,D0,9035,0,220,aa3e23cccee4195e458e1502cf47a7984b72fd20a244acd691fc6a13e025e644,pick up the black bowl from table center and place it on the plate,1,0,0,0.08798793953359772,2.786076397365278e-07
1000,D0,9036,0,220,bf94848651de0b05b74f4ab46dbf078c63267e2eae44e4ccceb28fb4cd7b770a,pick up the black bowl from table center and place it on the plate,1,0,0,0.07692249169891856,0.011556696756161111
1000,D0,9037,0,220,fcdffd3e266c5b9aedb7d9b2035f916982a8fe3dc197e713201ba974ab997d19,pick up the black bowl from table center and place it on the plate,1,0,0,0.07644797729464822,0.000543574395914459
1000,D0,9038,0,220,3888c879dc762cada29c6c6c6f8839ec614a1505fa05899de220efdfc1e8d8ba,pick up the black bowl from table center and place it on the plate,1,1,1,0.06262366775273882,0.21681886385475746
1000,D0,9039,0,220,a0a0b71631d8529f70a4f538d4d71908a6e832e6a9bf12dc36bda1a61883c233,pick up the black bowl from table center and place it on the plate,1,1,1,0.06960370948949726,0.13208672463619875
1000,D0,9040,0,220,04a924c3f5bab9d9ec8fa6c4a76a62a6efbe5186563b7b5dcd522c239aa4e24c,pick up the black bowl from table center and place it on the plate,1,0,0,0.07248780363878453,0.0159358897988483
1000,D0,9041,0,220,1130a5b8637933d25eec1d71a0e5fd45786310d0cad00548b7e2d15856cb5e96,pick up the black bowl from table center and place it on the plate,1,0,0,0.06906746226942514,0.002389273744139553
1000,D0,9042,0,220,8eac1c962e40b3a800b8d9c1eb05bf13ba0f0e9eaa254e45059289ef8d93fe85,pick up the black bowl from table center and place it on the plate,1,0,0,0.08016943954585945,0.011002820428278492
1000,D0,9043,0,220,7c980db2f5ccc2a325e5888e724f0fba1ffc450090d9861baeebe4e4b0268a06,pick up the black bowl from table center and place it on the plate,1,0,0,0.08559941197142115,2.786076397365278e-07
1000,D0,9044,0,220,4aa449d6b0d3e190d05267b87e02d523cbdc276254263a54f8d719582ba33830,pick up the black bowl from table center and place it on the plate,1,0,0,0.08530099429494456,0.00017416845158868544
1000,D0,9045,0,220,5043d88c4ba34ace525a341fa4bef10dcda80d77eb068856f75713cba767caed,pick up the black bowl from table center and place it on the plate,1,0,0,0.06628476380049608,0.0037846637914477066
1000,D0,9046,0,220,9e39a995f661ab187976da2307cf1fcf4385fd4ade3fa107b6e51128dad4d1d4,pick up the black bowl from table center and place it on the plate,1,0,0,0.08956219482200171,0.0003847783451580433
1000,D0,9047,0,220,e8654e4e3980b57b8c1e79cadd0c3cda4c5ea3de76d658fc89f580d039d242c0,pick up the black bowl from table center and place it on the plate,1,0,0,0.09689371858624536,0.012350502294712573
1000,D0,9048,0,220,a680ad4c663a18aa5318b13aa5cc7bfbca5114eb1c5c0b00586c5048961e9d28,pick up the black bowl from table center and place it on the plate,1,0,0,0.07729257871811673,0.0013510489488798294
1000,D0,9049,0,220,bc4168f670a350e69667cd1b5d4535091f30096df55ee538e8fb1e86abdefdd7,pick up the black bowl from table center and place it on the plate,1,0,0,0.06822815654103974,0.0013301859985676012
1000,D1,9000,0,220,320bd4e69fa585f8535cf271e7d2540a8d6d5af6deedb9b3b969ef2572bfad21,pick up the black bowl next to the plate and place it on the plate,0,0,0,0.23141788895190848,2.786076397365278e-07
1000,D1,9001,0,220,b93e417d8c84f16c04da169170b709563bbb5c10a6a1b65b0bf060f7e1b26f5a,pick up the black bowl next to the plate and place it on the plate,0,0,0,0.170439453035505,2.786076397365278e-07
1000,D1,9002,0,220,c697e1c72b21ca81329358cbe2f17694ec62f7ee14c1ed7d98550092012f4916,pick up the black bowl next to the plate and place it on the plate,0,0,0,0.31605163848654716,3.8543527236534203e-07
1000,D1,9003,0,220,060eb6dfd25ba2cb5c88798bb0e163d546def0f5f617de5bdef718a4d9f2ded0,pick up the black bowl next to the plate and place it on the plate,0,0,0,0.3201910943852051,4.5141265048176393e-07
1000,D1,9004,0,220,12f40fa0d2a1703bccb38e1e9a9f9d5bb2adacc01bb856762590775d1701faf9,pick up the black bowl next to the plate and place it on the plate,0,0,0,1.3917472878711286,0.0
1000,D1,9005,0,220,de65a02d26ef4848d993755f375d5b4a5f08d8eb1d6e06432041e55786b74877,pick up the black bowl next to the plate and place it on the plate,0,0,0,0.21318525516509473,2.786076397365278e-07
1000,D1,9006,0,220,f575923a9eb3eb96c5e3371daac3c35e6913d2810a7e86f2d30609f5b71b0b1c,pick up the black bowl next to the plate and place it on the plate,0,0,0,0.2994998734961455,0.0
1000,D1,9007,0,220,6ba2c508a99e66d9e74bc4823bd4991d1d5c729dfd9e24c104edc3b1c4b40fe6,pick up the black bowl next to the plate and place it on the plate,0,0,0,0.2667500812519794,3.359470955865973e-07
1000,D1,9008,0,220,4e229f430a73a056ac52cc8bcf85d7c9f2c31d88cf9f0e42b18290bb47e785ec,pick up the black bowl next to the plate and place it on the plate,0,0,0,0.31591382786159594,4.4731142001541713e-07
1000,D1,9009,0,220,5aa7effdfb404707fbd952c18ba6bdd531c1c9f4ab5a44bd514ec937dce84dd3,pick up the black bowl next to the plate and place it on the plate,0,0,0,0.2857014419656106,2.786076397365278e-07
1000,D1,9010,0,220,3db9d470f978819af14be3fc41cf85037f05228470784d6c685b1abd2a987c6d,pick up the black bowl next to the plate and place it on the plate,0,0,0,0.2510171681727958,2.786076397365278e-07
1000,D1,9011,0,220,45cb3a9e999a09462d9f4b38d645d72f3702f2e55386e821da15a90b0672b04c,pick up the black bowl next to the plate and place it on the plate,0,0,0,0.33103034745486243,0.0
1000,D1,9012,0,220,9c77d1ca9de94157bbab7cff54b96083ee77bc314cc5ce5e9793a84b62ff582e,pick up the black bowl next to the plate and place it on the plate,0,0,0,0.32408050383114195,2.945748577287688e-07
1000,D1,9013,0,220,f7b22625cfec40e76dfbe5a606f39260d53478f2ddc59e00f902c64452a6de39,pick up the black bowl next to the plate and place it on the plate,0,0,0,0.15814011692333127,0.00027891951557867944
1000,D1,9014,0,220,3394c1c49a62761f5841c8042e31012b58a2592e4742d1fefef9c984f64b8295,pick up the black bowl next to the plate and place it on the plate,0,0,0,0.1525335774745357,0.01192156115234011
1000,D1,9015,0,220,93717fde3c68d9841ee02e845030f7f1dc1256e166386539016c80e0dcaeb0b0,pick up the black bowl next to the plate and place it on the plate,0,0,0,0.3566514213875188,3.073506652517821e-07
1000,D1,9016,0,220,61fbfbfec447a08abcb7de55897f965a65b7aa5f5c803b07ac0c1a53df44e754,pick up the black bowl next to the plate and place it on the plate,0,0,0,0.21688055871242945,0.0
1000,D1,9017,0,220,74a4d6c6c7228475d45b9581ba71572d23ca770dc29c9712126e52ce5fb4f22f,pick up the black bowl next to the plate and place it on the plate,0,0,0,0.2951336382600761,2.786076397365278e-07
1000,D1,9018,0,220,1e5f002f13f59f1ba94982da00333784038e92c1d9c5205ff04889d5f227a06c,pick up the black bowl next to the plate and place it on the plate,0,0,0,0.28259126733558854,2.786076397365278e-07
1000,D1,9019,0,220,ce2ec6231d55fc20e9b21c2694da06bde80cbe9b33139e7f40be793b26ac5b52,pick up the black bowl next to the plate and place it on the plate,0,0,0,0.32561471100660466,3.230304529422412e-07
1000,D1,9020,0,220,adcff31447861e0c5440445bfa998f2a3dbed34cc95173edf90de199a3f6eff2,pick up the black bowl next to the plate and place it on the plate,0,0,0,0.27148987889790527,2.786076397365278e-07
1000,D1,9021,0,220,47eae7174da9c811cb9916fc5d20eba016d66d6ff4b4791b84e420094858f3a4,pick up the black bowl next to the plate and place it on the plate,0,0,0,0.2954983995004238,2.786076397365278e-07
1000,D1,9022,0,220,5c3242f57452ad654cd9f809cd8d8d266c9a6b813245bf64aabf770d90903c8d,pick up the black bowl next to the plate and place it on the plate,0,0,0,0.31755618058152,0.0
1000,D1,9023,0,220,801fa4111a290b23b9f8655a3aa209e3bb712b4fe21f8eb2a622b19c7870b309,pick up the black bowl next to the plate and place it on the plate,0,0,0,0.23837885326396632,2.786076397365278e-07
1000,D1,9024,0,220,b8566a5a87d68ee8472024055b16420b6910b3d336df994de401456eb7cb3b3b,pick up the black bowl next to the plate and place it on the plate,0,0,0,0.21315159357154462,0.0
1000,D1,9025,0,220,581c5c1f263ab385dc8531063451dab04da1d4c40a8de06e677347aa33f2c16e,pick up the black bowl next to the plate and place it on the plate,0,0,0,0.24718800422454118,3.2958420070894334e-07
1000,D1,9026,0,220,ff25cc010803ef9f8f2a55cac8943aca173159e67cd682fffd4ddbbb700a00af,pick up the black bowl next to the plate and place it on the plate,0,0,0,0.3125080055528256,2.786076397365278e-07
1000,D1,9027,0,220,bd4bc8748a8fc2b0d263ad15418a4d5ad6c2be410c5eb4405b68c0fd4c93e54c,pick up the black bowl next to the plate and place it on the plate,0,0,0,0.1386589147104727,0.00782051262664818
1000,D1,9028,0,220,008d6472a592754f93cc53397ffa1c900586548301d990565798921966d8573d,pick up the black bowl next to the plate and place it on the plate,0,0,0,0.24957611736966226,2.786076397365278e-07
1000,D1,9029,0,220,89a0ab8bc976bb987f853e6eb50c7089647334a0255cbab2dc3cfde540e9be44,pick up the black bowl next to the plate and place it on the plate,0,0,0,0.20194475107947982,2.786076397365278e-07
1000,D1,9030,0,220,2300b8b354f84670e07838dd62206f1a56a0155289d56bd4cb238a1a313f767e,pick up the black bowl next to the plate and place it on the plate,0,0,0,0.21042772821608957,2.786076397365278e-07
1000,D1,9031,0,220,3270888d400edfeedeb7ff7afa2d237462d3995dffa1c5ed11f693fda6e928bb,pick up the black bowl next to the plate and place it on the plate,0,0,0,0.2675554925831535,0.0
1000,D1,9032,0,220,2d65bf1940bb4fb39f8f9a7428bd61461295171cbaf53cd1cf34b66f5d689a10,pick up the black bowl next to the plate and place it on the plate,0,0,0,0.26604642577601834,2.786076397365278e-07
1000,D1,9033,0,220,54ae24c579d148b7a80c8ea374f7261bbe293fa6fa3f205afd5c3459cb457459,pick up the black bowl next to the plate and place it on the plate,0,0,0,0.2879577900392761,4.29406540103372e-07
1000,D1,9034,0,220,d055b308d16e325eecbd774fb3f76e106c0989eb4f4fca475ffd5ea39f2fbd74,pick up the black bowl next to the plate and place it on the plate,0,0,0,0.22626940097571013,2.786076397365278e-07
1000,D1,9035,0,220,92a79394b4f1bd8b2c4017b52e0de7781af4cbe6a198c597ad435cd0db9bbdc4,pick up the black bowl next to the plate and place it on the plate,0,0,0,0.32241522185139126,2.786076397365278e-07
1000,D1,9036,0,220,23b16c83d5010f3f1eaec01f8973e9ebe910901562c51fc196486eb86cdbb45c,pick up the black bowl next to the plate and place it on the plate,0,0,0,0.17065914706765006,2.786076398475501e-07
1000,D1,9037,0,220,c44f194b22d1f7f88392b0582cfc8fbfa068300af354565d0fcc7def3f836615,pick up the black bowl next to the plate and place it on the plate,0,0,0,0.3227112773862004,2.786076397365278e-07
1000,D1,9038,0,220,a4f0b2e41115224d31f0947934779ef9f026d999ef818fc779061b91c3d0ba18,pick up the black bowl next to the plate and place it on the plate,0,0,0,0.30507894615179815,2.786076397365278e-07
1000,D1,9039,0,220,8c1f7f0beb9fb33d4648575714283263ccad6b1a28c12faec717ef10a0402928,pick up the black bowl next to the plate and place it on the plate,0,0,0,0.26708770727089926,3.2413779549322896e-07
1000,D1,9040,0,220,953c53394ce0807a7d8997e9735f8db6f4cb2125184a8b6c563ae7ad6f0ae6e1,pick up the black bowl next to the plate and place it on the plate,0,0,0,0.2927867651085076,2.567198832403861e-07
1000,D1,9041,0,220,f8a52fa9df4fcb6088cffcc5f2968854580329e4f1a7a14b6ad2e97e95a76d9a,pick up the black bowl next to the plate and place it on the plate,0,0,0,0.30514510507649134,2.786076397365278e-07
1000,D1,9042,0,220,2cd16af33a15d30443d12b30dca7ca02dec8ef63ac313a77403b287b8fe32ebd,pick up the black bowl next to the plate and place it on the plate,0,0,0,0.3087150655539183,2.786076397365278e-07
1000,D1,9043,0,220,10c0af74f7b0944ebf42488237c60b828e534cd18a839efe395c2d2770cdb30a,pick up the black bowl next to the plate and place it on the plate,0,0,0,0.29009890079950224,2.786076397365278e-07
1000,D1,9044,0,220,2aafeb974c78c61516f909d9ae223bfe78097c06effe15d67055a8967ecdac8a,pick up the black bowl next to the plate and place it on the plate,0,0,0,0.20047925396940086,1.389844942467633e-07
1000,D1,9045,0,220,3126bb7432170cee6a63b3c2d49209f32ea6b190325a25077f71ee4ec45019a8,pick up the black bowl next to the plate and place it on the plate,0,0,0,0.2882421594537664,2.786076397365278e-07
1000,D1,9046,0,220,295fb62aeb167cb920155652aefbd6eab1ed7b2100dff7e827b9e3d0c8bfe05a,pick up the black bowl next to the plate and place it on the plate,0,0,0,0.23775149851030233,2.786076397365278e-07
1000,D1,9047,0,220,759a776879e5c92e783db67ebd443e63198c7a24e6b9df7fc68d541322a2680b,pick up the black bowl next to the plate and place it on the plate,0,0,0,0.19727146274164847,3.644762778254318e-07
1000,D1,9048,0,220,1c10f148481549493ba587d075dc418d2e1a080df405dbe208e030b993715e7c,pick up the black bowl next to the plate and place it on the plate,0,0,0,0.2208795920918521,2.786076397365278e-07
1000,D1,9049,0,220,c1d61be53f9506e45a31d27b22b3ca680a9a9e160f2ec30f487a899161ea09c0,pick up the black bowl next to the plate and place it on the plate,0,0,0,0.32114458558656245,2.786076397365278e-07
2000,D0,9000,1,112,cda352e7ea02da5687eb4f746b963174955af404abc489875195ae14cc674af0,pick up the black bowl from table center and place it on the plate,1,1,1,0.06568083037344079,0.1273836779006825
2000,D0,9001,0,220,000d8086c3049c124ee92a67574e9d6f146d71be485c159c561dc901c380c5d7,pick up the black bowl from table center and place it on the plate,1,1,1,0.05531519889594761,0.13470102678216223
2000,D0,9002,0,220,e1396ef19ca740b00012e935c86bb951ceedd0086febf3558c65664867baba87,pick up the black bowl from table center and place it on the plate,1,0,0,0.06387971593423517,0.005107529646950382
2000,D0,9003,0,220,bbac12e3b3712b5e27d972cd1a8df5de2499aef29ba2a8bddc4c3d9065ce3cbd,pick up the black bowl from table center and place it on the plate,1,0,0,0.08838900489326965,0.012476436515216571
2000,D0,9004,1,108,4217789f67f3f135585eff2c6e7e7e757c050be95f5fc3618079017a628bb279,pick up the black bowl from table center and place it on the plate,1,1,1,0.05974007014086899,0.13746687867605067
2000,D0,9005,0,220,0064a3ba31d7d36cc7b98568e38312a78a2ee6b7df637d8de500b50501a894c2,pick up the black bowl from table center and place it on the plate,0,0,0,0.11135447108773035,0.0101808639210893
2000,D0,9006,1,107,8b856fe08b53ed0f69ca679f61bf85fd2f2b0a6df689ba6763c2cf74d380acaa,pick up the black bowl from table center and place it on the plate,1,1,1,0.05986260031225407,0.11815802717644663
2000,D0,9007,1,103,ece28a27e0cdea4f23f0552cfa90d14a90d3f4fe2212542e60df865e5c9aa2f9,pick up the black bowl from table center and place it on the plate,1,1,1,0.05510275828826031,0.14530970198892712
2000,D0,9008,0,220,729bfc215a54df4bd6a30ed6387bfdb8206a75bd1289d51af9ea677f1b2d5aaf,pick up the black bowl from table center and place it on the plate,1,0,0,0.09308882258553096,0.026008635948800762
2000,D0,9009,0,220,b972b58b88a0dc8c343a2fa4ccc2ca9857254418af4b2f9cf867314eca4eab8a,pick up the black bowl from table center and place it on the plate,1,0,0,0.06842624878669715,2.786076397365278e-07
2000,D0,9010,1,119,b6d6cd4ef39e11f0df4d5f14a6460260f8af0d17540f340fd611743d00b60457,pick up the black bowl from table center and place it on the plate,1,1,1,0.047190429262822464,0.18808643684808501
2000,D0,9011,0,220,7aca0b8b247b3edff1114d879b0a3e64eae2976e012ae867c45d1b48244b4e6d,pick up the black bowl from table center and place it on the plate,1,0,0,0.07309612190298158,0.009782923391316034
2000,D0,9012,1,119,03d04daad25128361ecf4b7600048e4eb61ae26653e23eefac36fe82db182085,pick up the black bowl from table center and place it on the plate,1,1,1,0.05276996929516735,0.1675547658713621
2000,D0,9013,1,108,afb0bb9a3e9eb99d65948c4c5503645f5cf3844227e768d575603159af05126f,pick up the black bowl from table center and place it on the plate,1,1,1,0.054288359331744106,0.1482993432417301
2000,D0,9014,0,220,839be611de9e3c8f81732e7d0014efc4406528025babf34826ffc8ebc56d1b09,pick up the black bowl from table center and place it on the plate,0,0,0,0.13976914931711878,2.786076397365278e-07
2000,D0,9015,1,109,f9e93526155e334157e517ef256ceaa680b60b306eaa711d0cde97fd69d4ff6c,pick up the black bowl from table center and place it on the plate,1,1,1,0.052786886543326146,0.15487229605478348
2000,D0,9016,1,179,b2d874dca424ce3c5b8cc62fa285b432c44fa8ae429fa767b78a134fc0c425f1,pick up the black bowl from table center and place it on the plate,1,0,1,0.07025553773255519,0.14064930400986042
2000,D0,9017,1,106,1ab5d502113f4721f4e44976f29f665c9c0e3372f78549b54f8e04ebcb1ba5db,pick up the black bowl from table center and place it on the plate,1,0,1,0.05214457365322099,0.15182841507809797
2000,D0,9018,0,220,c4b2b90535e21008f866db6439ef88c5b120262ce1bcf582affbe0ae911d0fae,pick up the black bowl from table center and place it on the plate,1,1,1,0.048905736412086134,0.18072057778795392
2000,D0,9019,1,114,0c95b250f4b6108d45f40cf264fe6a3adaf91ea6f8d245f5338573be42b26d14,pick up the black bowl from table center and place it on the plate,1,1,1,0.052935570345043544,0.19322386303108607
2000,D0,9020,1,110,00decc6f64d3d60e0483b509e18cd2fb76e89dabe9de5b0a037490f514061d63,pick up the black bowl from table center and place it on the plate,1,1,1,0.05826477086690294,0.10597166947174164
2000,D0,9021,0,220,e6507e5c42593a4d1c2de3ea030650c66aa52ec66377c0ad09504b9f5958763b,pick up the black bowl from table center and place it on the plate,1,0,0,0.08416315578765315,0.00995337317797873
2000,D0,9022,1,201,75ab3f6956e5b3851e3270bc4a3e22c1f6362a3d12cf7b1092622184ecfb622d,pick up the black bowl from table center and place it on the plate,1,1,1,0.05714696197819357,0.10564503392357394
2000,D0,9023,0,220,f8012f6bcc54f1da0d16088a0d575467f62b143fca5b3cc39ac2f002b43e455d,pick up the black bowl from table center and place it on the plate,1,0,0,0.092838055463554,0.012384391918467186
2000,D0,9024,1,103,2f629c67d6c5d7fa6cfae9ff38fe2849067dada91ff46861cf4752fcae34ea70,pick up the black bowl from table center and place it on the plate,1,1,1,0.042729653410063004,0.1376597804355304
2000,D0,9025,0,220,5fa8be1166c684fde9b673140eebd54241694051ccf107f0d0cb99ecaa0a0cfb,pick up the black bowl from table center and place it on the plate,1,1,1,0.06015357413486275,0.14046813194375107
2000,D0,9026,1,103,ccbabcf8079cc42aeb308d3bba96afbf11add66e3ca56a14e3765b87da1098e6,pick up the black bowl from table center and place it on the plate,1,1,1,0.049615300139044256,0.1447243840616228
2000,D0,9027,0,220,da81a40d0fe36b28a223c0dd2be1216852a6b32a90ef6508283f11f6ba5b0ca2,pick up the black bowl from table center and place it on the plate,0,0,0,0.11129916146492558,0.014883661807650883
2000,D0,9028,0,220,5e275c597db019875e6f7eaa6221c44457d29d5defc904ffb2aa52f87450db6c,pick up the black bowl from table center and place it on the plate,1,0,0,0.05990044066240296,0.004529899261399684
2000,D0,9029,0,220,b6e021eb7ad3e768b6b28b65aa373f1deb1f0ce9b5274e7f4ad3f5d740e13756,pick up the black bowl from table center and place it on the plate,1,0,1,0.06839095369550989,0.13942139549654575
2000,D0,9030,1,218,6bcf1fb385d46ec0503c85559da533da0feaf154756aa8028a8a46907c7419c8,pick up the black bowl from table center and place it on the plate,1,1,1,0.059043998154726704,0.13644884527163237
2000,D0,9031,0,220,9f87980700d859f1b5175c93cbb43767c0012c7ccfdcb6de86cc66158765c0b9,pick up the black bowl from table center and place it on the plate,1,1,0,0.06577313640111393,0.02764626824206684
2000,D0,9032,1,119,e273517e0dcbb53d3c16758c1f586ff3f7d72b99d284e4b060dd46b2a6536728,pick up the black bowl from table center and place it on the plate,1,1,1,0.05434832619867668,0.1567736133295683
2000,D0,9033,1,161,6af256b83ec84359072946ea2c39a23d2dbb13b58841ba083b7e22828c8651b5,pick up the black bowl from table center and place it on the plate,1,1,1,0.058211251690229004,0.17061839877476692
2000,D0,9034,1,128,4a321f552d57859a9117fddfc08c43a3aa6fc542d30dc7ba6aa825db1179b3e9,pick up the black bowl from table center and place it on the plate,1,1,1,0.06033131777550446,0.19322756500521665
2000,D0,9035,0,220,aa3e23cccee4195e458e1502cf47a7984b72fd20a244acd691fc6a13e025e644,pick up the black bowl from table center and place it on the plate,1,1,1,0.0541801558576696,0.11586528332465917
2000,D0,9036,0,220,bf94848651de0b05b74f4ab46dbf078c63267e2eae44e4ccceb28fb4cd7b770a,pick up the black bowl from table center and place it on the plate,0,0,0,0.10592141770818633,0.006093573968409816
2000,D0,9037,1,101,fcdffd3e266c5b9aedb7d9b2035f916982a8fe3dc197e713201ba974ab997d19,pick up the black bowl from table center and place it on the plate,1,1,1,0.04211274246507738,0.13633884236277605
2000,D0,9038,1,108,3888c879dc762cada29c6c6c6f8839ec614a1505fa05899de220efdfc1e8d8ba,pick up the black bowl from table center and place it on the plate,1,1,1,0.05507352530319993,0.14180896085200945
2000,D0,9039,1,117,a0a0b71631d8529f70a4f538d4d71908a6e832e6a9bf12dc36bda1a61883c233,pick up the black bowl from table center and place it on the plate,1,1,1,0.051210293723938906,0.1884638545642945
2000,D0,9040,0,220,04a924c3f5bab9d9ec8fa6c4a76a62a6efbe5186563b7b5dcd522c239aa4e24c,pick up the black bowl from table center and place it on the plate,1,1,1,0.054456974170929935,0.0989563022361627
2000,D0,9041,0,220,1130a5b8637933d25eec1d71a0e5fd45786310d0cad00548b7e2d15856cb5e96,pick up the black bowl from table center and place it on the plate,1,0,0,0.07334530605693898,0.00046403107856252124
2000,D0,9042,0,220,8eac1c962e40b3a800b8d9c1eb05bf13ba0f0e9eaa254e45059289ef8d93fe85,pick up the black bowl from table center and place it on the plate,1,0,0,0.05164315839055164,0.025993931981161733
2000,D0,9043,1,122,7c980db2f5ccc2a325e5888e724f0fba1ffc450090d9861baeebe4e4b0268a06,pick up the black bowl from table center and place it on the plate,1,1,1,0.05268093213455525,0.1497356505122811
2000,D0,9044,1,105,4aa449d6b0d3e190d05267b87e02d523cbdc276254263a54f8d719582ba33830,pick up the black bowl from table center and place it on the plate,1,1,1,0.05957913446862137,0.1205377144995059
2000,D0,9045,0,220,5043d88c4ba34ace525a341fa4bef10dcda80d77eb068856f75713cba767caed,pick up the black bowl from table center and place it on the plate,1,0,1,0.08084841404114501,0.0945586733655529
2000,D0,9046,0,220,9e39a995f661ab187976da2307cf1fcf4385fd4ade3fa107b6e51128dad4d1d4,pick up the black bowl from table center and place it on the plate,0,0,0,0.12352420906396082,2.786076397365278e-07
2000,D0,9047,0,220,e8654e4e3980b57b8c1e79cadd0c3cda4c5ea3de76d658fc89f580d039d242c0,pick up the black bowl from table center and place it on the plate,1,0,1,0.07109086023216601,0.12556272646157884
2000,D0,9048,1,94,a680ad4c663a18aa5318b13aa5cc7bfbca5114eb1c5c0b00586c5048961e9d28,pick up the black bowl from table center and place it on the plate,1,1,1,0.04082902264449384,0.10241085551864582
2000,D0,9049,0,220,bc4168f670a350e69667cd1b5d4535091f30096df55ee538e8fb1e86abdefdd7,pick up the black bowl from table center and place it on the plate,1,0,0,0.055479788576675244,0.002652403847382967
2000,D1,9000,0,220,320bd4e69fa585f8535cf271e7d2540a8d6d5af6deedb9b3b969ef2572bfad21,pick up the black bowl next to the plate and place it on the plate,0,0,0,0.11175188630104074,2.786076397365278e-07
2000,D1,9001,0,220,b93e417d8c84f16c04da169170b709563bbb5c10a6a1b65b0bf060f7e1b26f5a,pick up the black bowl next to the plate and place it on the plate,1,0,0,0.08730991245010723,0.011818883516386491
2000,D1,9002,0,220,c697e1c72b21ca81329358cbe2f17694ec62f7ee14c1ed7d98550092012f4916,pick up the black bowl next to the plate and place it on the plate,0,0,0,0.1526442749370372,3.8543527236534203e-07
2000,D1,9003,0,220,060eb6dfd25ba2cb5c88798bb0e163d546def0f5f617de5bdef718a4d9f2ded0,pick up the black bowl next to the plate and place it on the plate,0,0,0,0.1674255868675793,4.5141265048176393e-07
2000,D1,9004,0,220,12f40fa0d2a1703bccb38e1e9a9f9d5bb2adacc01bb856762590775d1701faf9,pick up the black bowl next to the plate and place it on the plate,0,0,0,1.386671191195991,0.0
2000,D1,9005,0,220,de65a02d26ef4848d993755f375d5b4a5f08d8eb1d6e06432041e55786b74877,pick up the black bowl next to the plate and place it on the plate,0,0,0,0.12760514020626917,0.004451245601321041
2000,D1,9006,0,220,f575923a9eb3eb96c5e3371daac3c35e6913d2810a7e86f2d30609f5b71b0b1c,pick up the black bowl next to the plate and place it on the plate,0,0,0,0.3146020279782193,0.0
2000,D1,9007,0,220,6ba2c508a99e66d9e74bc4823bd4991d1d5c729dfd9e24c104edc3b1c4b40fe6,pick up the black bowl next to the plate and place it on the plate,0,0,0,0.1175468379429124,3.359470955865973e-07
2000,D1,9008,0,220,4e229f430a73a056ac52cc8bcf85d7c9f2c31d88cf9f0e42b18290bb47e785ec,pick up the black bowl next to the plate and place it on the plate,0,0,0,0.1533418783838636,4.4731142001541713e-07
2000,D1,9009,0,220,5aa7effdfb404707fbd952c18ba6bdd531c1c9f4ab5a44bd514ec937dce84dd3,pick up the black bowl next to the plate and place it on the plate,0,0,0,0.13552637408273724,2.786076397365278e-07
2000,D1,9010,0,220,3db9d470f978819af14be3fc41cf85037f05228470784d6c685b1abd2a987c6d,pick up the black bowl next to the plate and place it on the plate,1,0,0,0.092679286074477,0.013573007197665521
2000,D1,9011,0,220,45cb3a9e999a09462d9f4b38d645d72f3702f2e55386e821da15a90b0672b04c,pick up the black bowl next to the plate and place it on the plate,0,0,0,0.2857954633910994,0.0
2000,D1,9012,0,220,9c77d1ca9de94157bbab7cff54b96083ee77bc314cc5ce5e9793a84b62ff582e,pick up the black bowl next to the plate and place it on the plate,0,0,0,0.10791816072440426,2.945748577287688e-07
2000,D1,9013,0,220,f7b22625cfec40e76dfbe5a606f39260d53478f2ddc59e00f902c64452a6de39,pick up the black bowl next to the plate and place it on the plate,1,0,0,0.09071081702172605,0.017350825504959255
2000,D1,9014,0,220,3394c1c49a62761f5841c8042e31012b58a2592e4742d1fefef9c984f64b8295,pick up the black bowl next to the plate and place it on the plate,0,0,0,0.11534688539209918,0.015677809660350484
2000,D1,9015,0,220,93717fde3c68d9841ee02e845030f7f1dc1256e166386539016c80e0dcaeb0b0,pick up the black bowl next to the plate and place it on the plate,0,0,0,0.15375468505333437,3.073506652517821e-07
2000,D1,9016,0,220,61fbfbfec447a08abcb7de55897f965a65b7aa5f5c803b07ac0c1a53df44e754,pick up the black bowl next to the plate and place it on the plate,0,0,0,0.11738836301861412,0.001733626934438015
2000,D1,9017,0,220,74a4d6c6c7228475d45b9581ba71572d23ca770dc29c9712126e52ce5fb4f22f,pick up the black bowl next to the plate and place it on the plate,0,0,0,0.1266573745125433,0.006887553123372525
2000,D1,9018,0,220,1e5f002f13f59f1ba94982da00333784038e92c1d9c5205ff04889d5f227a06c,pick up the black bowl next to the plate and place it on the plate,0,0,0,0.12805679139981546,0.016798315982228806
2000,D1,9019,0,220,ce2ec6231d55fc20e9b21c2694da06bde80cbe9b33139e7f40be793b26ac5b52,pick up the black bowl next to the plate and place it on the plate,0,0,0,0.15337390252530592,0.010914989676650388
2000,D1,9020,0,220,adcff31447861e0c5440445bfa998f2a3dbed34cc95173edf90de199a3f6eff2,pick up the black bowl next to the plate and place it on the plate,0,0,0,0.11053691086576377,2.786076397365278e-07
2000,D1,9021,0,220,47eae7174da9c811cb9916fc5d20eba016d66d6ff4b4791b84e420094858f3a4,pick up the black bowl next to the plate and place it on the plate,0,0,0,0.11012750837935319,0.008245737824097876
2000,D1,9022,0,220,5c3242f57452ad654cd9f809cd8d8d266c9a6b813245bf64aabf770d90903c8d,pick up the black bowl next to the plate and place it on the plate,0,0,0,0.14205526041416036,0.0
2000,D1,9023,0,220,801fa4111a290b23b9f8655a3aa209e3bb712b4fe21f8eb2a622b19c7870b309,pick up the black bowl next to the plate and place it on the plate,0,0,0,0.10729826686799906,0.013132251840114684
2000,D1,9024,0,220,b8566a5a87d68ee8472024055b16420b6910b3d336df994de401456eb7cb3b3b,pick up the black bowl next to the plate and place it on the plate,0,0,0,0.11410038433081161,0.0
2000,D1,9025,0,220,581c5c1f263ab385dc8531063451dab04da1d4c40a8de06e677347aa33f2c16e,pick up the black bowl next to the plate and place it on the plate,0,0,0,0.12679279367597024,3.2958420070894334e-07
2000,D1,9026,0,220,ff25cc010803ef9f8f2a55cac8943aca173159e67cd682fffd4ddbbb700a00af,pick up the black bowl next to the plate and place it on the plate,0,0,0,0.14599755617828789,2.786076397365278e-07
2000,D1,9027,0,220,bd4bc8748a8fc2b0d263ad15418a4d5ad6c2be410c5eb4405b68c0fd4c93e54c,pick up the black bowl next to the plate and place it on the plate,0,0,0,0.18677750899415885,0.0
2000,D1,9028,0,220,008d6472a592754f93cc53397ffa1c900586548301d990565798921966d8573d,pick up the black bowl next to the plate and place it on the plate,0,0,0,0.14732789368084984,2.786076397365278e-07
2000,D1,9029,0,220,89a0ab8bc976bb987f853e6eb50c7089647334a0255cbab2dc3cfde540e9be44,pick up the black bowl next to the plate and place it on the plate,0,0,0,0.1327228160391969,0.00026412043770573934
2000,D1,9030,0,220,2300b8b354f84670e07838dd62206f1a56a0155289d56bd4cb238a1a313f767e,pick up the black bowl next to the plate and place it on the plate,0,0,0,0.10385489196787352,0.011032102331483329
2000,D1,9031,0,220,3270888d400edfeedeb7ff7afa2d237462d3995dffa1c5ed11f693fda6e928bb,pick up the black bowl next to the plate and place it on the plate,0,0,0,0.1753309836454413,0.0
2000,D1,9032,0,220,2d65bf1940bb4fb39f8f9a7428bd61461295171cbaf53cd1cf34b66f5d689a10,pick up the black bowl next to the plate and place it on the plate,1,0,0,0.09939832386165784,0.004732149237395289
2000,D1,9033,0,220,54ae24c579d148b7a80c8ea374f7261bbe293fa6fa3f205afd5c3459cb457459,pick up the black bowl next to the plate and place it on the plate,0,0,0,0.14652483777615813,4.29406540103372e-07
2000,D1,9034,0,220,d055b308d16e325eecbd774fb3f76e106c0989eb4f4fca475ffd5ea39f2fbd74,pick up the black bowl next to the plate and place it on the plate,0,0,0,0.12160728020668986,0.007659168724318044
2000,D1,9035,0,220,92a79394b4f1bd8b2c4017b52e0de7781af4cbe6a198c597ad435cd0db9bbdc4,pick up the black bowl next to the plate and place it on the plate,0,0,0,0.1773216019137042,2.786076397365278e-07
2000,D1,9036,0,220,23b16c83d5010f3f1eaec01f8973e9ebe910901562c51fc196486eb86cdbb45c,pick up the black bowl next to the plate and place it on the plate,1,0,0,0.09191704590286222,0.0037633853472723855
2000,D1,9037,0,220,c44f194b22d1f7f88392b0582cfc8fbfa068300af354565d0fcc7def3f836615,pick up the black bowl next to the plate and place it on the plate,0,0,0,0.11146516567568228,2.786076397365278e-07
2000,D1,9038,0,220,a4f0b2e41115224d31f0947934779ef9f026d999ef818fc779061b91c3d0ba18,pick up the black bowl next to the plate and place it on the plate,0,0,0,0.10555450261161783,2.786076397365278e-07
2000,D1,9039,0,220,8c1f7f0beb9fb33d4648575714283263ccad6b1a28c12faec717ef10a0402928,pick up the black bowl next to the plate and place it on the plate,0,0,0,0.1298608077332734,3.2413779549322896e-07
2000,D1,9040,0,220,953c53394ce0807a7d8997e9735f8db6f4cb2125184a8b6c563ae7ad6f0ae6e1,pick up the black bowl next to the plate and place it on the plate,0,0,1,0.13319627443575338,0.031148698073518166
2000,D1,9041,0,220,f8a52fa9df4fcb6088cffcc5f2968854580329e4f1a7a14b6ad2e97e95a76d9a,pick up the black bowl next to the plate and place it on the plate,1,0,0,0.09846960552443071,2.786076397365278e-07
2000,D1,9042,0,220,2cd16af33a15d30443d12b30dca7ca02dec8ef63ac313a77403b287b8fe32ebd,pick up the black bowl next to the plate and place it on the plate,0,0,0,0.10439186791759691,0.0037427943878862724
2000,D1,9043,0,220,10c0af74f7b0944ebf42488237c60b828e534cd18a839efe395c2d2770cdb30a,pick up the black bowl next to the plate and place it on the plate,0,0,0,0.11540900339889076,0.008336985349331028
2000,D1,9044,0,220,2aafeb974c78c61516f909d9ae223bfe78097c06effe15d67055a8967ecdac8a,pick up the black bowl next to the plate and place it on the plate,1,0,0,0.09901924479737212,1.389844942467633e-07
2000,D1,9045,0,220,3126bb7432170cee6a63b3c2d49209f32ea6b190325a25077f71ee4ec45019a8,pick up the black bowl next to the plate and place it on the plate,0,0,0,0.12140652202671964,2.786076397365278e-07
2000,D1,9046,0,220,295fb62aeb167cb920155652aefbd6eab1ed7b2100dff7e827b9e3d0c8bfe05a,pick up the black bowl next to the plate and place it on the plate,1,0,0,0.09579509007745877,0.0026617759137387287
2000,D1,9047,0,220,759a776879e5c92e783db67ebd443e63198c7a24e6b9df7fc68d541322a2680b,pick up the black bowl next to the plate and place it on the plate,1,0,0,0.0842665311483884,0.015447684795271588
2000,D1,9048,0,220,1c10f148481549493ba587d075dc418d2e1a080df405dbe208e030b993715e7c,pick up the black bowl next to the plate and place it on the plate,0,0,0,0.10830524373206944,0.010946346994624934
2000,D1,9049,0,220,c1d61be53f9506e45a31d27b22b3ca680a9a9e160f2ec30f487a899161ea09c0,pick up the black bowl next to the plate and place it on the plate,0,0,0,0.14172720354395923,2.786076397365278e-07
3001,D0,9000,1,105,cda352e7ea02da5687eb4f746b963174955af404abc489875195ae14cc674af0,pick up the black bowl from table center and place it on the plate,1,1,1,0.06189168756097366,0.1724854427490652
3001,D0,9001,1,92,000d8086c3049c124ee92a67574e9d6f146d71be485c159c561dc901c380c5d7,pick up the black bowl from table center and place it on the plate,1,1,1,0.047936955260567835,0.13539599732736618
3001,D0,9002,1,86,e1396ef19ca740b00012e935c86bb951ceedd0086febf3558c65664867baba87,pick up the black bowl from table center and place it on the plate,1,1,1,0.050512722296825574,0.13413771921161555
3001,D0,9003,1,105,bbac12e3b3712b5e27d972cd1a8df5de2499aef29ba2a8bddc4c3d9065ce3cbd,pick up the black bowl from table center and place it on the plate,1,1,1,0.04338116731256127,0.15202402229539036
3001,D0,9004,0,220,4217789f67f3f135585eff2c6e7e7e757c050be95f5fc3618079017a628bb279,pick up the black bowl from table center and place it on the plate,1,1,1,0.05194406592148289,0.13639608398015546
3001,D0,9005,1,106,0064a3ba31d7d36cc7b98568e38312a78a2ee6b7df637d8de500b50501a894c2,pick up the black bowl from table center and place it on the plate,1,1,1,0.05052376773469888,0.137432294943566
3001,D0,9006,1,98,8b856fe08b53ed0f69ca679f61bf85fd2f2b0a6df689ba6763c2cf74d380acaa,pick up the black bowl from table center and place it on the plate,1,1,1,0.04985790629513569,0.1592640774938452
3001,D0,9007,1,96,ece28a27e0cdea4f23f0552cfa90d14a90d3f4fe2212542e60df865e5c9aa2f9,pick up the black bowl from table center and place it on the plate,1,1,1,0.052189005232118814,0.1589200600263223
3001,D0,9008,0,220,729bfc215a54df4bd6a30ed6387bfdb8206a75bd1289d51af9ea677f1b2d5aaf,pick up the black bowl from table center and place it on the plate,1,1,1,0.041494794529124364,0.16929563173741546
3001,D0,9009,1,97,b972b58b88a0dc8c343a2fa4ccc2ca9857254418af4b2f9cf867314eca4eab8a,pick up the black bowl from table center and place it on the plate,1,1,1,0.05751928374853393,0.14184251567176154
3001,D0,9010,0,220,b6d6cd4ef39e11f0df4d5f14a6460260f8af0d17540f340fd611743d00b60457,pick up the black bowl from table center and place it on the plate,1,1,1,0.03921027069779106,0.15615166567330752
3001,D0,9011,1,117,7aca0b8b247b3edff1114d879b0a3e64eae2976e012ae867c45d1b48244b4e6d,pick up the black bowl from table center and place it on the plate,1,1,1,0.05839301752453336,0.1589995347081088
3001,D0,9012,1,110,03d04daad25128361ecf4b7600048e4eb61ae26653e23eefac36fe82db182085,pick up the black bowl from table center and place it on the plate,1,1,1,0.051794826326412434,0.15326414710187475
3001,D0,9013,0,220,afb0bb9a3e9eb99d65948c4c5503645f5cf3844227e768d575603159af05126f,pick up the black bowl from table center and place it on the plate,1,0,0,0.0631989577640358,0.024071071816675005
3001,D0,9014,1,96,839be611de9e3c8f81732e7d0014efc4406528025babf34826ffc8ebc56d1b09,pick up the black bowl from table center and place it on the plate,1,1,1,0.06646496189376666,0.1265150622817588
3001,D0,9015,1,98,f9e93526155e334157e517ef256ceaa680b60b306eaa711d0cde97fd69d4ff6c,pick up the black bowl from table center and place it on the plate,1,1,1,0.051421817462093844,0.15658745426063359
3001,D0,9016,1,92,b2d874dca424ce3c5b8cc62fa285b432c44fa8ae429fa767b78a134fc0c425f1,pick up the black bowl from table center and place it on the plate,1,1,1,0.05303768720442039,0.13545627134013372
3001,D0,9017,1,99,1ab5d502113f4721f4e44976f29f665c9c0e3372f78549b54f8e04ebcb1ba5db,pick up the black bowl from table center and place it on the plate,1,1,1,0.050302206828520095,0.1582635979597724
3001,D0,9018,0,220,c4b2b90535e21008f866db6439ef88c5b120262ce1bcf582affbe0ae911d0fae,pick up the black bowl from table center and place it on the plate,1,1,1,0.04593896509716009,0.20204245564988366
3001,D0,9019,1,216,0c95b250f4b6108d45f40cf264fe6a3adaf91ea6f8d245f5338573be42b26d14,pick up the black bowl from table center and place it on the plate,1,1,1,0.04977407349091676,0.1682965043346054
3001,D0,9020,1,121,00decc6f64d3d60e0483b509e18cd2fb76e89dabe9de5b0a037490f514061d63,pick up the black bowl from table center and place it on the plate,1,0,1,0.04930860279859964,0.1347831761096745
3001,D0,9021,1,88,e6507e5c42593a4d1c2de3ea030650c66aa52ec66377c0ad09504b9f5958763b,pick up the black bowl from table center and place it on the plate,1,1,1,0.05516362160484357,0.10956538257828918
3001,D0,9022,1,102,75ab3f6956e5b3851e3270bc4a3e22c1f6362a3d12cf7b1092622184ecfb622d,pick up the black bowl from table center and place it on the plate,1,1,1,0.051587591858760974,0.14728967674999383
3001,D0,9023,1,100,f8012f6bcc54f1da0d16088a0d575467f62b143fca5b3cc39ac2f002b43e455d,pick up the black bowl from table center and place it on the plate,1,1,1,0.06336760845766255,0.16069038031417104
3001,D0,9024,0,220,2f629c67d6c5d7fa6cfae9ff38fe2849067dada91ff46861cf4752fcae34ea70,pick up the black bowl from table center and place it on the plate,1,1,1,0.036579079613738394,0.19918274862486984
3001,D0,9025,0,220,5fa8be1166c684fde9b673140eebd54241694051ccf107f0d0cb99ecaa0a0cfb,pick up the black bowl from table center and place it on the plate,1,1,1,0.043786306792186515,0.16412389388699222
3001,D0,9026,1,217,ccbabcf8079cc42aeb308d3bba96afbf11add66e3ca56a14e3765b87da1098e6,pick up the black bowl from table center and place it on the plate,1,1,1,0.04876611487290459,0.17670849146772705
3001,D0,9027,0,220,da81a40d0fe36b28a223c0dd2be1216852a6b32a90ef6508283f11f6ba5b0ca2,pick up the black bowl from table center and place it on the plate,1,1,1,0.05213414539750561,0.13837353825008947
3001,D0,9028,1,97,5e275c597db019875e6f7eaa6221c44457d29d5defc904ffb2aa52f87450db6c,pick up the black bowl from table center and place it on the plate,1,1,1,0.05461744309964518,0.1621870178280087
3001,D0,9029,1,106,b6e021eb7ad3e768b6b28b65aa373f1deb1f0ce9b5274e7f4ad3f5d740e13756,pick up the black bowl from table center and place it on the plate,1,1,1,0.05593042273475934,0.10653357130408536
3001,D0,9030,1,104,6bcf1fb385d46ec0503c85559da533da0feaf154756aa8028a8a46907c7419c8,pick up the black bowl from table center and place it on the plate,1,1,1,0.04399281390777776,0.1664258978194022
3001,D0,9031,1,121,9f87980700d859f1b5175c93cbb43767c0012c7ccfdcb6de86cc66158765c0b9,pick up the black bowl from table center and place it on the plate,1,1,1,0.0509469701303861,0.14320655165935237
3001,D0,9032,1,111,e273517e0dcbb53d3c16758c1f586ff3f7d72b99d284e4b060dd46b2a6536728,pick up the black bowl from table center and place it on the plate,1,1,1,0.037699814959171365,0.16221145281421268
3001,D0,9033,0,220,6af256b83ec84359072946ea2c39a23d2dbb13b58841ba083b7e22828c8651b5,pick up the black bowl from table center and place it on the plate,1,1,1,0.047152235983468904,0.17416776926088562
3001,D0,9034,1,123,4a321f552d57859a9117fddfc08c43a3aa6fc542d30dc7ba6aa825db1179b3e9,pick up the black bowl from table center and place it on the plate,1,1,1,0.032312836954201896,0.21388721269003508
3001,D0,9035,0,220,aa3e23cccee4195e458e1502cf47a7984b72fd20a244acd691fc6a13e025e644,pick up the black bowl from table center and place it on the plate,1,1,1,0.05365523269935836,0.1186028475334997
3001,D0,9036,1,176,bf94848651de0b05b74f4ab46dbf078c63267e2eae44e4ccceb28fb4cd7b770a,pick up the black bowl from table center and place it on the plate,1,1,1,0.04930733585605984,0.14624564076463042
3001,D0,9037,1,99,fcdffd3e266c5b9aedb7d9b2035f916982a8fe3dc197e713201ba974ab997d19,pick up the black bowl from table center and place it on the plate,1,1,1,0.04401496308324557,0.15222650557541084
3001,D0,9038,1,102,3888c879dc762cada29c6c6c6f8839ec614a1505fa05899de220efdfc1e8d8ba,pick up the black bowl from table center and place it on the plate,1,1,1,0.05246310826251567,0.109055197546289
3001,D0,9039,0,220,a0a0b71631d8529f70a4f538d4d71908a6e832e6a9bf12dc36bda1a61883c233,pick up the black bowl from table center and place it on the plate,1,1,1,0.046439585622624735,0.20109098371528789
3001,D0,9040,1,107,04a924c3f5bab9d9ec8fa6c4a76a62a6efbe5186563b7b5dcd522c239aa4e24c,pick up the black bowl from table center and place it on the plate,1,1,1,0.048359589690237334,0.17467499615476378
3001,D0,9041,1,97,1130a5b8637933d25eec1d71a0e5fd45786310d0cad00548b7e2d15856cb5e96,pick up the black bowl from table center and place it on the plate,1,1,1,0.05149443735854305,0.16879589841352272
3001,D0,9042,0,220,8eac1c962e40b3a800b8d9c1eb05bf13ba0f0e9eaa254e45059289ef8d93fe85,pick up the black bowl from table center and place it on the plate,1,1,1,0.034865838082879734,0.140923873839236
3001,D0,9043,1,102,7c980db2f5ccc2a325e5888e724f0fba1ffc450090d9861baeebe4e4b0268a06,pick up the black bowl from table center and place it on the plate,1,1,1,0.05066534814789012,0.15145092689549466
3001,D0,9044,1,189,4aa449d6b0d3e190d05267b87e02d523cbdc276254263a54f8d719582ba33830,pick up the black bowl from table center and place it on the plate,1,1,1,0.04505799310358178,0.1393328767906068
3001,D0,9045,1,99,5043d88c4ba34ace525a341fa4bef10dcda80d77eb068856f75713cba767caed,pick up the black bowl from table center and place it on the plate,1,1,1,0.05180747939342512,0.13275752971946675
3001,D0,9046,1,99,9e39a995f661ab187976da2307cf1fcf4385fd4ade3fa107b6e51128dad4d1d4,pick up the black bowl from table center and place it on the plate,1,1,1,0.05673258075472911,0.12563472674608378
3001,D0,9047,1,116,e8654e4e3980b57b8c1e79cadd0c3cda4c5ea3de76d658fc89f580d039d242c0,pick up the black bowl from table center and place it on the plate,1,1,1,0.04893987220167975,0.139686588092494
3001,D0,9048,1,93,a680ad4c663a18aa5318b13aa5cc7bfbca5114eb1c5c0b00586c5048961e9d28,pick up the black bowl from table center and place it on the plate,1,1,1,0.04220055575092484,0.14387978985500371
3001,D0,9049,1,199,bc4168f670a350e69667cd1b5d4535091f30096df55ee538e8fb1e86abdefdd7,pick up the black bowl from table center and place it on the plate,1,1,1,0.04505473142555988,0.13894008724141105
3001,D1,9000,0,220,320bd4e69fa585f8535cf271e7d2540a8d6d5af6deedb9b3b969ef2572bfad21,pick up the black bowl next to the plate and place it on the plate,0,0,0,0.17541297554401342,2.786076397365278e-07
3001,D1,9001,0,220,b93e417d8c84f16c04da169170b709563bbb5c10a6a1b65b0bf060f7e1b26f5a,pick up the black bowl next to the plate and place it on the plate,0,0,0,0.15313880949082098,0.0045446814272098734
3001,D1,9002,0,220,c697e1c72b21ca81329358cbe2f17694ec62f7ee14c1ed7d98550092012f4916,pick up the black bowl next to the plate and place it on the plate,0,0,0,0.24947405526334154,3.8543527236534203e-07
3001,D1,9003,0,220,060eb6dfd25ba2cb5c88798bb0e163d546def0f5f617de5bdef718a4d9f2ded0,pick up the black bowl next to the plate and place it on the plate,0,0,0,0.19903541723243026,4.5141265048176393e-07
3001,D1,9004,0,220,12f40fa0d2a1703bccb38e1e9a9f9d5bb2adacc01bb856762590775d1701faf9,pick up the black bowl next to the plate and place it on the plate,0,0,0,1.3917472878711286,0.0
3001,D1,9005,0,220,de65a02d26ef4848d993755f375d5b4a5f08d8eb1d6e06432041e55786b74877,pick up the black bowl next to the plate and place it on the plate,0,0,0,0.23270633330005727,2.786076397365278e-07
3001,D1,9006,0,220,f575923a9eb3eb96c5e3371daac3c35e6913d2810a7e86f2d30609f5b71b0b1c,pick up the black bowl next to the plate and place it on the plate,0,0,0,0.3143004144726819,0.0
3001,D1,9007,0,220,6ba2c508a99e66d9e74bc4823bd4991d1d5c729dfd9e24c104edc3b1c4b40fe6,pick up the black bowl next to the plate and place it on the plate,0,0,0,0.19758124535423563,3.359470955865973e-07
3001,D1,9008,0,220,4e229f430a73a056ac52cc8bcf85d7c9f2c31d88cf9f0e42b18290bb47e785ec,pick up the black bowl next to the plate and place it on the plate,0,0,0,0.1637402672438963,4.4731142001541713e-07
3001,D1,9009,0,220,5aa7effdfb404707fbd952c18ba6bdd531c1c9f4ab5a44bd514ec937dce84dd3,pick up the black bowl next to the plate and place it on the plate,0,0,0,0.15730739272437191,2.786076397365278e-07
3001,D1,9010,0,220,3db9d470f978819af14be3fc41cf85037f05228470784d6c685b1abd2a987c6d,pick up the black bowl next to the plate and place it on the plate,0,0,0,0.1535804394470326,2.786076397365278e-07
3001,D1,9011,0,220,45cb3a9e999a09462d9f4b38d645d72f3702f2e55386e821da15a90b0672b04c,pick up the black bowl next to the plate and place it on the plate,0,0,0,0.3579257063397322,0.0
3001,D1,9012,0,220,9c77d1ca9de94157bbab7cff54b96083ee77bc314cc5ce5e9793a84b62ff582e,pick up the black bowl next to the plate and place it on the plate,0,0,0,0.2568193970821109,2.945748577287688e-07
3001,D1,9013,0,220,f7b22625cfec40e76dfbe5a606f39260d53478f2ddc59e00f902c64452a6de39,pick up the black bowl next to the plate and place it on the plate,0,0,0,0.14389134952767446,2.786076397365278e-07
3001,D1,9014,0,220,3394c1c49a62761f5841c8042e31012b58a2592e4742d1fefef9c984f64b8295,pick up the black bowl next to the plate and place it on the plate,0,0,0,0.1208593502042081,2.786076397365278e-07
3001,D1,9015,0,220,93717fde3c68d9841ee02e845030f7f1dc1256e166386539016c80e0dcaeb0b0,pick up the black bowl next to the plate and place it on the plate,0,0,0,0.19275917652679825,3.073506652517821e-07
3001,D1,9016,0,220,61fbfbfec447a08abcb7de55897f965a65b7aa5f5c803b07ac0c1a53df44e754,pick up the black bowl next to the plate and place it on the plate,0,0,0,0.13739423165673956,0.02236901374990896
3001,D1,9017,0,220,74a4d6c6c7228475d45b9581ba71572d23ca770dc29c9712126e52ce5fb4f22f,pick up the black bowl next to the plate and place it on the plate,0,0,0,0.13348610451099754,0.008105647007566996
3001,D1,9018,0,220,1e5f002f13f59f1ba94982da00333784038e92c1d9c5205ff04889d5f227a06c,pick up the black bowl next to the plate and place it on the plate,0,0,0,0.3012788829659807,2.786076397365278e-07
3001,D1,9019,0,220,ce2ec6231d55fc20e9b21c2694da06bde80cbe9b33139e7f40be793b26ac5b52,pick up the black bowl next to the plate and place it on the plate,0,0,0,0.1413905742108906,0.015988422121164025
3001,D1,9020,0,220,adcff31447861e0c5440445bfa998f2a3dbed34cc95173edf90de199a3f6eff2,pick up the black bowl next to the plate and place it on the plate,0,0,0,0.28078064387710916,2.786076397365278e-07
3001,D1,9021,0,220,47eae7174da9c811cb9916fc5d20eba016d66d6ff4b4791b84e420094858f3a4,pick up the black bowl next to the plate and place it on the plate,0,0,0,0.12094585024143911,0.005145422954378698
3001,D1,9022,0,220,5c3242f57452ad654cd9f809cd8d8d266c9a6b813245bf64aabf770d90903c8d,pick up the black bowl next to the plate and place it on the plate,0,0,0,0.2861864504542006,0.0
3001,D1,9023,0,220,801fa4111a290b23b9f8655a3aa209e3bb712b4fe21f8eb2a622b19c7870b309,pick up the black bowl next to the plate and place it on the plate,0,0,0,0.13870729988109712,2.786076398475501e-07
3001,D1,9024,0,220,b8566a5a87d68ee8472024055b16420b6910b3d336df994de401456eb7cb3b3b,pick up the black bowl next to the plate and place it on the plate,0,0,0,0.14551202011992073,0.0
3001,D1,9025,0,220,581c5c1f263ab385dc8531063451dab04da1d4c40a8de06e677347aa33f2c16e,pick up the black bowl next to the plate and place it on the plate,0,0,0,0.11996543058176702,0.006777278780539242
3001,D1,9026,0,220,ff25cc010803ef9f8f2a55cac8943aca173159e67cd682fffd4ddbbb700a00af,pick up the black bowl next to the plate and place it on the plate,0,0,0,0.20137180324235632,2.786076397365278e-07
3001,D1,9027,0,220,bd4bc8748a8fc2b0d263ad15418a4d5ad6c2be410c5eb4405b68c0fd4c93e54c,pick up the black bowl next to the plate and place it on the plate,0,0,0,0.18482175487266644,0.0
3001,D1,9028,0,220,008d6472a592754f93cc53397ffa1c900586548301d990565798921966d8573d,pick up the black bowl next to the plate and place it on the plate,0,0,0,0.23456899862074432,2.786076397365278e-07
3001,D1,9029,0,220,89a0ab8bc976bb987f853e6eb50c7089647334a0255cbab2dc3cfde540e9be44,pick up the black bowl next to the plate and place it on the plate,0,0,0,0.18194375278359573,2.786076397365278e-07
3001,D1,9030,0,220,2300b8b354f84670e07838dd62206f1a56a0155289d56bd4cb238a1a313f767e,pick up the black bowl next to the plate and place it on the plate,0,0,0,0.12587227372329257,0.01021303256445294
3001,D1,9031,0,220,3270888d400edfeedeb7ff7afa2d237462d3995dffa1c5ed11f693fda6e928bb,pick up the black bowl next to the plate and place it on the plate,0,0,0,0.2139165774784813,0.0
3001,D1,9032,0,220,2d65bf1940bb4fb39f8f9a7428bd61461295171cbaf53cd1cf34b66f5d689a10,pick up the black bowl next to the plate and place it on the plate,0,0,0,0.13542556585458496,2.786076397365278e-07
3001,D1,9033,0,220,54ae24c579d148b7a80c8ea374f7261bbe293fa6fa3f205afd5c3459cb457459,pick up the black bowl next to the plate and place it on the plate,0,0,0,0.26596658356233727,4.29406540103372e-07
3001,D1,9034,0,220,d055b308d16e325eecbd774fb3f76e106c0989eb4f4fca475ffd5ea39f2fbd74,pick up the black bowl next to the plate and place it on the plate,0,0,0,0.1348101793044028,2.786076397365278e-07
3001,D1,9035,0,220,92a79394b4f1bd8b2c4017b52e0de7781af4cbe6a198c597ad435cd0db9bbdc4,pick up the black bowl next to the plate and place it on the plate,0,0,0,0.20364303405170522,2.786076397365278e-07
3001,D1,9036,0,220,23b16c83d5010f3f1eaec01f8973e9ebe910901562c51fc196486eb86cdbb45c,pick up the black bowl next to the plate and place it on the plate,0,0,0,0.14988306540887678,2.786076397365278e-07
3001,D1,9037,0,220,c44f194b22d1f7f88392b0582cfc8fbfa068300af354565d0fcc7def3f836615,pick up the black bowl next to the plate and place it on the plate,0,0,0,0.23441866932301264,2.786076397365278e-07
3001,D1,9038,0,220,a4f0b2e41115224d31f0947934779ef9f026d999ef818fc779061b91c3d0ba18,pick up the black bowl next to the plate and place it on the plate,0,0,0,0.21633585347836287,2.786076397365278e-07
3001,D1,9039,0,220,8c1f7f0beb9fb33d4648575714283263ccad6b1a28c12faec717ef10a0402928,pick up the black bowl next to the plate and place it on the plate,0,0,0,0.14995198007609176,0.012879800505266492
3001,D1,9040,0,220,953c53394ce0807a7d8997e9735f8db6f4cb2125184a8b6c563ae7ad6f0ae6e1,pick up the black bowl next to the plate and place it on the plate,0,0,0,0.15499495192478827,0.0031881142897093318
3001,D1,9041,0,220,f8a52fa9df4fcb6088cffcc5f2968854580329e4f1a7a14b6ad2e97e95a76d9a,pick up the black bowl next to the plate and place it on the plate,0,0,0,0.14891324640660752,2.786076397365278e-07
3001,D1,9042,0,220,2cd16af33a15d30443d12b30dca7ca02dec8ef63ac313a77403b287b8fe32ebd,pick up the black bowl next to the plate and place it on the plate,0,0,0,0.13592534450728813,2.786076397365278e-07
3001,D1,9043,0,220,10c0af74f7b0944ebf42488237c60b828e534cd18a839efe395c2d2770cdb30a,pick up the black bowl next to the plate and place it on the plate,0,0,0,0.28394349595835483,2.786076397365278e-07
3001,D1,9044,0,220,2aafeb974c78c61516f909d9ae223bfe78097c06effe15d67055a8967ecdac8a,pick up the black bowl next to the plate and place it on the plate,0,0,0,0.22055618675344874,1.389844942467633e-07
3001,D1,9045,0,220,3126bb7432170cee6a63b3c2d49209f32ea6b190325a25077f71ee4ec45019a8,pick up the black bowl next to the plate and place it on the plate,0,0,0,0.13857628147799367,2.786076397365278e-07
3001,D1,9046,0,220,295fb62aeb167cb920155652aefbd6eab1ed7b2100dff7e827b9e3d0c8bfe05a,pick up the black bowl next to the plate and place it on the plate,0,0,0,0.15023404295731316,0.005778656451693842
3001,D1,9047,0,220,759a776879e5c92e783db67ebd443e63198c7a24e6b9df7fc68d541322a2680b,pick up the black bowl next to the plate and place it on the plate,0,0,0,0.13700431032106203,3.644762778254318e-07
3001,D1,9048,0,220,1c10f148481549493ba587d075dc418d2e1a080df405dbe208e030b993715e7c,pick up the black bowl next to the plate and place it on the plate,0,0,0,0.11079571553086622,0.010080400495861896
3001,D1,9049,0,220,c1d61be53f9506e45a31d27b22b3ca680a9a9e160f2ec30f487a899161ea09c0,pick up the black bowl next to the plate and place it on the plate,0,0,0,0.32219025337116736,2.786076397365278e-07
lora_initialization,D0,9000,0,220,cda352e7ea02da5687eb4f746b963174955af404abc489875195ae14cc674af0,pick up the black bowl from table center and place it on the plate,0,0,0,0.24515930297906682,2.786078234784384e-07
lora_initialization,D0,9001,0,220,000d8086c3049c124ee92a67574e9d6f146d71be485c159c561dc901c380c5d7,pick up the black bowl from table center and place it on the plate,0,0,0,0.23340776503418204,2.786076397365278e-07
lora_initialization,D0,9002,0,220,e1396ef19ca740b00012e935c86bb951ceedd0086febf3558c65664867baba87,pick up the black bowl from table center and place it on the plate,0,0,0,0.19918524174804206,2.786076402916393e-07
lora_initialization,D0,9003,0,220,bbac12e3b3712b5e27d972cd1a8df5de2499aef29ba2a8bddc4c3d9065ce3cbd,pick up the black bowl from table center and place it on the plate,0,0,0,0.24075345304060422,2.786076397365278e-07
lora_initialization,D0,9004,0,220,4217789f67f3f135585eff2c6e7e7e757c050be95f5fc3618079017a628bb279,pick up the black bowl from table center and place it on the plate,0,0,0,0.2796452433337805,2.786076399585724e-07
lora_initialization,D0,9005,0,220,0064a3ba31d7d36cc7b98568e38312a78a2ee6b7df637d8de500b50501a894c2,pick up the black bowl from table center and place it on the plate,0,0,0,0.25197849473655753,2.786076399585724e-07
lora_initialization,D0,9006,0,220,8b856fe08b53ed0f69ca679f61bf85fd2f2b0a6df689ba6763c2cf74d380acaa,pick up the black bowl from table center and place it on the plate,0,0,0,0.2484968648613324,2.786076398475501e-07
lora_initialization,D0,9007,0,220,ece28a27e0cdea4f23f0552cfa90d14a90d3f4fe2212542e60df865e5c9aa2f9,pick up the black bowl from table center and place it on the plate,0,0,0,0.21424816958696538,2.786076397365278e-07
lora_initialization,D0,9008,0,220,729bfc215a54df4bd6a30ed6387bfdb8206a75bd1289d51af9ea677f1b2d5aaf,pick up the black bowl from table center and place it on the plate,0,0,0,0.27791251010659296,2.786076398475501e-07
lora_initialization,D0,9009,0,220,b972b58b88a0dc8c343a2fa4ccc2ca9857254418af4b2f9cf867314eca4eab8a,pick up the black bowl from table center and place it on the plate,0,0,0,0.2281879667131114,2.786076398475501e-07
lora_initialization,D0,9010,0,220,b6d6cd4ef39e11f0df4d5f14a6460260f8af0d17540f340fd611743d00b60457,pick up the black bowl from table center and place it on the plate,0,0,0,0.23983453088340353,2.786076398475501e-07
lora_initialization,D0,9011,0,220,7aca0b8b247b3edff1114d879b0a3e64eae2976e012ae867c45d1b48244b4e6d,pick up the black bowl from table center and place it on the plate,0,0,0,0.22995931172327425,2.7860781859345707e-07
lora_initialization,D0,9012,0,220,03d04daad25128361ecf4b7600048e4eb61ae26653e23eefac36fe82db182085,pick up the black bowl from table center and place it on the plate,0,0,0,0.2790302981602306,2.786076398475501e-07
lora_initialization,D0,9013,0,220,afb0bb9a3e9eb99d65948c4c5503645f5cf3844227e768d575603159af05126f,pick up the black bowl from table center and place it on the plate,0,0,0,0.2703196315608542,2.786199305715442e-07
lora_initialization,D0,9014,0,220,839be611de9e3c8f81732e7d0014efc4406528025babf34826ffc8ebc56d1b09,pick up the black bowl from table center and place it on the plate,0,0,0,0.3015463720376353,2.786076398475501e-07
lora_initialization,D0,9015,0,220,f9e93526155e334157e517ef256ceaa680b60b306eaa711d0cde97fd69d4ff6c,pick up the black bowl from table center and place it on the plate,0,0,0,0.23540537154670454,2.786076397365278e-07
lora_initialization,D0,9016,0,220,b2d874dca424ce3c5b8cc62fa285b432c44fa8ae429fa767b78a134fc0c425f1,pick up the black bowl from table center and place it on the plate,0,0,0,0.2330816356524104,2.786076397365278e-07
lora_initialization,D0,9017,0,220,1ab5d502113f4721f4e44976f29f665c9c0e3372f78549b54f8e04ebcb1ba5db,pick up the black bowl from table center and place it on the plate,0,0,0,0.24636952972383966,2.793552997815141e-07
lora_initialization,D0,9018,0,220,c4b2b90535e21008f866db6439ef88c5b120262ce1bcf582affbe0ae911d0fae,pick up the black bowl from table center and place it on the plate,0,0,0,0.284144199723929,2.786076398475501e-07
lora_initialization,D0,9019,0,220,0c95b250f4b6108d45f40cf264fe6a3adaf91ea6f8d245f5338573be42b26d14,pick up the black bowl from table center and place it on the plate,0,0,0,0.235806793023226,2.7860822282566033e-07
lora_initialization,D0,9020,0,220,00decc6f64d3d60e0483b509e18cd2fb76e89dabe9de5b0a037490f514061d63,pick up the black bowl from table center and place it on the plate,0,0,0,0.2450933194740777,2.786076398475501e-07
lora_initialization,D0,9021,0,220,e6507e5c42593a4d1c2de3ea030650c66aa52ec66377c0ad09504b9f5958763b,pick up the black bowl from table center and place it on the plate,0,0,0,0.2698823388141101,2.786079092986782e-07
lora_initialization,D0,9022,0,220,75ab3f6956e5b3851e3270bc4a3e22c1f6362a3d12cf7b1092622184ecfb622d,pick up the black bowl from table center and place it on the plate,0,0,0,0.2589887455557034,2.80262954399646e-07
lora_initialization,D0,9023,0,220,f8012f6bcc54f1da0d16088a0d575467f62b143fca5b3cc39ac2f002b43e455d,pick up the black bowl from table center and place it on the plate,0,0,0,0.2638397113724092,2.786076398475501e-07
lora_initialization,D0,9024,0,220,2f629c67d6c5d7fa6cfae9ff38fe2849067dada91ff46861cf4752fcae34ea70,pick up the black bowl from table center and place it on the plate,0,0,0,0.2614152449102799,2.786077016869726e-07
lora_initialization,D0,9025,0,220,5fa8be1166c684fde9b673140eebd54241694051ccf107f0d0cb99ecaa0a0cfb,pick up the black bowl from table center and place it on the plate,0,0,0,0.22360551853219277,2.786079372762984e-07
lora_initialization,D0,9026,0,220,ccbabcf8079cc42aeb308d3bba96afbf11add66e3ca56a14e3765b87da1098e6,pick up the black bowl from table center and place it on the plate,0,0,0,0.2901029737017926,2.786126809262157e-07
lora_initialization,D0,9027,0,220,da81a40d0fe36b28a223c0dd2be1216852a6b32a90ef6508283f11f6ba5b0ca2,pick up the black bowl from table center and place it on the plate,0,0,0,0.24893583403371408,2.7871631436138244e-07
lora_initialization,D0,9028,0,220,5e275c597db019875e6f7eaa6221c44457d29d5defc904ffb2aa52f87450db6c,pick up the black bowl from table center and place it on the plate,0,0,0,0.2753460084432969,2.786130269827325e-07
lora_initialization,D0,9029,0,220,b6e021eb7ad3e768b6b28b65aa373f1deb1f0ce9b5274e7f4ad3f5d740e13756,pick up the black bowl from table center and place it on the plate,0,0,0,0.27645337995336083,2.7860811435687083e-07
lora_initialization,D0,9030,0,220,6bcf1fb385d46ec0503c85559da533da0feaf154756aa8028a8a46907c7419c8,pick up the black bowl from table center and place it on the plate,0,0,0,0.24066664852668898,2.786076398475501e-07
lora_initialization,D0,9031,0,220,9f87980700d859f1b5175c93cbb43767c0012c7ccfdcb6de86cc66158765c0b9,pick up the black bowl from table center and place it on the plate,0,0,0,0.22281771314321427,2.786076397365278e-07
lora_initialization,D0,9032,0,220,e273517e0dcbb53d3c16758c1f586ff3f7d72b99d284e4b060dd46b2a6536728,pick up the black bowl from table center and place it on the plate,0,0,0,0.18672328874166982,2.786076398475501e-07
lora_initialization,D0,9033,0,220,6af256b83ec84359072946ea2c39a23d2dbb13b58841ba083b7e22828c8651b5,pick up the black bowl from table center and place it on the plate,0,0,0,0.23075009919460437,2.786076397365278e-07
lora_initialization,D0,9034,0,220,4a321f552d57859a9117fddfc08c43a3aa6fc542d30dc7ba6aa825db1179b3e9,pick up the black bowl from table center and place it on the plate,0,0,0,0.24355329275442067,2.786076397365278e-07
lora_initialization,D0,9035,0,220,aa3e23cccee4195e458e1502cf47a7984b72fd20a244acd691fc6a13e025e644,pick up the black bowl from table center and place it on the plate,0,0,0,0.27843099645282593,2.7860764129084004e-07
lora_initialization,D0,9036,0,220,bf94848651de0b05b74f4ab46dbf078c63267e2eae44e4ccceb28fb4cd7b770a,pick up the black bowl from table center and place it on the plate,0,0,0,0.23913497691898283,2.786076399585724e-07
lora_initialization,D0,9037,0,220,fcdffd3e266c5b9aedb7d9b2035f916982a8fe3dc197e713201ba974ab997d19,pick up the black bowl from table center and place it on the plate,0,0,0,0.2503357483800475,2.7860771512067117e-07
lora_initialization,D0,9038,0,220,3888c879dc762cada29c6c6c6f8839ec614a1505fa05899de220efdfc1e8d8ba,pick up the black bowl from table center and place it on the plate,0,0,0,0.23799814844585615,2.786113957320424e-07
lora_initialization,D0,9039,0,220,a0a0b71631d8529f70a4f538d4d71908a6e832e6a9bf12dc36bda1a61883c233,pick up the black bowl from table center and place it on the plate,0,0,0,0.20204233193745472,2.786076397365278e-07
lora_initialization,D0,9040,0,220,04a924c3f5bab9d9ec8fa6c4a76a62a6efbe5186563b7b5dcd522c239aa4e24c,pick up the black bowl from table center and place it on the plate,0,0,0,0.2612133362065208,2.786076397365278e-07
lora_initialization,D0,9041,0,220,1130a5b8637933d25eec1d71a0e5fd45786310d0cad00548b7e2d15856cb5e96,pick up the black bowl from table center and place it on the plate,0,0,0,0.2678858048836045,2.786076397365278e-07
lora_initialization,D0,9042,0,220,8eac1c962e40b3a800b8d9c1eb05bf13ba0f0e9eaa254e45059289ef8d93fe85,pick up the black bowl from table center and place it on the plate,0,0,0,0.25918185807675653,2.786098266538417e-07
lora_initialization,D0,9043,0,220,7c980db2f5ccc2a325e5888e724f0fba1ffc450090d9861baeebe4e4b0268a06,pick up the black bowl from table center and place it on the plate,0,0,0,0.25349320981839857,2.786076398475501e-07
lora_initialization,D0,9044,0,220,4aa449d6b0d3e190d05267b87e02d523cbdc276254263a54f8d719582ba33830,pick up the black bowl from table center and place it on the plate,0,0,0,0.29162573229074273,2.786076398475501e-07
lora_initialization,D0,9045,0,220,5043d88c4ba34ace525a341fa4bef10dcda80d77eb068856f75713cba767caed,pick up the black bowl from table center and place it on the plate,0,0,0,0.25246939134622853,2.786080366412591e-07
lora_initialization,D0,9046,0,220,9e39a995f661ab187976da2307cf1fcf4385fd4ade3fa107b6e51128dad4d1d4,pick up the black bowl from table center and place it on the plate,0,0,0,0.20142448851371675,2.786076397365278e-07
lora_initialization,D0,9047,0,220,e8654e4e3980b57b8c1e79cadd0c3cda4c5ea3de76d658fc89f580d039d242c0,pick up the black bowl from table center and place it on the plate,0,0,0,0.27096908131031683,2.786076398475501e-07
lora_initialization,D0,9048,0,220,a680ad4c663a18aa5318b13aa5cc7bfbca5114eb1c5c0b00586c5048961e9d28,pick up the black bowl from table center and place it on the plate,0,0,0,0.18255832878183767,2.786076397365278e-07
lora_initialization,D0,9049,0,220,bc4168f670a350e69667cd1b5d4535091f30096df55ee538e8fb1e86abdefdd7,pick up the black bowl from table center and place it on the plate,0,0,0,0.22441602212887515,2.786076398475501e-07
lora_initialization,D1,9000,0,220,320bd4e69fa585f8535cf271e7d2540a8d6d5af6deedb9b3b969ef2572bfad21,pick up the black bowl next to the plate and place it on the plate,0,0,0,0.14048931379479612,0.0019967572430825697
lora_initialization,D1,9001,0,220,b93e417d8c84f16c04da169170b709563bbb5c10a6a1b65b0bf060f7e1b26f5a,pick up the black bowl next to the plate and place it on the plate,1,0,0,0.08149146801298887,2.786076397365278e-07
lora_initialization,D1,9002,0,220,c697e1c72b21ca81329358cbe2f17694ec62f7ee14c1ed7d98550092012f4916,pick up the black bowl next to the plate and place it on the plate,0,0,0,0.16868534579092212,3.8543527236534203e-07
lora_initialization,D1,9003,0,220,060eb6dfd25ba2cb5c88798bb0e163d546def0f5f617de5bdef718a4d9f2ded0,pick up the black bowl next to the plate and place it on the plate,0,0,0,0.13213610918324667,0.015595075473987197
lora_initialization,D1,9004,0,220,12f40fa0d2a1703bccb38e1e9a9f9d5bb2adacc01bb856762590775d1701faf9,pick up the black bowl next to the plate and place it on the plate,0,0,0,1.1264166406485874,0.0
lora_initialization,D1,9005,0,220,de65a02d26ef4848d993755f375d5b4a5f08d8eb1d6e06432041e55786b74877,pick up the black bowl next to the plate and place it on the plate,0,0,0,0.10466163766426917,2.786076397365278e-07
lora_initialization,D1,9006,0,220,f575923a9eb3eb96c5e3371daac3c35e6913d2810a7e86f2d30609f5b71b0b1c,pick up the black bowl next to the plate and place it on the plate,0,0,0,0.22358291772582978,0.0
lora_initialization,D1,9007,0,220,6ba2c508a99e66d9e74bc4823bd4991d1d5c729dfd9e24c104edc3b1c4b40fe6,pick up the black bowl next to the plate and place it on the plate,1,0,0,0.0781204143717063,3.359470955865973e-07
lora_initialization,D1,9008,0,220,4e229f430a73a056ac52cc8bcf85d7c9f2c31d88cf9f0e42b18290bb47e785ec,pick up the black bowl next to the plate and place it on the plate,0,0,0,0.10723478770310962,0.012391882514652952
lora_initialization,D1,9009,0,220,5aa7effdfb404707fbd952c18ba6bdd531c1c9f4ab5a44bd514ec937dce84dd3,pick up the black bowl next to the plate and place it on the plate,0,0,0,0.18053188226575909,2.786076398475501e-07
lora_initialization,D1,9010,0,220,3db9d470f978819af14be3fc41cf85037f05228470784d6c685b1abd2a987c6d,pick up the black bowl next to the plate and place it on the plate,0,0,0,0.1946377443886165,0.009109181331906302
lora_initialization,D1,9011,0,220,45cb3a9e999a09462d9f4b38d645d72f3702f2e55386e821da15a90b0672b04c,pick up the black bowl next to the plate and place it on the plate,0,0,0,0.11935934054387641,0.0
lora_initialization,D1,9012,0,220,9c77d1ca9de94157bbab7cff54b96083ee77bc314cc5ce5e9793a84b62ff582e,pick up the black bowl next to the plate and place it on the plate,0,0,1,0.12305929589436276,0.03740504657522625
lora_initialization,D1,9013,0,220,f7b22625cfec40e76dfbe5a606f39260d53478f2ddc59e00f902c64452a6de39,pick up the black bowl next to the plate and place it on the plate,0,0,1,0.17063811623915565,0.03817244668439346
lora_initialization,D1,9014,0,220,3394c1c49a62761f5841c8042e31012b58a2592e4742d1fefef9c984f64b8295,pick up the black bowl next to the plate and place it on the plate,0,0,1,0.14131707403089178,0.046097952471548576
lora_initialization,D1,9015,0,220,93717fde3c68d9841ee02e845030f7f1dc1256e166386539016c80e0dcaeb0b0,pick up the black bowl next to the plate and place it on the plate,1,0,1,0.07909337972083491,0.044020082622115875
lora_initialization,D1,9016,0,220,61fbfbfec447a08abcb7de55897f965a65b7aa5f5c803b07ac0c1a53df44e754,pick up the black bowl next to the plate and place it on the plate,1,0,0,0.029172764601705585,0.023349517175836554
lora_initialization,D1,9017,0,220,74a4d6c6c7228475d45b9581ba71572d23ca770dc29c9712126e52ce5fb4f22f,pick up the black bowl next to the plate and place it on the plate,0,0,1,0.18983866117134313,0.03645595775742794
lora_initialization,D1,9018,0,220,1e5f002f13f59f1ba94982da00333784038e92c1d9c5205ff04889d5f227a06c,pick up the black bowl next to the plate and place it on the plate,0,0,0,0.1272472128081666,2.786076397365278e-07
lora_initialization,D1,9019,0,220,ce2ec6231d55fc20e9b21c2694da06bde80cbe9b33139e7f40be793b26ac5b52,pick up the black bowl next to the plate and place it on the plate,0,0,0,0.11506792937105771,3.230304529422412e-07
lora_initialization,D1,9020,0,220,adcff31447861e0c5440445bfa998f2a3dbed34cc95173edf90de199a3f6eff2,pick up the black bowl next to the plate and place it on the plate,0,0,0,0.13460741737144322,0.014883454324172374
lora_initialization,D1,9021,0,220,47eae7174da9c811cb9916fc5d20eba016d66d6ff4b4791b84e420094858f3a4,pick up the black bowl next to the plate and place it on the plate,0,0,0,0.1353623575499921,2.7860810281055137e-07
lora_initialization,D1,9022,0,220,5c3242f57452ad654cd9f809cd8d8d266c9a6b813245bf64aabf770d90903c8d,pick up the black bowl next to the plate and place it on the plate,0,0,0,0.14483365936998535,0.006715361884837567
lora_initialization,D1,9023,0,220,801fa4111a290b23b9f8655a3aa209e3bb712b4fe21f8eb2a622b19c7870b309,pick up the black bowl next to the plate and place it on the plate,1,0,1,0.08039568944276078,0.06078122979302114
lora_initialization,D1,9024,0,220,b8566a5a87d68ee8472024055b16420b6910b3d336df994de401456eb7cb3b3b,pick up the black bowl next to the plate and place it on the plate,0,0,0,0.17616044417593857,0.026804490546238235
lora_initialization,D1,9025,0,220,581c5c1f263ab385dc8531063451dab04da1d4c40a8de06e677347aa33f2c16e,pick up the black bowl next to the plate and place it on the plate,0,0,0,0.16504047592939855,0.008415074522152288
lora_initialization,D1,9026,0,220,ff25cc010803ef9f8f2a55cac8943aca173159e67cd682fffd4ddbbb700a00af,pick up the black bowl next to the plate and place it on the plate,0,0,0,0.15594187388060812,4.4667005001719495e-05
lora_initialization,D1,9027,0,220,bd4bc8748a8fc2b0d263ad15418a4d5ad6c2be410c5eb4405b68c0fd4c93e54c,pick up the black bowl next to the plate and place it on the plate,0,0,1,0.13425623441773366,0.8791758889108319
lora_initialization,D1,9028,0,220,008d6472a592754f93cc53397ffa1c900586548301d990565798921966d8573d,pick up the black bowl next to the plate and place it on the plate,0,0,0,0.15233135263311132,0.0003352420497312325
lora_initialization,D1,9029,0,220,89a0ab8bc976bb987f853e6eb50c7089647334a0255cbab2dc3cfde540e9be44,pick up the black bowl next to the plate and place it on the plate,0,0,0,0.157934694484041,0.01466890725073089
lora_initialization,D1,9030,0,220,2300b8b354f84670e07838dd62206f1a56a0155289d56bd4cb238a1a313f767e,pick up the black bowl next to the plate and place it on the plate,0,0,0,0.21460094964504015,2.786076398475501e-07
lora_initialization,D1,9031,0,220,3270888d400edfeedeb7ff7afa2d237462d3995dffa1c5ed11f693fda6e928bb,pick up the black bowl next to the plate and place it on the plate,1,1,0,0.026484310094668687,0.006974417865899585
lora_initialization,D1,9032,0,220,2d65bf1940bb4fb39f8f9a7428bd61461295171cbaf53cd1cf34b66f5d689a10,pick up the black bowl next to the plate and place it on the plate,0,0,0,0.17457687023883595,0.0036314611844961986
lora_initialization,D1,9033,0,220,54ae24c579d148b7a80c8ea374f7261bbe293fa6fa3f205afd5c3459cb457459,pick up the black bowl next to the plate and place it on the plate,0,0,0,0.12134243626929969,4.29406540103372e-07
lora_initialization,D1,9034,0,220,d055b308d16e325eecbd774fb3f76e106c0989eb4f4fca475ffd5ea39f2fbd74,pick up the black bowl next to the plate and place it on the plate,0,0,0,0.17783062937074223,2.786076398475501e-07
lora_initialization,D1,9035,0,220,92a79394b4f1bd8b2c4017b52e0de7781af4cbe6a198c597ad435cd0db9bbdc4,pick up the black bowl next to the plate and place it on the plate,0,0,0,0.1527157205928395,0.00670351665555069
lora_initialization,D1,9036,0,220,23b16c83d5010f3f1eaec01f8973e9ebe910901562c51fc196486eb86cdbb45c,pick up the black bowl next to the plate and place it on the plate,0,0,0,0.1866819274044062,2.786076397365278e-07
lora_initialization,D1,9037,0,220,c44f194b22d1f7f88392b0582cfc8fbfa068300af354565d0fcc7def3f836615,pick up the black bowl next to the plate and place it on the plate,0,0,1,0.17946732349612785,0.1483939854736278
lora_initialization,D1,9038,0,220,a4f0b2e41115224d31f0947934779ef9f026d999ef818fc779061b91c3d0ba18,pick up the black bowl next to the plate and place it on the plate,0,0,0,0.15259592169049077,0.023280150508003583
lora_initialization,D1,9039,0,220,8c1f7f0beb9fb33d4648575714283263ccad6b1a28c12faec717ef10a0402928,pick up the black bowl next to the plate and place it on the plate,0,0,0,0.11974773481652862,3.2413779549322896e-07
lora_initialization,D1,9040,0,220,953c53394ce0807a7d8997e9735f8db6f4cb2125184a8b6c563ae7ad6f0ae6e1,pick up the black bowl next to the plate and place it on the plate,0,0,0,0.21363658753719209,2.567198832403861e-07
lora_initialization,D1,9041,0,220,f8a52fa9df4fcb6088cffcc5f2968854580329e4f1a7a14b6ad2e97e95a76d9a,pick up the black bowl next to the plate and place it on the plate,0,0,0,0.23691880171264407,2.786076399585724e-07
lora_initialization,D1,9042,0,220,2cd16af33a15d30443d12b30dca7ca02dec8ef63ac313a77403b287b8fe32ebd,pick up the black bowl next to the plate and place it on the plate,1,0,1,0.06942944403224191,0.0358627766267724
lora_initialization,D1,9043,0,220,10c0af74f7b0944ebf42488237c60b828e534cd18a839efe395c2d2770cdb30a,pick up the black bowl next to the plate and place it on the plate,0,0,1,0.18611221316576956,0.049605418658160594
lora_initialization,D1,9044,0,220,2aafeb974c78c61516f909d9ae223bfe78097c06effe15d67055a8967ecdac8a,pick up the black bowl next to the plate and place it on the plate,1,0,0,0.0481644207396697,0.0050970257901437055
lora_initialization,D1,9045,0,220,3126bb7432170cee6a63b3c2d49209f32ea6b190325a25077f71ee4ec45019a8,pick up the black bowl next to the plate and place it on the plate,0,0,0,0.15356042807616307,0.0035875033926255906
lora_initialization,D1,9046,0,220,295fb62aeb167cb920155652aefbd6eab1ed7b2100dff7e827b9e3d0c8bfe05a,pick up the black bowl next to the plate and place it on the plate,0,0,1,0.1330281683575033,0.04309779161414695
lora_initialization,D1,9047,0,220,759a776879e5c92e783db67ebd443e63198c7a24e6b9df7fc68d541322a2680b,pick up the black bowl next to the plate and place it on the plate,0,0,0,0.17288397908815928,0.005711566871627216
lora_initialization,D1,9048,0,220,1c10f148481549493ba587d075dc418d2e1a080df405dbe208e030b993715e7c,pick up the black bowl next to the plate and place it on the plate,0,0,0,0.15695311331402942,2.786078791006119e-07
lora_initialization,D1,9049,0,220,c1d61be53f9506e45a31d27b22b3ca680a9a9e160f2ec30f487a899161ea09c0,pick up the black bowl next to the plate and place it on the plate,0,0,0,0.1304549385439553,0.006458790744081178
positive_control,D0,9000,1,104,cda352e7ea02da5687eb4f746b963174955af404abc489875195ae14cc674af0,pick up the black bowl from table center and place it on the plate,1,1,1,0.04913387664144326,0.17443725762259854
positive_control,D0,9001,1,98,000d8086c3049c124ee92a67574e9d6f146d71be485c159c561dc901c380c5d7,pick up the black bowl from table center and place it on the plate,1,1,1,0.04239136751548967,0.1579179333849463
positive_control,D0,9002,1,97,e1396ef19ca740b00012e935c86bb951ceedd0086febf3558c65664867baba87,pick up the black bowl from table center and place it on the plate,1,1,1,0.04601271693373387,0.16040760485717587
positive_control,D0,9003,1,99,bbac12e3b3712b5e27d972cd1a8df5de2499aef29ba2a8bddc4c3d9065ce3cbd,pick up the black bowl from table center and place it on the plate,1,1,1,0.05326402548740496,0.1757949057981003
positive_control,D0,9004,1,96,4217789f67f3f135585eff2c6e7e7e757c050be95f5fc3618079017a628bb279,pick up the black bowl from table center and place it on the plate,1,1,1,0.05558099985800761,0.151119245307884
positive_control,D0,9005,1,92,0064a3ba31d7d36cc7b98568e38312a78a2ee6b7df637d8de500b50501a894c2,pick up the black bowl from table center and place it on the plate,1,1,1,0.04785786061616191,0.1452544064806962
positive_control,D0,9006,1,99,8b856fe08b53ed0f69ca679f61bf85fd2f2b0a6df689ba6763c2cf74d380acaa,pick up the black bowl from table center and place it on the plate,1,1,1,0.04380763022613487,0.18287327964903222
positive_control,D0,9007,1,101,ece28a27e0cdea4f23f0552cfa90d14a90d3f4fe2212542e60df865e5c9aa2f9,pick up the black bowl from table center and place it on the plate,1,1,1,0.06122359560546222,0.1569676973906604
positive_control,D0,9008,1,127,729bfc215a54df4bd6a30ed6387bfdb8206a75bd1289d51af9ea677f1b2d5aaf,pick up the black bowl from table center and place it on the plate,1,1,1,0.04895784901989424,0.15022132290353096
positive_control,D0,9009,1,96,b972b58b88a0dc8c343a2fa4ccc2ca9857254418af4b2f9cf867314eca4eab8a,pick up the black bowl from table center and place it on the plate,1,1,1,0.05551152669111087,0.1384437375435852
positive_control,D0,9010,1,95,b6d6cd4ef39e11f0df4d5f14a6460260f8af0d17540f340fd611743d00b60457,pick up the black bowl from table center and place it on the plate,1,1,1,0.05230857753074596,0.14547213614580512
positive_control,D0,9011,1,96,7aca0b8b247b3edff1114d879b0a3e64eae2976e012ae867c45d1b48244b4e6d,pick up the black bowl from table center and place it on the plate,1,1,1,0.05810475981872435,0.1523754309782328
positive_control,D0,9012,1,100,03d04daad25128361ecf4b7600048e4eb61ae26653e23eefac36fe82db182085,pick up the black bowl from table center and place it on the plate,1,1,1,0.05953260159315159,0.16177605636722103
positive_control,D0,9013,1,99,afb0bb9a3e9eb99d65948c4c5503645f5cf3844227e768d575603159af05126f,pick up the black bowl from table center and place it on the plate,1,1,1,0.05995091052286438,0.12851434211109902
positive_control,D0,9014,1,98,839be611de9e3c8f81732e7d0014efc4406528025babf34826ffc8ebc56d1b09,pick up the black bowl from table center and place it on the plate,1,1,1,0.05481949294288586,0.1619232208245842
positive_control,D0,9015,1,97,f9e93526155e334157e517ef256ceaa680b60b306eaa711d0cde97fd69d4ff6c,pick up the black bowl from table center and place it on the plate,1,1,1,0.05293895489349459,0.15762784062953816
positive_control,D0,9016,1,94,b2d874dca424ce3c5b8cc62fa285b432c44fa8ae429fa767b78a134fc0c425f1,pick up the black bowl from table center and place it on the plate,1,1,1,0.05897632681902656,0.14518503544739003
positive_control,D0,9017,1,100,1ab5d502113f4721f4e44976f29f665c9c0e3372f78549b54f8e04ebcb1ba5db,pick up the black bowl from table center and place it on the plate,1,1,1,0.049678190627985126,0.17219515333253455
positive_control,D0,9018,1,94,c4b2b90535e21008f866db6439ef88c5b120262ce1bcf582affbe0ae911d0fae,pick up the black bowl from table center and place it on the plate,1,1,1,0.059362799324040615,0.13252614121626327
positive_control,D0,9019,1,103,0c95b250f4b6108d45f40cf264fe6a3adaf91ea6f8d245f5338573be42b26d14,pick up the black bowl from table center and place it on the plate,1,1,1,0.04135046970318603,0.17835053452735639
positive_control,D0,9020,1,97,00decc6f64d3d60e0483b509e18cd2fb76e89dabe9de5b0a037490f514061d63,pick up the black bowl from table center and place it on the plate,1,1,1,0.05439466429012224,0.1482396323249655
positive_control,D0,9021,1,100,e6507e5c42593a4d1c2de3ea030650c66aa52ec66377c0ad09504b9f5958763b,pick up the black bowl from table center and place it on the plate,1,1,1,0.05104473001995031,0.15271775858348824
positive_control,D0,9022,1,97,75ab3f6956e5b3851e3270bc4a3e22c1f6362a3d12cf7b1092622184ecfb622d,pick up the black bowl from table center and place it on the plate,1,1,1,0.05445547398187727,0.14975712582714218
positive_control,D0,9023,1,100,f8012f6bcc54f1da0d16088a0d575467f62b143fca5b3cc39ac2f002b43e455d,pick up the black bowl from table center and place it on the plate,1,1,1,0.0634419829026044,0.15370731180999453
positive_control,D0,9024,1,93,2f629c67d6c5d7fa6cfae9ff38fe2849067dada91ff46861cf4752fcae34ea70,pick up the black bowl from table center and place it on the plate,1,1,1,0.05672408127126458,0.14466606604051457
positive_control,D0,9025,1,94,5fa8be1166c684fde9b673140eebd54241694051ccf107f0d0cb99ecaa0a0cfb,pick up the black bowl from table center and place it on the plate,1,1,1,0.05470941283492353,0.12076672397809474
positive_control,D0,9026,1,93,ccbabcf8079cc42aeb308d3bba96afbf11add66e3ca56a14e3765b87da1098e6,pick up the black bowl from table center and place it on the plate,1,1,1,0.04898752188663827,0.143894247844637
positive_control,D0,9027,1,99,da81a40d0fe36b28a223c0dd2be1216852a6b32a90ef6508283f11f6ba5b0ca2,pick up the black bowl from table center and place it on the plate,1,1,1,0.0518603193015275,0.1356409889475978
positive_control,D0,9028,1,95,5e275c597db019875e6f7eaa6221c44457d29d5defc904ffb2aa52f87450db6c,pick up the black bowl from table center and place it on the plate,1,0,1,0.04858053220321765,0.13856421223520932
positive_control,D0,9029,1,89,b6e021eb7ad3e768b6b28b65aa373f1deb1f0ce9b5274e7f4ad3f5d740e13756,pick up the black bowl from table center and place it on the plate,1,1,1,0.05727122886624035,0.12771623720287617
positive_control,D0,9030,1,102,6bcf1fb385d46ec0503c85559da533da0feaf154756aa8028a8a46907c7419c8,pick up the black bowl from table center and place it on the plate,1,1,1,0.05626726873081174,0.14710175277976978
positive_control,D0,9031,1,92,9f87980700d859f1b5175c93cbb43767c0012c7ccfdcb6de86cc66158765c0b9,pick up the black bowl from table center and place it on the plate,1,1,1,0.056002701108161045,0.13905686267660045
positive_control,D0,9032,1,124,e273517e0dcbb53d3c16758c1f586ff3f7d72b99d284e4b060dd46b2a6536728,pick up the black bowl from table center and place it on the plate,1,1,1,0.04077114958823532,0.137556515491692
positive_control,D0,9033,1,92,6af256b83ec84359072946ea2c39a23d2dbb13b58841ba083b7e22828c8651b5,pick up the black bowl from table center and place it on the plate,1,1,1,0.05837760464993519,0.1614838346130667
positive_control,D0,9034,1,103,4a321f552d57859a9117fddfc08c43a3aa6fc542d30dc7ba6aa825db1179b3e9,pick up the black bowl from table center and place it on the plate,1,1,1,0.05518678670960371,0.1471015666567086
positive_control,D0,9035,1,91,aa3e23cccee4195e458e1502cf47a7984b72fd20a244acd691fc6a13e025e644,pick up the black bowl from table center and place it on the plate,1,1,1,0.05464665068238982,0.11742759133521319
positive_control,D0,9036,1,97,bf94848651de0b05b74f4ab46dbf078c63267e2eae44e4ccceb28fb4cd7b770a,pick up the black bowl from table center and place it on the plate,1,1,1,0.05379304762508259,0.16158300043861207
positive_control,D0,9037,1,92,fcdffd3e266c5b9aedb7d9b2035f916982a8fe3dc197e713201ba974ab997d19,pick up the black bowl from table center and place it on the plate,1,1,1,0.051148896708042554,0.14238137647711113
positive_control,D0,9038,1,99,3888c879dc762cada29c6c6c6f8839ec614a1505fa05899de220efdfc1e8d8ba,pick up the black bowl from table center and place it on the plate,1,1,1,0.054114291850078974,0.14488768665726615
positive_control,D0,9039,1,91,a0a0b71631d8529f70a4f538d4d71908a6e832e6a9bf12dc36bda1a61883c233,pick up the black bowl from table center and place it on the plate,1,1,1,0.05128300594111154,0.12389740173670294
positive_control,D0,9040,1,100,04a924c3f5bab9d9ec8fa6c4a76a62a6efbe5186563b7b5dcd522c239aa4e24c,pick up the black bowl from table center and place it on the plate,1,1,1,0.051637987663064724,0.16014458362397854
positive_control,D0,9041,1,97,1130a5b8637933d25eec1d71a0e5fd45786310d0cad00548b7e2d15856cb5e96,pick up the black bowl from table center and place it on the plate,1,1,1,0.06587172859356193,0.14549305041855543
positive_control,D0,9042,1,97,8eac1c962e40b3a800b8d9c1eb05bf13ba0f0e9eaa254e45059289ef8d93fe85,pick up the black bowl from table center and place it on the plate,1,1,1,0.049476932071701916,0.1466581602125181
positive_control,D0,9043,1,93,7c980db2f5ccc2a325e5888e724f0fba1ffc450090d9861baeebe4e4b0268a06,pick up the black bowl from table center and place it on the plate,1,1,1,0.06431903928277607,0.13821766735182583
positive_control,D0,9044,1,107,4aa449d6b0d3e190d05267b87e02d523cbdc276254263a54f8d719582ba33830,pick up the black bowl from table center and place it on the plate,1,1,1,0.060766728020511605,0.15500602494688143
positive_control,D0,9045,1,96,5043d88c4ba34ace525a341fa4bef10dcda80d77eb068856f75713cba767caed,pick up the black bowl from table center and place it on the plate,1,1,1,0.05346914625654039,0.14381780118748555
positive_control,D0,9046,1,92,9e39a995f661ab187976da2307cf1fcf4385fd4ade3fa107b6e51128dad4d1d4,pick up the black bowl from table center and place it on the plate,1,1,1,0.047564621342009804,0.16799365517850084
positive_control,D0,9047,1,102,e8654e4e3980b57b8c1e79cadd0c3cda4c5ea3de76d658fc89f580d039d242c0,pick up the black bowl from table center and place it on the plate,1,1,1,0.06225526762965238,0.1549940679546502
positive_control,D0,9048,1,90,a680ad4c663a18aa5318b13aa5cc7bfbca5114eb1c5c0b00586c5048961e9d28,pick up the black bowl from table center and place it on the plate,1,1,1,0.05495324335089777,0.13839036635413438
positive_control,D0,9049,1,93,bc4168f670a350e69667cd1b5d4535091f30096df55ee538e8fb1e86abdefdd7,pick up the black bowl from table center and place it on the plate,1,1,1,0.05658197264010077,0.14811485641969901
positive_control,D1,9000,1,91,320bd4e69fa585f8535cf271e7d2540a8d6d5af6deedb9b3b969ef2572bfad21,pick up the black bowl next to the plate and place it on the plate,1,1,1,0.049278743433897855,0.11816120686640552
positive_control,D1,9001,1,90,b93e417d8c84f16c04da169170b709563bbb5c10a6a1b65b0bf060f7e1b26f5a,pick up the black bowl next to the plate and place it on the plate,1,1,1,0.05255419045859881,0.14378372302650577
positive_control,D1,9002,1,100,c697e1c72b21ca81329358cbe2f17694ec62f7ee14c1ed7d98550092012f4916,pick up the black bowl next to the plate and place it on the plate,1,1,1,0.04853530031203085,0.1381126908877962
positive_control,D1,9003,1,101,060eb6dfd25ba2cb5c88798bb0e163d546def0f5f617de5bdef718a4d9f2ded0,pick up the black bowl next to the plate and place it on the plate,1,1,1,0.04287276566024466,0.14828052660554925
positive_control,D1,9004,0,220,12f40fa0d2a1703bccb38e1e9a9f9d5bb2adacc01bb856762590775d1701faf9,pick up the black bowl next to the plate and place it on the plate,0,0,0,1.3726205276563166,0.0
positive_control,D1,9005,1,109,de65a02d26ef4848d993755f375d5b4a5f08d8eb1d6e06432041e55786b74877,pick up the black bowl next to the plate and place it on the plate,1,0,1,0.052703538373529896,0.12206511537486331
positive_control,D1,9006,0,220,f575923a9eb3eb96c5e3371daac3c35e6913d2810a7e86f2d30609f5b71b0b1c,pick up the black bowl next to the plate and place it on the plate,0,0,0,0.12484436954395609,0.0
positive_control,D1,9007,1,95,6ba2c508a99e66d9e74bc4823bd4991d1d5c729dfd9e24c104edc3b1c4b40fe6,pick up the black bowl next to the plate and place it on the plate,1,1,1,0.04924527230716704,0.1268830057665462
positive_control,D1,9008,1,112,4e229f430a73a056ac52cc8bcf85d7c9f2c31d88cf9f0e42b18290bb47e785ec,pick up the black bowl next to the plate and place it on the plate,1,1,1,0.04949632116892548,0.18127082778908632
positive_control,D1,9009,1,95,5aa7effdfb404707fbd952c18ba6bdd531c1c9f4ab5a44bd514ec937dce84dd3,pick up the black bowl next to the plate and place it on the plate,1,1,1,0.04956158449968099,0.1291006622299815
positive_control,D1,9010,1,96,3db9d470f978819af14be3fc41cf85037f05228470784d6c685b1abd2a987c6d,pick up the black bowl next to the plate and place it on the plate,1,1,1,0.04874985542657753,0.1108819297698227
positive_control,D1,9011,0,220,45cb3a9e999a09462d9f4b38d645d72f3702f2e55386e821da15a90b0672b04c,pick up the black bowl next to the plate and place it on the plate,0,0,0,0.22852111395191618,0.0
positive_control,D1,9012,1,93,9c77d1ca9de94157bbab7cff54b96083ee77bc314cc5ce5e9793a84b62ff582e,pick up the black bowl next to the plate and place it on the plate,1,1,1,0.04654215038279738,0.11989923862678264
positive_control,D1,9013,1,95,f7b22625cfec40e76dfbe5a606f39260d53478f2ddc59e00f902c64452a6de39,pick up the black bowl next to the plate and place it on the plate,1,1,1,0.04363344206975321,0.1309238696616768
positive_control,D1,9014,1,90,3394c1c49a62761f5841c8042e31012b58a2592e4742d1fefef9c984f64b8295,pick up the black bowl next to the plate and place it on the plate,1,1,1,0.04560540419894441,0.11906269047715656
positive_control,D1,9015,1,100,93717fde3c68d9841ee02e845030f7f1dc1256e166386539016c80e0dcaeb0b0,pick up the black bowl next to the plate and place it on the plate,1,1,1,0.06109235208881323,0.15860709545585927
positive_control,D1,9016,1,90,61fbfbfec447a08abcb7de55897f965a65b7aa5f5c803b07ac0c1a53df44e754,pick up the black bowl next to the plate and place it on the plate,1,1,1,0.06447919362884566,0.10880928904678833
positive_control,D1,9017,1,98,74a4d6c6c7228475d45b9581ba71572d23ca770dc29c9712126e52ce5fb4f22f,pick up the black bowl next to the plate and place it on the plate,1,1,1,0.04607061668375871,0.14542589123981897
positive_control,D1,9018,1,96,1e5f002f13f59f1ba94982da00333784038e92c1d9c5205ff04889d5f227a06c,pick up the black bowl next to the plate and place it on the plate,1,1,1,0.04897740182308007,0.12402244668281326
positive_control,D1,9019,1,89,ce2ec6231d55fc20e9b21c2694da06bde80cbe9b33139e7f40be793b26ac5b52,pick up the black bowl next to the plate and place it on the plate,1,1,1,0.05718055484163614,0.11739721111405743
positive_control,D1,9020,1,97,adcff31447861e0c5440445bfa998f2a3dbed34cc95173edf90de199a3f6eff2,pick up the black bowl next to the plate and place it on the plate,1,1,1,0.051077815500578626,0.12451747243141731
positive_control,D1,9021,1,95,47eae7174da9c811cb9916fc5d20eba016d66d6ff4b4791b84e420094858f3a4,pick up the black bowl next to the plate and place it on the plate,1,1,1,0.06945366817551037,0.11054394475878837
positive_control,D1,9022,1,101,5c3242f57452ad654cd9f809cd8d8d266c9a6b813245bf64aabf770d90903c8d,pick up the black bowl next to the plate and place it on the plate,1,1,1,0.05013571445890535,0.11608841962404315
positive_control,D1,9023,1,97,801fa4111a290b23b9f8655a3aa209e3bb712b4fe21f8eb2a622b19c7870b309,pick up the black bowl next to the plate and place it on the plate,1,1,1,0.06507876769604029,0.10711737356411932
positive_control,D1,9024,1,93,b8566a5a87d68ee8472024055b16420b6910b3d336df994de401456eb7cb3b3b,pick up the black bowl next to the plate and place it on the plate,1,1,1,0.0692124530355403,0.10306543474111429
positive_control,D1,9025,1,92,581c5c1f263ab385dc8531063451dab04da1d4c40a8de06e677347aa33f2c16e,pick up the black bowl next to the plate and place it on the plate,1,1,1,0.044487187417117886,0.11335838499975515
positive_control,D1,9026,1,93,ff25cc010803ef9f8f2a55cac8943aca173159e67cd682fffd4ddbbb700a00af,pick up the black bowl next to the plate and place it on the plate,1,1,1,0.05439888890908754,0.1307397154076937
positive_control,D1,9027,1,100,bd4bc8748a8fc2b0d263ad15418a4d5ad6c2be410c5eb4405b68c0fd4c93e54c,pick up the black bowl next to the plate and place it on the plate,1,1,1,0.05366621107594851,0.1372765375644991
positive_control,D1,9028,1,88,008d6472a592754f93cc53397ffa1c900586548301d990565798921966d8573d,pick up the black bowl next to the plate and place it on the plate,1,1,1,0.058425238938647726,0.13160000400240124
positive_control,D1,9029,1,138,89a0ab8bc976bb987f853e6eb50c7089647334a0255cbab2dc3cfde540e9be44,pick up the black bowl next to the plate and place it on the plate,1,1,1,0.05909348676825733,0.12371129924108204
positive_control,D1,9030,1,94,2300b8b354f84670e07838dd62206f1a56a0155289d56bd4cb238a1a313f767e,pick up the black bowl next to the plate and place it on the plate,1,1,1,0.04939871500324655,0.10048898865239697
positive_control,D1,9031,1,103,3270888d400edfeedeb7ff7afa2d237462d3995dffa1c5ed11f693fda6e928bb,pick up the black bowl next to the plate and place it on the plate,1,1,1,0.05076750608315806,0.15477667716707977
positive_control,D1,9032,1,97,2d65bf1940bb4fb39f8f9a7428bd61461295171cbaf53cd1cf34b66f5d689a10,pick up the black bowl next to the plate and place it on the plate,1,1,1,0.04714834116702223,0.11684887983677728
positive_control,D1,9033,1,95,54ae24c579d148b7a80c8ea374f7261bbe293fa6fa3f205afd5c3459cb457459,pick up the black bowl next to the plate and place it on the plate,1,1,1,0.046133226530911134,0.12539623050247395
positive_control,D1,9034,1,95,d055b308d16e325eecbd774fb3f76e106c0989eb4f4fca475ffd5ea39f2fbd74,pick up the black bowl next to the plate and place it on the plate,1,1,1,0.04655352667260542,0.13566471866049779
positive_control,D1,9035,1,171,92a79394b4f1bd8b2c4017b52e0de7781af4cbe6a198c597ad435cd0db9bbdc4,pick up the black bowl next to the plate and place it on the plate,1,0,1,0.05133705354802318,0.14052293135756933
positive_control,D1,9036,1,94,23b16c83d5010f3f1eaec01f8973e9ebe910901562c51fc196486eb86cdbb45c,pick up the black bowl next to the plate and place it on the plate,1,1,1,0.050157537615365046,0.126451388760356
positive_control,D1,9037,1,101,c44f194b22d1f7f88392b0582cfc8fbfa068300af354565d0fcc7def3f836615,pick up the black bowl next to the plate and place it on the plate,1,1,1,0.05156260847063634,0.12078862459093465
positive_control,D1,9038,1,90,a4f0b2e41115224d31f0947934779ef9f026d999ef818fc779061b91c3d0ba18,pick up the black bowl next to the plate and place it on the plate,1,1,1,0.04958605804807688,0.11089604674726172
positive_control,D1,9039,1,95,8c1f7f0beb9fb33d4648575714283263ccad6b1a28c12faec717ef10a0402928,pick up the black bowl next to the plate and place it on the plate,1,1,1,0.04366709668469014,0.11645138119911047
positive_control,D1,9040,1,101,953c53394ce0807a7d8997e9735f8db6f4cb2125184a8b6c563ae7ad6f0ae6e1,pick up the black bowl next to the plate and place it on the plate,1,1,1,0.04775991965521449,0.14064910619927806
positive_control,D1,9041,1,93,f8a52fa9df4fcb6088cffcc5f2968854580329e4f1a7a14b6ad2e97e95a76d9a,pick up the black bowl next to the plate and place it on the plate,1,1,1,0.04111810788823908,0.13818019507714285
positive_control,D1,9042,1,93,2cd16af33a15d30443d12b30dca7ca02dec8ef63ac313a77403b287b8fe32ebd,pick up the black bowl next to the plate and place it on the plate,1,1,1,0.04910892900175681,0.11275541354294338
positive_control,D1,9043,1,99,10c0af74f7b0944ebf42488237c60b828e534cd18a839efe395c2d2770cdb30a,pick up the black bowl next to the plate and place it on the plate,1,1,1,0.053809101845421994,0.12407571479021962
positive_control,D1,9044,1,97,2aafeb974c78c61516f909d9ae223bfe78097c06effe15d67055a8967ecdac8a,pick up the black bowl next to the plate and place it on the plate,1,1,1,0.047640906153662975,0.12998905683182482
positive_control,D1,9045,1,95,3126bb7432170cee6a63b3c2d49209f32ea6b190325a25077f71ee4ec45019a8,pick up the black bowl next to the plate and place it on the plate,1,1,1,0.049905521396399956,0.13111544266277253
positive_control,D1,9046,1,91,295fb62aeb167cb920155652aefbd6eab1ed7b2100dff7e827b9e3d0c8bfe05a,pick up the black bowl next to the plate and place it on the plate,1,1,1,0.049427929388921314,0.12777141390289937
positive_control,D1,9047,1,95,759a776879e5c92e783db67ebd443e63198c7a24e6b9df7fc68d541322a2680b,pick up the black bowl next to the plate and place it on the plate,1,1,1,0.045593704538478864,0.11723505251813615
positive_control,D1,9048,1,99,1c10f148481549493ba587d075dc418d2e1a080df405dbe208e030b993715e7c,pick up the black bowl next to the plate and place it on the plate,1,1,1,0.05408797494390363,0.12465714197802913
positive_control,D1,9049,1,91,c1d61be53f9506e45a31d27b22b3ca680a9a9e160f2ec30f487a899161ea09c0,pick up the black bowl next to the plate and place it on the plate,1,1,1,0.05154639951022404,0.10474751735152288
