model,kind,seed,action_index,action_0,action_1,action_2,action_3,action_4,action_5,action_6
0,chunks,9000,0,0.06171376641203204,0.08336472620886978,-0.0956954135668723,-0.012716874447428824,-0.052801463341472024,-0.024153497240288153,0.21480917567747274
0,chunks,9000,1,0.0820945022705482,0.08829240843117542,-0.0670454475034113,-0.01043942167089462,-0.06502147722189537,-0.025482448952593304,0.21103893419283265
0,chunks,9000,2,0.10186802167907806,0.09159980237628124,-0.04313408702019268,-0.0083316711530823,-0.07593697178705965,-0.027033424429591967,0.20797615414795506
0,chunks,9000,3,0.12199424594420309,0.09549251919893545,-0.015132971623240468,-0.006037472193466769,-0.08822189436374824,-0.028590502456665105,0.20846610463185616
0,chunks,9000,4,0.13974317483227935,0.10027833857353732,0.009755635428068163,-0.00419653960982006,-0.10067650195375394,-0.029747402033541773,0.20167476957038427
0,chunks,9000,5,0.15676300339272548,0.1052876289894976,0.03546948095005088,-0.002305534868541836,-0.11275787680195412,-0.031013766682911063,0.19667321873358307
0,chunks,9000,6,0.16250302981179124,0.1057995365318682,0.038252675504412456,-0.0015651242215236926,-0.11589015474045583,-0.031244864774011314,0.18366288458380187
0,chunks,9000,7,0.16794082032804178,0.10356609359961275,0.033041134209556455,-0.0009872063112020745,-0.11490979199250133,-0.03136113504492614,0.17783332273489222
0,chunks,9000,8,0.17441193333052152,0.10020846866529814,0.025488424834649928,-0.00047199929042748097,-0.11268621258687159,-0.03142000397255384,0.17153983773196263
0,chunks,9000,9,0.18066105516385256,0.0956291818524105,0.01644724605058176,1.8959863442026244e-05,-0.10984965303508612,-0.03148934705945522,0.16631385644248284
0,chunks,9000,10,0.1874110204215107,0.08969842546899362,0.0047591445641675945,0.00044972587502723795,-0.10565215436541046,-0.031539609910780385,0.16682886154744736
0,chunks,9000,11,0.1973260030147767,0.0791901743504565,-0.013733022940524614,0.0005049499231948051,-0.10009135640231281,-0.031564247406344725,0.16745186680720758
0,chunks,9000,12,0.20843349746691017,0.06850886273962463,-0.03549326718772178,0.0005195673872904227,-0.09491260508243295,-0.03145871574400396,0.16608169774455714
0,chunks,9000,13,0.21999194420945517,0.05595724159718178,-0.05952431492495336,0.00047504317910349253,-0.08998582764998615,-0.031321367115423014,0.1644602861001872
0,chunks,9000,14,0.23155860682819684,0.044211914618803236,-0.08090669457866549,0.00043282814277775545,-0.08533156923951989,-0.031286674536232524,0.15643078114178655
0,chunks,9000,15,0.24170234288871192,0.03268698856034269,-0.10461150206437068,0.0003505814718015301,-0.08076630879230427,-0.03110357344677002,0.16213132643023204
0,chunks,9000,16,0.25228440045854045,0.023422108458912377,-0.13013603978927873,0.00043755585187922434,-0.07836894308472835,-0.030919150657188425,0.1517140276564143
0,chunks,9000,17,0.26337697993542447,0.014611127504380317,-0.1581730641439188,0.0004158108897925621,-0.0766114944774926,-0.030697146562277584,0.14980445286703578
0,chunks,9000,18,0.2739631093296098,0.005638345516689264,-0.1845667669246508,0.0004263162156346884,-0.07555484776103753,-0.030418764499161505,0.14542018894118736
0,chunks,9000,19,0.28369346944776924,-0.0009408261481886337,-0.21013766503315778,0.00045353452435377634,-0.07415276420608938,-0.029973938920593166,0.1422875949316172
0,chunks,9000,20,0.2928078916473643,-0.005787548000629833,-0.2344082819822912,0.00036397716837654375,-0.07333938968072137,-0.029639871702728235,0.1379215471890831
0,chunks,9000,21,0.2968306554863466,0.004634697468198723,-0.22779391316883965,0.00039498225334635333,-0.07100737762053554,-0.029168762923445207,0.13665943539102635
0,chunks,9000,22,0.29880791894853287,0.017789322852723957,-0.2196480592970675,0.0002469132477882145,-0.06754094525641087,-0.028601156375897097,0.1319724600596886
0,chunks,9000,23,0.3000094772996521,0.032868097559074036,-0.20904949288547128,-6.566628571051648e-05,-0.06447982080648317,-0.027653555853472706,0.11993910875125637
0,chunks,9000,24,0.29944554316888244,0.054082693044682925,-0.1956165526149855,-0.0004675934280130257,-0.06076915283535763,-0.026619425771535914,0.12028262234404807
0,chunks,9000,25,0.2948248260546148,0.08240952059260209,-0.17368343914080936,-0.0011307983668493548,-0.05628425443043034,-0.024972319695548747,0.11524036511702501
0,chunks,9000,26,0.26118343127525034,0.15248284550190222,-0.11421057003634298,-0.0032828613927219554,-0.050243265213393395,-0.020315537987148732,0.10532760745937476
0,chunks,9000,27,0.22112401069344664,0.2375046198707204,-0.04595815548107809,-0.00632728341740314,-0.04376594725047693,-0.015151653982704485,0.09911674375390485
0,chunks,9000,28,0.1820126480541337,0.3233294704093408,0.022497196142575962,-0.009388656294660791,-0.03797946040400427,-0.009705827684480244,0.09334239049940904
0,chunks,9000,29,0.14325357044917075,0.4122048950096405,0.09026905371722688,-0.012753102510431089,-0.03277282032144679,-0.004655576014541151,0.08512633178017272
0,chunks,9000,30,0.10898594984912527,0.5005384009263336,0.1561199350371957,-0.016513774807528595,-0.02848557887902889,-0.00031373812418455244,0.07815419078269738
0,chunks,9000,31,0.1226146800235872,0.5498280740017495,0.1604147687619536,-0.021559774658827805,-0.032800612355619006,-0.0008484393108511984,0.06852419663076625
0,chunks,9000,32,0.1344009593329724,0.5979929559799122,0.15923625401583946,-0.026267129300886594,-0.03745137693247014,-0.0015819233212168507,0.06355418514048015
0,chunks,9000,33,0.14805607059561768,0.6432500386264998,0.15895724336164377,-0.030901999694414803,-0.042129604666575116,-0.0021489769293186883,0.059892850198397754
0,chunks,9000,34,0.16378955476828133,0.685649936695901,0.15180721637069244,-0.03532934146932171,-0.047312832581685,-0.0026852932236959837,0.05326730303830367
0,chunks,9000,35,0.1822039064292454,0.7203966698381963,0.14153141335569544,-0.039701013141550646,-0.05284731652217298,-0.0034849747948837925,0.05034235288529959
0,chunks,9000,36,0.20677901862646636,0.7414082429812149,0.12494158616327569,-0.042784076298205416,-0.058206048637485,-0.004023804450380482,0.04459750513160904
0,chunks,9000,37,0.23199803883506215,0.7602770966888541,0.10740321731704464,-0.04557074365392179,-0.06326053865018472,-0.004406674584589921,0.04452646791188809
0,chunks,9000,38,0.25607126030945193,0.7763901079930917,0.08966698761061812,-0.047831332289001514,-0.06738498795258045,-0.004955138062533837,0.04431754184824406
0,chunks,9000,39,0.28151906107060287,0.7913092645507932,0.07047242587353866,-0.05009533624863372,-0.07159116897290102,-0.005476378561257548,0.04289774068661795
0,chunks,9000,40,0.30470921128037454,0.801223954163146,0.052215460650959764,-0.0515220482401878,-0.07486949921627994,-0.00607941038740074,0.04936628380071881
0,chunks,9000,41,0.3176552472850648,0.8013103118910014,0.04463549968713407,-0.05106741948406813,-0.07467693210772483,-0.006317742587462042,0.04257975333128615
0,chunks,9000,42,0.3298045960948625,0.8002159403456347,0.036176756686755865,-0.05061170019888275,-0.07420720300892986,-0.006944697240399096,0.044616133979270306
0,chunks,9000,43,0.3430727125033355,0.7990511531709013,0.028677319683043476,-0.05010451356630128,-0.07417761956283758,-0.007502208818372852,0.04423041071899296
0,chunks,9000,44,0.35636625298584146,0.7977520129753359,0.019534109114282522,-0.04959256797736717,-0.07378022404038254,-0.008234141101438698,0.045457261822406045
0,chunks,9000,45,0.3675661715309705,0.7918394660736733,0.011681840872560745,-0.04895225243119147,-0.07345892289855746,-0.008947767373429685,0.047674920022790154
0,chunks,9000,46,0.38720684654130394,0.7863593274688262,0.0044728464220445685,-0.048453899396514725,-0.07329143168774287,-0.01023336688472231,0.046739350996257756
0,chunks,9000,47,0.407115882764903,0.7780518605136442,-0.005963128345737381,-0.04785653944651741,-0.07317450240127221,-0.01146483078303448,0.05233268461357045
0,chunks,9000,48,0.43042954197068706,0.7718770858082197,-0.017905137593773053,-0.047409328787824626,-0.07306840670740664,-0.012837976125944305,0.0533841312625211
0,chunks,9000,49,0.4528339655061187,0.7634919363307203,-0.030720560614353687,-0.04656876523254938,-0.07320201585734887,-0.014174817606632958,0.05536032186790353
0,chunks,9001,0,0.07141939087435628,0.1292954857439537,-0.027419926602310705,-0.0009043448505591514,-0.010370691927259366,-0.03471819652360531,0.15117596493106525
0,chunks,9001,1,0.07111316214599381,0.12871202183902059,-0.025691095258323818,-0.0009281806443394816,-0.010512141164385737,-0.034844019752305264,0.14510025616822003
0,chunks,9001,2,0.0737518126704525,0.12897664377418094,-0.022030766696645207,-0.0010062171388116811,-0.010524753352383892,-0.034961441798272194,0.14094404087709198
0,chunks,9001,3,0.07442149686484012,0.12969907996523233,-0.018136445798367935,-0.0011970237909713142,-0.010445923489621145,-0.03519367199464188,0.1399861179702667
0,chunks,9001,4,0.07577912074995578,0.13006922676256172,-0.01404972270213084,-0.0013235485980315348,-0.010650894578066542,-0.035431742340721335,0.1430251734996991
0,chunks,9001,5,0.07627065585740499,0.13066868909848697,-0.008988305049320258,-0.0014644205804647842,-0.010807742267789185,-0.035804173967138204,0.14023052211423712
0,chunks,9001,6,0.07695295503312874,0.13214006592348343,-0.008252943278513579,-0.0009211839942126967,-0.010993267541151007,-0.03694125132052559,0.13930338323079194
0,chunks,9001,7,0.0770106264212339,0.13366505720867974,-0.010560517986257768,-0.0003376603270318357,-0.01103647036080394,-0.0384250960147908,0.14096011267960354
0,chunks,9001,8,0.07698030442100671,0.13461741451273954,-0.015859495228822282,0.0004288839584992831,-0.011446966792030689,-0.039783775325309925,0.13823086859312944
0,chunks,9001,9,0.07710903636688708,0.13520530051919688,-0.024870251532277697,0.0012576212103893444,-0.011760146608542181,-0.04107569539343499,0.14782613998786914
0,chunks,9001,10,0.07816207695598845,0.13512575902426419,-0.05524558599221812,0.0018900062042190246,-0.012040475490048906,-0.041812901363788756,0.1422075380483134
0,chunks,9001,11,0.07820355358812889,0.1336048236793194,-0.15612632309281105,0.001430646223682127,-0.012407393795021761,-0.040856324863870995,0.1369231647537435
0,chunks,9001,12,0.08030085912714126,0.1326578602124691,-0.2570495612680337,0.0009790519662413464,-0.01278169248495682,-0.04006519090602055,0.13520422062787807
0,chunks,9001,13,0.08192498436783405,0.13138219658773467,-0.3663027458297124,0.0006054360052674674,-0.012970587779446863,-0.039214606122804974,0.1334737919058575
0,chunks,9001,14,0.08263344569218317,0.12978860639640924,-0.48252855433653846,0.00018912145675605268,-0.013246511644817563,-0.03834457011005665,0.13506927017517528
0,chunks,9001,15,0.08303969142769667,0.12826770625927914,-0.5884754445663527,-0.0002506492314340214,-0.01357259117480952,-0.03759931318837803,0.12798447181098893
0,chunks,9001,16,0.08180940233808615,0.1282193430446393,-0.6346118074485934,-0.0004970119338048638,-0.01412601848204414,-0.03759690965021189,0.13214241881857286
0,chunks,9001,17,0.08283264909043013,0.12748551184436563,-0.6790901833828432,-0.0008069190461475929,-0.014846536544080993,-0.037812356058132504,0.13261550901629954
0,chunks,9001,18,0.08263792153902332,0.1275662468842161,-0.7232089690731053,-0.0009552497474342499,-0.015258375566962726,-0.03779239341425025,0.13065031296816024
0,chunks,9001,19,0.08256266275879592,0.1273259852360352,-0.7657596653763734,-0.001182827090642183,-0.01577109323177116,-0.03774468544914124,0.13410080590498785
0,chunks,9001,20,0.08172388499815708,0.12689681957895202,-0.804334230384928,-0.0013280747623629803,-0.015875224853334546,-0.0378313122648013,0.13839046284480025
0,chunks,9001,21,0.08239592561417913,0.12720687367817982,-0.81884389699668,-0.0013697757814070308,-0.016213422530483315,-0.037816674668195056,0.1326096580253806
0,chunks,9001,22,0.08345736264818486,0.12901390772524182,-0.831999982263025,-0.001433362375167992,-0.016331740838291545,-0.03781018363991278,0.1303116923954821
0,chunks,9001,23,0.08327545773212794,0.1293031469644288,-0.844044085879142,-0.001477699099847924,-0.0163818965029128,-0.03775856575911454,0.129536001327359
0,chunks,9001,24,0.08277421705664413,0.13044168319253435,-0.8558225577788233,-0.001498945668278483,-0.01656140139409838,-0.0376602867827518,0.13027434627208523
0,chunks,9001,25,0.08311990681894824,0.13174841419294542,-0.8683091954900708,-0.0015231427584004242,-0.016393550353243684,-0.03743991965086568,0.13331500456036507
0,chunks,9001,26,0.08292401685648612,0.13298160311004578,-0.8783384477684723,-0.0015165948969185158,-0.01662919840353493,-0.03738098461091288,0.13346718927630669
0,chunks,9001,27,0.08287194084120836,0.1350913961971332,-0.8944516398726359,-0.0015606214926306217,-0.016945831427689288,-0.03708071226521254,0.1252707321135494
0,chunks,9001,28,0.08144822880910359,0.1379871967054643,-0.9051882791470999,-0.0014898433440137255,-0.01703043404765445,-0.0368913315976315,0.12854097915884438
0,chunks,9001,29,0.08193478924865785,0.14050675242296287,-0.9186996155424836,-0.0015628837936150655,-0.017130025716816773,-0.036638344316712694,0.13195506920506814
0,chunks,9001,30,0.08118526660019582,0.14385908562273056,-0.931069152779784,-0.0015275697127094165,-0.017117095050214578,-0.0363564293420753,0.13054207700516632
0,chunks,9001,31,0.07910307466201127,0.15801841529018687,-0.9335851718941219,-0.00163109146523289,-0.016776927980695813,-0.03591782815695744,0.1340305350619112
0,chunks,9001,32,0.07586988361084124,0.17551709351535563,-0.9287404944237614,-0.001796739783706577,-0.016333880472831047,-0.03561943755379953,0.1307451962919286
0,chunks,9001,33,0.0730915451341673,0.1937007327336268,-0.9279280229643799,-0.0019354581470008459,-0.015949949558328014,-0.03517831863649946,0.13161479797500228
0,chunks,9001,34,0.06952429971679044,0.2136416362321235,-0.9225541403592644,-0.0020553631262538157,-0.01541119112893767,-0.034837100359866986,0.136140546819797
0,chunks,9001,35,0.06527476189501638,0.23622365394909467,-0.9153033123902645,-0.002271208981954323,-0.01466931638019302,-0.03438621648823519,0.14127049522054197
0,chunks,9001,36,0.05269092866094212,0.2682767287302821,-0.8969074676744746,-0.003019002573241795,-0.01421037250975042,-0.03417982801523575,0.1391131744428835
0,chunks,9001,37,0.040368450574277806,0.29947530280754064,-0.8756287261124317,-0.0037811823989662543,-0.013652496658552343,-0.03388525772097933,0.13834980435311867
0,chunks,9001,38,0.02549494292852765,0.33250375376202784,-0.853902833191915,-0.0045212266719644725,-0.013063822451234138,-0.033387546653396015,0.13978826383843082
0,chunks,9001,39,0.011786771551148073,0.362753491316695,-0.8333399899667964,-0.005313799136535881,-0.012480377386917988,-0.033119261745385695,0.13757602922660633
0,chunks,9001,40,-0.0018644755411541536,0.3918148947101684,-0.816966506595365,-0.005851820556568304,-0.0118240183752295,-0.032847551016893066,0.1403234305443452
0,chunks,9001,41,-0.0025110198556601987,0.4279220296455781,-0.7826751487086918,-0.005919681774288822,-0.011945551938557305,-0.032615134503970834,0.14118056386893674
0,chunks,9001,42,-0.0037556980141592172,0.4673061108079554,-0.7485372731059238,-0.0058448836668093754,-0.011717531898202096,-0.03235850858644884,0.1427114233229295
0,chunks,9001,43,-0.004341155934877244,0.5060411006988297,-0.7123113375080935,-0.005694241450117688,-0.011926767262808157,-0.032260602516382623,0.1403802363708518
0,chunks,9001,44,-0.0053100334493566825,0.5447749639396342,-0.6806389692712814,-0.005533892665441813,-0.011799588623905068,-0.0321440907442472,0.14351991383762705
0,chunks,9001,45,-0.002833226657538254,0.5831986885824557,-0.6474738898622967,-0.005279159996255425,-0.012076328877861364,-0.031960995664996064,0.1451697606346524
0,chunks,9001,46,-0.0005719827888771983,0.5895311097989065,-0.624135848849149,-0.005249070455744789,-0.012011462742138507,-0.03189690495645138,0.14567981376745381
0,chunks,9001,47,0.004404508850015171,0.6007725425335364,-0.605653221834377,-0.0051104236681852235,-0.011918951599571641,-0.03195045266148304,0.1456576477968189
0,chunks,9001,48,0.007289220352348372,0.6108338938187343,-0.5857290073222812,-0.005081202410666372,-0.012072720904609854,-0.03211447242260363,0.14197149404187132
0,chunks,9001,49,0.00908113003616215,0.6201019989559897,-0.564332497730145,-0.004956166535124229,-0.011840767883224981,-0.032186869653052216,0.1335595671379687
0,chunks,9002,0,0.03187615979991851,0.1985029378251823,0.019619751004848612,0.0006022913600282143,-0.023235482548134317,-0.03243979532930446,0.22842544109966006
0,chunks,9002,1,0.03143716115795149,0.20455373877354366,0.016725005037003665,0.0005286540879295971,-0.025498612305052997,-0.03168985098913815,0.20948173054169233
0,chunks,9002,2,0.03271638211021834,0.21128224790518263,0.013513420233355403,0.0001410436549302296,-0.02806906593476611,-0.030603158330451942,0.1915270879952336
0,chunks,9002,3,0.032501875514000536,0.2175149183410725,0.010554616690332239,-1.980547635494585e-05,-0.03041518488017984,-0.029504530484745693,0.1815644863796796
0,chunks,9002,4,0.031692268628077766,0.2240556853216938,0.005740758062046145,-0.0002720410995825035,-0.03281649130706586,-0.02856010116839456,0.16833296413994564
0,chunks,9002,5,0.03234036583346936,0.23281434746360632,0.00014288255510253034,-0.0005501760069392893,-0.03551219094014413,-0.027395816134506826,0.16020288698499396
0,chunks,9002,6,0.033695064505521566,0.24619807713983932,-0.0016026098776953657,-0.0017243117802280975,-0.03723692983599299,-0.025833633252447044,0.14188610199808227
0,chunks,9002,7,0.03486258565525434,0.26631373814729853,-0.001459252195338212,-0.00352700319671615,-0.038874322891463475,-0.02414764110887995,0.13374343858054935
0,chunks,9002,8,0.037598382144412884,0.28797423356430957,-0.0014960373204676997,-0.0057970128780225295,-0.04053893921749442,-0.022270242310116446,0.12716038111017633
0,chunks,9002,9,0.04116165279311325,0.3125759053212157,-0.002160047074458951,-0.008435011280958367,-0.04177600007308585,-0.02020590080405772,0.11906361186322659
0,chunks,9002,10,0.04525648160330689,0.33995412167655736,-0.0031629945541706284,-0.011545607171797086,-0.043670874737087015,-0.017739725307760832,0.11335858621901447
0,chunks,9002,11,0.0539843061998864,0.3752955852244845,-0.005248342602389711,-0.015305610777719634,-0.045909325183137326,-0.0142573738700453,0.10639407951195727
0,chunks,9002,12,0.06503018158054438,0.41168779079382267,-0.008807786741501504,-0.018862144782947385,-0.04847029361561067,-0.010460769242211336,0.10137033322849637
0,chunks,9002,13,0.07769231392046058,0.44666520553792355,-0.012247682700797423,-0.022213323415872455,-0.0512718451867209,-0.0065394713054154514,0.09280221286928199
0,chunks,9002,14,0.09251113181889017,0.48189603204898956,-0.01776396337631017,-0.025351514535397454,-0.05439397437043579,-0.0023376494847234808,0.08946585110040436
0,chunks,9002,15,0.10985485775573946,0.5129950384263235,-0.022551175388434423,-0.027787270573428054,-0.05792585324131573,0.0011787000795775993,0.08773824655000811
0,chunks,9002,16,0.13995839467489227,0.5306307736324918,-0.030207161262097652,-0.028009560393500343,-0.0630423268802773,0.0038393529026993847,0.08158832452577185
0,chunks,9002,17,0.17524634132843595,0.5454913162203083,-0.03782664015902558,-0.027946537812622935,-0.06830550283967238,0.006160946754219972,0.07931872956972454
0,chunks,9002,18,0.2162281429825068,0.555840047772078,-0.04543278879416272,-0.027605461567241772,-0.07348364670453832,0.008018757727737726,0.07698599696859744
0,chunks,9002,19,0.25968332062295135,0.5625197307063141,-0.0526458650723634,-0.02729872136380475,-0.07852768616951435,0.00990794419015121,0.07843957765462196
0,chunks,9002,20,0.3081887522193512,0.5646019490329415,-0.05806475904136607,-0.026713868126086764,-0.08351128579517474,0.011165415912220644,0.0825683433976732
0,chunks,9002,21,0.3926515708959271,0.532007990677899,-0.06235914772869328,-0.024813950887594617,-0.08351027208043812,0.011799744548128877,0.08812852385611405
0,chunks,9002,22,0.47571906294123617,0.500435256112437,-0.06836809874738627,-0.0230684075687647,-0.08357494089000995,0.012626605387908732,0.08776263796051396
0,chunks,9002,23,0.557981724142939,0.46774561700021106,-0.07603587115925262,-0.02126371789056456,-0.08351710498205975,0.01337633008216852,0.09200503377909394
0,chunks,9002,24,0.6374041118012541,0.4315834170426366,-0.08702128635746566,-0.01949435010508286,-0.08369459792033296,0.013753111325874784,0.09490305758346106
0,chunks,9002,25,0.7112554492370947,0.39426845689982437,-0.10050852119449413,-0.017804444079317184,-0.08393335482478784,0.01443919334552856,0.09106050404102828
0,chunks,9002,26,0.7614308705259231,0.3538260006618127,-0.1367646776153514,-0.016706351616466802,-0.08650133413933275,0.014000968071812912,0.09381973261371032
0,chunks,9002,27,0.8110606131803221,0.31095199415988495,-0.1780708267437286,-0.015473475698072935,-0.08954180511878693,0.013411233018757046,0.09074175030905218
0,chunks,9002,28,0.8563699967087095,0.2678429121208792,-0.22481071601164745,-0.014458136892848951,-0.0937095965298834,0.012756915512589659,0.09149474483809429
0,chunks,9002,29,0.8983470208517016,0.22442887407421183,-0.27375192730073616,-0.013365945473381335,-0.09788798164689153,0.011968436975400149,0.0910666645302074
0,chunks,9002,30,0.9346316526006984,0.182671462290279,-0.32752997227546965,-0.012461150068608543,-0.10268424524156895,0.010754234404149729,0.10060814217972273
0,chunks,9002,31,0.9282035510643738,0.14967543069155229,-0.3842748036521391,-0.010922438554698922,-0.1080411782066805,0.010294743909832545,0.10113906802257182
0,chunks,9002,32,0.9217872948352691,0.12141265672088661,-0.4364161122161967,-0.009478267161555646,-0.11303127024962349,0.010441292532876206,0.09376151009576267
0,chunks,9002,33,0.9116750138436216,0.09430387520897249,-0.4897925387245828,-0.008028209567473908,-0.11744862120465817,0.010739792412604518,0.09113289715788914
0,chunks,9002,34,0.9019302985132063,0.07020454855196895,-0.5358165018407378,-0.0066134207457836285,-0.12213307438537085,0.01170935971121246,0.09734967080632753
0,chunks,9002,35,0.8865600734380983,0.05214682656213146,-0.5791604217345107,-0.005156069262098386,-0.12547156202082965,0.013295373627746958,0.09764140976159233
0,chunks,9002,36,0.8666192932356995,0.047942478330151625,-0.6074105077590878,-0.0034341723005886027,-0.1279056613456172,0.017745937334597367,0.0929547218214962
0,chunks,9002,37,0.8426326905703553,0.04993250851481201,-0.6317228469673473,-0.0016531457751060988,-0.12956907436904092,0.022995754248479584,0.09261565910844634
0,chunks,9002,38,0.8169038887864053,0.05419358357780972,-0.6526275901985843,0.0002039639010600683,-0.13095712068328508,0.02905843148794089,0.09116997799706297
0,chunks,9002,39,0.789965782253779,0.06126528440385649,-0.6740640975298026,0.002070682497550527,-0.13218306549903566,0.035489252750983385,0.087559341817603
0,chunks,9002,40,0.7595204535992979,0.07415916071283657,-0.6876595459995843,0.003973336604654206,-0.1319526040312041,0.04159804907421996,0.0931032809863898
0,chunks,9002,41,0.7276900185024012,0.10714312307268982,-0.669809205914448,0.0046673657849942195,-0.12381650634027268,0.044314358640182294,0.08276960569487431
0,chunks,9002,42,0.6962989792986283,0.141446505329366,-0.650496417202425,0.005097633402923327,-0.11500745682983603,0.0457418603347448,0.07353830425412394
0,chunks,9002,43,0.6648065327086558,0.17883710594124397,-0.6298843973412165,0.0050040494480426715,-0.1049828937056714,0.04631665509509439,0.06917143118289601
0,chunks,9002,44,0.6305142238520609,0.2169459318895372,-0.6031413193162727,0.0046589657426994256,-0.09401737889579342,0.04533856859505739,0.06880499998083749
0,chunks,9002,45,0.5984494466864143,0.2580467460958765,-0.5740146208126177,0.0032245856757091244,-0.08198388078862723,0.0430301054162371,0.0720655641519921
0,chunks,9002,46,0.5714873967431575,0.30397204489890306,-0.5370521482670152,-0.0006217204943910403,-0.07086325988576637,0.03850796555576902,0.056819385094537225
0,chunks,9002,47,0.5420495331359744,0.3495283658040477,-0.49900247709310597,-0.004977088132142657,-0.060529792345029046,0.03401119097282419,0.05363821459612883
0,chunks,9002,48,0.515416118240587,0.3981561601296677,-0.460637469084722,-0.009937806423196109,-0.051269717159602046,0.02934483226579357,0.04490594225491197
0,chunks,9002,49,0.48421792641655287,0.44406331986656933,-0.4243330678248952,-0.015142014231875658,-0.04349938476985908,0.02457006682985472,0.025375069283317134
0,chunks,9003,0,0.038488856726043505,0.10237778056310781,0.0886002746115421,0.0009685216425982866,0.0029064407047254114,-0.03338376677682558,0.1843906181596071
0,chunks,9003,1,0.04247530819792331,0.10666835273324726,0.07974019129321061,0.0008646589044464604,0.0021271881269231616,-0.0328465372035111,0.1798166465382715
0,chunks,9003,2,0.0468069889819028,0.11102905182867308,0.06974515126729258,0.0005780559920235944,0.0013469169979590245,-0.032246710185986564,0.1662455310170417
0,chunks,9003,3,0.048230050966660144,0.11453672894838682,0.062017354431963545,0.0003549474939707484,0.0005076008547271488,-0.03198486166797332,0.16570063722294975
0,chunks,9003,4,0.05225138831285225,0.11919622268390469,0.051007684693778546,0.00020168285172492487,-0.0004945567600646312,-0.031397504473089546,0.15349346579638704
0,chunks,9003,5,0.053055532995369484,0.1243559877790403,0.039555814638536135,-8.561687439895098e-05,-0.0009801145114836513,-0.03081459483462141,0.14899056087079718
0,chunks,9003,6,0.053308329186038214,0.13706855440474533,0.02370288598680087,-0.00024149222447972284,-0.0022039080852740804,-0.029132147622998372,0.1434636588443335
0,chunks,9003,7,0.049798236021732105,0.15453755948369893,0.0009650057637618503,-0.0003768115703807122,-0.0035952238230008374,-0.027028962667222184,0.13938812680203583
0,chunks,9003,8,0.04488763841846814,0.17581203642052132,-0.025108290928011583,-0.0005226331173987114,-0.004672226569775314,-0.024915425941931177,0.14001226873100162
0,chunks,9003,9,0.04112201796179053,0.20142911563602228,-0.056099779710725675,-0.0007288618503714958,-0.006017135356107684,-0.02264819936972031,0.14468729706104552
0,chunks,9003,10,0.033643999675006475,0.2319684022586456,-0.09327139203390727,-0.0009463036594253243,-0.007481229621299214,-0.020307371749042097,0.14292286221768605
0,chunks,9003,11,0.02426092735221362,0.2750196308165636,-0.1567494519865686,-0.0011031765779995818,-0.009856272324398375,-0.018765462949090237,0.14916883186866953
0,chunks,9003,12,0.014662274049392618,0.31878950720467303,-0.22489187971306734,-0.0013267701896267853,-0.012539998903077925,-0.01749988290549648,0.14665673765675322
0,chunks,9003,13,0.006703563806051957,0.36299766455308724,-0.2973786168099376,-0.001688079030138158,-0.01570712618750602,-0.016171381412661414,0.14151620736311205
0,chunks,9003,14,-0.0009743079263264953,0.4078724748309684,-0.3735220874004918,-0.0020444383060647807,-0.01917287516474002,-0.015195434547873015,0.13398898860498312
0,chunks,9003,15,-0.007219240565640758,0.4518157708310824,-0.44813656236085325,-0.002330963100359731,-0.022853110897138373,-0.014388092689099557,0.13727973622551295
0,chunks,9003,16,-0.006867528836937503,0.47884069789076505,-0.5167589420952087,-0.0029752986053979817,-0.028964897641849452,-0.014876637637956994,0.12843716459956755
0,chunks,9003,17,-0.003067767351866549,0.5059800644312946,-0.5837852507141162,-0.003737867459399462,-0.035154407675221475,-0.01505829026647873,0.1306384341301737
0,chunks,9003,18,0.0011975905458039282,0.5307860823446231,-0.6482412456521432,-0.004585041370658948,-0.041202299438403936,-0.015441304645761107,0.12976662174524148
0,chunks,9003,19,0.007438207593006063,0.5532085030376346,-0.7103656894908481,-0.005510336534559422,-0.04699882090002705,-0.01592883987910797,0.13079529079604302
0,chunks,9003,20,0.013588124978370406,0.5734797262534908,-0.7653486733091424,-0.006590213412342381,-0.05249270595222753,-0.016322637670358277,0.13166054476546157
0,chunks,9003,21,0.027788255799662112,0.5876199732853887,-0.790525108318742,-0.008316661535984543,-0.05530702955519109,-0.016397743457200152,0.12824120798682692
0,chunks,9003,22,0.04430130925373585,0.5993893824090106,-0.8140546823161177,-0.010050617592900699,-0.05800342176436803,-0.016749091671909508,0.11983794703420977
0,chunks,9003,23,0.06386766218401269,0.6104079637598205,-0.8384586992350969,-0.011695915824082574,-0.06073475617883654,-0.01685424633008236,0.1179776561582642
0,chunks,9003,24,0.08447351305031936,0.6179974729579789,-0.8614678019572947,-0.013236952914660252,-0.06354046707567906,-0.0170745391539006,0.11509230704455267
0,chunks,9003,25,0.11035211463411139,0.6215612924589868,-0.8778172533074695,-0.014498313046036085,-0.06572453095228181,-0.017091402714246067,0.1084481899888469
0,chunks,9003,26,0.16368519508371204,0.6047938101291627,-0.8873750440577464,-0.014306280720449451,-0.06829212722194533,-0.01681651094478884,0.10732961906246488
0,chunks,9003,27,0.22162424018416776,0.5857352003835058,-0.8922693988313064,-0.013913497305019494,-0.07077126720798846,-0.016454980339248804,0.10782340142958746
0,chunks,9003,28,0.28578748863630293,0.5659005259034717,-0.8934732250812903,-0.013319440189470459,-0.07377114703743558,-0.015857438568002945,0.1076525878659846
0,chunks,9003,29,0.34959434863020744,0.5453928188379501,-0.8946585266482223,-0.012679018402640792,-0.07644995013519014,-0.015301987946147098,0.11170403799603662
0,chunks,9003,30,0.4168296486188321,0.5231144403563714,-0.8914399603198803,-0.011735507653672896,-0.07932115396847055,-0.01449502855537007,0.1208006340035402
0,chunks,9003,31,0.4755153453252987,0.5144244193699656,-0.8558653370018472,-0.0108883415542262,-0.07807388245184883,-0.01296193291082167,0.11786129218143705
0,chunks,9003,32,0.5337724802610988,0.5016545168180487,-0.8159167189260744,-0.00990663416543256,-0.07594395945428992,-0.011738859267585479,0.11882917430013505
0,chunks,9003,33,0.5971266364481278,0.4931172132486136,-0.7772802380849768,-0.009198883926514762,-0.07395940779293018,-0.010469826084366807,0.11228583577315372
0,chunks,9003,34,0.6590555638259081,0.4834333742355768,-0.7377990762004524,-0.00834886651539914,-0.07199437207482043,-0.009239671319368134,0.11631343979915834
0,chunks,9003,35,0.7218039119988704,0.4741945338338863,-0.6920246400087106,-0.007668777905576353,-0.06911956607199884,-0.008048552330850844,0.11667004074695259
0,chunks,9003,36,0.7911862822623277,0.46796491943631097,-0.6416738839173071,-0.007226435568615289,-0.0653057506918524,-0.007166644511493327,0.11075154973128024
0,chunks,9003,37,0.8644900992629213,0.46235144179569493,-0.5932656049514552,-0.0067575705648642275,-0.06170856460326498,-0.006335886869212697,0.11104813749262141
0,chunks,9003,38,0.9306129154438959,0.45569054575137397,-0.5441415945377155,-0.0063104356807555245,-0.058241524784126385,-0.005540790542919234,0.11167409035485967
0,chunks,9003,39,0.9993755016753165,0.4494749299809167,-0.49288941513047374,-0.005903880039374,-0.0547039118474462,-0.004924273987987615,0.11039096952014063
0,chunks,9003,40,1.0661227966747258,0.4463170143338307,-0.44479536040552003,-0.005484890335572106,-0.05150200486161561,-0.004309226110162288,0.11234428673029341
0,chunks,9003,41,1.0938333039110697,0.443946373589317,-0.4045322955701338,-0.005117197681647448,-0.05305617658017808,-0.004480090955653281,0.11501637680471816
0,chunks,9003,42,1.1187213777923386,0.4425837466623146,-0.36541364448773606,-0.004783402045788046,-0.05436184116094111,-0.004589642903019376,0.11583292164318698
0,chunks,9003,43,1.1410353364052523,0.4425370751831703,-0.328402746306708,-0.00448711404786617,-0.056330916261436464,-0.004792298488373658,0.11425477527644015
0,chunks,9003,44,1.1599762715598148,0.44144459077667064,-0.29116974663293227,-0.004124847479106549,-0.05856110802769552,-0.004960219423057841,0.11097851512208992
0,chunks,9003,45,1.1665938257841748,0.44213615675580764,-0.25740414484092633,-0.003842723078957099,-0.062214551415024986,-0.005428318725591817,0.11305206503732226
0,chunks,9003,46,1.1669257832962643,0.4437807560290463,-0.22936895626568787,-0.003362987937706544,-0.06733681715689005,-0.005721002906242983,0.10961654592108312
0,chunks,9003,47,1.1616109239561618,0.44535575649421894,-0.20153386764521797,-0.0029002286468333876,-0.07299962887092531,-0.006002977982994102,0.10632408132210983
0,chunks,9003,48,1.1552021793852942,0.44665912162754623,-0.17849962030818683,-0.0024909396521560863,-0.07826880973593577,-0.006526718729648762,0.1007510419478585
0,chunks,9003,49,1.1504246925190704,0.44889957795648666,-0.15638006396539603,-0.002171584933423212,-0.08304062036444748,-0.006935559533581524,0.09917828600914338
0,chunks,9004,0,0.029570658541019673,0.12650508334965876,0.04584614057277528,-0.008560806464703852,-0.027248535434568434,-0.03202636900728592,0.21217287686613767
0,chunks,9004,1,0.025661905784028965,0.13512367472163492,0.039160718752032045,-0.010232807034369932,-0.029675115085346,-0.031667579331323165,0.20100171402054684
0,chunks,9004,2,0.022961049339794995,0.14419641873677505,0.029652786101410783,-0.011994516118590759,-0.031895074910303585,-0.03127848698919465,0.1996976357322089
0,chunks,9004,3,0.018775466697151272,0.15296155911658932,0.018647789256247896,-0.013779548932263429,-0.03401039190354674,-0.03108893147910096,0.19624202870508184
0,chunks,9004,4,0.015391500775118097,0.16257177858912314,0.009034090678742071,-0.01569258142325137,-0.036525371735411566,-0.030758776362456663,0.18088680309395158
0,chunks,9004,5,0.012580190452432652,0.17280472572152497,-0.0023186611962365267,-0.017543906061454728,-0.038524715119817435,-0.030357119400262565,0.17197438065828263
0,chunks,9004,6,0.012310709713179782,0.18485481154380295,-0.01316190779647753,-0.019270961944132074,-0.040300224873581925,-0.030170287062303458,0.16984891609440567
0,chunks,9004,7,0.014519137234861826,0.19823683716180526,-0.024159638014842624,-0.021137361818660636,-0.04235575978134616,-0.029956028490703186,0.161193694081965
0,chunks,9004,8,0.017217104579773865,0.21172116260615165,-0.033774400509956164,-0.022860435239176833,-0.043759950083141985,-0.02972569315006439,0.15760204783146983
0,chunks,9004,9,0.020015666751701314,0.22480476678689756,-0.04230437036037241,-0.024549749129532908,-0.045483445050411374,-0.029478325963161696,0.14886147062027108
0,chunks,9004,10,0.02338477186909732,0.23822978818819124,-0.051462906905652334,-0.02624510936298967,-0.04669143318641905,-0.02932299259662289,0.14787436276441002
0,chunks,9004,11,0.025697884099022364,0.2547826155134537,-0.043960187750888696,-0.026696432159935942,-0.04629562788059282,-0.02933862023895703,0.1462059018577358
0,chunks,9004,12,0.02709888961614386,0.27148454089233737,-0.02837019277616587,-0.027112548678993088,-0.044893528849083805,-0.02926600377238906,0.14069288303894373
0,chunks,9004,13,0.027965005479116456,0.2899206905575178,-0.01009993206034547,-0.027359103551958606,-0.04380479728738676,-0.02910056997244738,0.13541873792497264
0,chunks,9004,14,0.028195853543373908,0.3094775049640705,0.011559010541693615,-0.027534508434018345,-0.042082931228148344,-0.029204042864201644,0.13575821330236942
0,chunks,9004,15,0.028277109461803146,0.33148240322431444,0.03694339624448738,-0.02763105462830957,-0.04012121523234401,-0.029160352998586554,0.1288977569627873
0,chunks,9004,16,0.025992147893396142,0.3605749162428421,0.07593085168306327,-0.027856883199576448,-0.037887932023052295,-0.029246712086649116,0.11835459556315694
0,chunks,9004,17,0.02342500257715517,0.3902802001512453,0.11520942418469124,-0.027941282024976755,-0.03556826638929601,-0.029359817708084903,0.11391980973083479
0,chunks,9004,18,0.02147166446872864,0.42137115098057976,0.1514383359703392,-0.028245948973298886,-0.03321347089694768,-0.02947541046426319,0.11128049699596593
0,chunks,9004,19,0.019481201434015327,0.45001406020560053,0.18271167252086956,-0.028358726552208474,-0.031353196019328955,-0.02958447613089097,0.10742806898523169
0,chunks,9004,20,0.015942217276489923,0.4791459637271959,0.2114112741652709,-0.028805334138953743,-0.029781313311427308,-0.02970793352184157,0.10897673932719804
0,chunks,9004,21,0.020477489278311556,0.5061374292798035,0.11976602336320605,-0.030026720443093746,-0.03328763264203971,-0.029655398810617604,0.10452627224969266
0,chunks,9004,22,0.02464326353372931,0.533078195579267,0.008953650163147017,-0.03131350099447468,-0.037598454559504606,-0.029122333494209972,0.1064968624103668
0,chunks,9004,23,0.02736857800941049,0.5597361727111936,-0.10161976575147735,-0.032430868324207024,-0.04220539338512801,-0.02884316245425554,0.11121040300903795
0,chunks,9004,24,0.030715121066789308,0.5849994133891264,-0.21998898578380624,-0.03349373419845503,-0.047506726805334236,-0.02842588331355582,0.10746721314614016
0,chunks,9004,25,0.03438597906570766,0.6091221743675832,-0.35481624629939534,-0.03403432414253332,-0.053481356398524915,-0.02792526712834819,0.1123201458659982
0,chunks,9004,26,0.030947169912952446,0.6047488004588715,-0.5076011009209142,-0.03147151834362291,-0.06265445331189406,-0.026345327349979856,0.12015204355427055
0,chunks,9004,27,0.02930556562136198,0.6003750040563833,-0.6590459200238221,-0.029042913239021726,-0.07140298560021074,-0.024923871928058065,0.12496188232589953
0,chunks,9004,28,0.028335857490827482,0.5935408573975683,-0.8021277348036265,-0.026406201441652663,-0.07974084734599095,-0.02353246319193584,0.1312994929379255
0,chunks,9004,29,0.02650489079555539,0.5864187671471467,-0.9388254320106764,-0.023537133522248073,-0.08787483248636438,-0.022286500478261848,0.13747056400994176
0,chunks,9004,30,0.023389538882978497,0.577514006657424,-1.0669895921141546,-0.02097530732466172,-0.09522547923686737,-0.02121721175256177,0.1426035779172639
0,chunks,9004,31,0.025929237755661153,0.5741861076810466,-1.057132458062068,-0.02048503639149915,-0.0940907068411689,-0.0198244272244181,0.14578259666586335
0,chunks,9004,32,0.028853638259929343,0.5694389676116558,-1.0493209385600926,-0.01999105484726058,-0.0936421264627951,-0.018322122439113752,0.14276675719044865
0,chunks,9004,33,0.03095420757833195,0.5655611507361756,-1.0437330485804999,-0.01955071545909928,-0.09322319917503748,-0.016994636125617784,0.14120317197994336
0,chunks,9004,34,0.032246379821152873,0.560481733394929,-1.0369613590353037,-0.018936113275908367,-0.09282013536216585,-0.015677151896611317,0.14332880603096282
0,chunks,9004,35,0.034400365877487335,0.5569273777545081,-1.0299456777187381,-0.01839379379647801,-0.09296942226826371,-0.014152636648371408,0.13981797567140955
0,chunks,9004,36,0.03493824394374734,0.5529273475126988,-1.026604336689208,-0.017842996937806225,-0.09410229878525632,-0.011450790929268373,0.14266506490495598
0,chunks,9004,37,0.03642808926501813,0.5503942156618584,-1.0166498506991606,-0.017232784993404186,-0.09491733317177702,-0.008546368303941752,0.14448101278612244
0,chunks,9004,38,0.037215287574325184,0.5481817284209025,-1.0099607155973551,-0.016677519777815612,-0.0958791085701334,-0.005219163369829628,0.1469436867579912
0,chunks,9004,39,0.03821159347549219,0.5438906844660463,-1.0019660631926557,-0.016012281424109633,-0.09691760901897498,-0.002221455707407942,0.14978467445440807
0,chunks,9004,40,0.03931992420286695,0.5417569500649742,-0.997522364447336,-0.015437950698221913,-0.0978408400424986,0.0010622571516815324,0.154850984117652
0,chunks,9004,41,0.03975168655387608,0.5383327788401264,-0.9904710801363164,-0.014875331442071338,-0.09747837898705469,0.004505507246973434,0.15261575820649873
0,chunks,9004,42,0.0394600364915451,0.5349255636988304,-0.9884082203857663,-0.014441672716209403,-0.09697961586007814,0.007985546392459117,0.14707037471249768
0,chunks,9004,43,0.039779832701176424,0.5326226346235157,-0.9847541293018269,-0.013947856782402013,-0.09657098048529533,0.011236117853275052,0.14273574841237957
0,chunks,9004,44,0.0404599627952999,0.5294549452870736,-0.9793398039201986,-0.01340550605572049,-0.09628389801954142,0.014362935783634581,0.14685993063357744
0,chunks,9004,45,0.03973671289379664,0.5265650596916093,-0.9807332161156513,-0.013075980356732969,-0.09605860572303855,0.016976608423606265,0.14546294391513143
0,chunks,9004,46,0.039434061682953894,0.5229104040287182,-0.9785633248630232,-0.012787916635318076,-0.0956364515723407,0.01765510664927368,0.1459880150825585
0,chunks,9004,47,0.03982472208189089,0.5180952987938627,-0.9756312513806801,-0.012549401680077663,-0.09532503221462753,0.017895847304946796,0.1373785398605771
0,chunks,9004,48,0.039546610158413764,0.5166105711655384,-0.975548808196647,-0.012394781688312498,-0.09503820511212788,0.018115174123882624,0.1406882258270284
0,chunks,9004,49,0.038614342949404384,0.5138380543411025,-0.9755201032823683,-0.012178215583472606,-0.09504551004885586,0.01828423809149328,0.1387423660511451
0,chunks,9005,0,0.06594977286627879,0.11780164818585859,-0.010085885566439697,0.0002993805072216307,-0.005961775697895777,-0.03510092459827322,0.136521082299713
0,chunks,9005,1,0.06641978418377964,0.11847739177307687,-0.016081061285911226,0.00021116053359431799,-0.006370898584345811,-0.035094966839654546,0.11173333716466843
0,chunks,9005,2,0.06923728801313647,0.1202497390811128,-0.026212095015450652,-1.181399186915219e-05,-0.006549819235358757,-0.03476626728692809,0.09093372765844743
0,chunks,9005,3,0.07122329100077156,0.12158393041658616,-0.03400041694135189,-0.0002834932171349703,-0.0068434008893906665,-0.03458198764965373,0.06047453007141572
0,chunks,9005,4,0.07283185573308515,0.1228602858748791,-0.042791283031793255,-0.0004096555560816613,-0.007266596806091698,-0.034422013307169666,0.03910895141338476
0,chunks,9005,5,0.07344803741940481,0.12448880221837046,-0.05392353276729062,-0.000543017261697079,-0.007520057410652796,-0.03436748211300433,0.027162377521906256
0,chunks,9005,6,0.072613182513939,0.12483696525621155,-0.07302426114359556,-0.0006523701418788327,-0.0075808367670224,-0.03422556025995178,0.01849913803072528
0,chunks,9005,7,0.07143155894814107,0.12574617186259537,-0.10206107599367341,-0.000674133266430235,-0.007995809793479173,-0.03405775515843223,0.021053884050498933
0,chunks,9005,8,0.07008117586820098,0.12740622032491716,-0.13507690097434458,-0.0007437042946755113,-0.008342635653309838,-0.03395876861627609,0.020189588051885726
0,chunks,9005,9,0.06572461271631139,0.12862689638467908,-0.17349764992092104,-0.0008086657674877918,-0.008486180755327016,-0.03377470480022829,0.018432905403043542
0,chunks,9005,10,0.06079295628752118,0.13017293490149312,-0.2173706080604123,-0.0008665559873611276,-0.008907835786936987,-0.03350147403464127,0.02282769226973859
0,chunks,9005,11,0.049798633272888866,0.13153240720829987,-0.2743756472598313,-0.0006481423887960255,-0.009778372989857599,-0.03329075848264507,0.02318449954970629
0,chunks,9005,12,0.03458951159871983,0.13441612791541313,-0.33987544967667405,-0.00042644782885845707,-0.01050534961420017,-0.033065040896680324,0.0232155820178373
0,chunks,9005,13,0.018310971753668234,0.13739733906138468,-0.40502420100523007,-0.00024274992633916835,-0.01112110925395863,-0.03271906362540655,0.023637693430706153
0,chunks,9005,14,7.480250747815553e-06,0.14111053123696832,-0.47239605337421975,-9.053050464485923e-05,-0.011744995055455947,-0.03240260523409728,0.028543624043119484
0,chunks,9005,15,-0.02262036997505809,0.14655627180686975,-0.5378193371678253,0.00014514407546453376,-0.012476610778917617,-0.032068595932814664,0.026600446585491197
0,chunks,9005,16,-0.06369753899205874,0.15962215941526697,-0.5986996232393911,0.0003369510302521292,-0.012724328612112975,-0.03167955822897136,0.021545160955515175
0,chunks,9005,17,-0.10569215052717312,0.17400543895036139,-0.6518055504344432,0.0003519102611573791,-0.012924293516761269,-0.03146445057841901,0.02195419975139387
0,chunks,9005,18,-0.1486637651686099,0.19000605282700372,-0.7024170428305452,0.00030540029015882746,-0.01331309180965615,-0.031124004887139328,0.020355891783697205
0,chunks,9005,19,-0.19131575514068755,0.2060816100579811,-0.7519770230373127,0.0002102977188714872,-0.01351644995027396,-0.03070577285474564,0.023250702701363243
0,chunks,9005,20,-0.23051194895884058,0.22262392432977907,-0.7938953211515875,0.0002147223296366423,-0.014476716383946065,-0.030230843766561127,0.02536162821601723
0,chunks,9005,21,-0.25939593611226863,0.23515203369357635,-0.8108698275731495,0.0002785237482493719,-0.017549498553344867,-0.029879504293977403,0.020516182406453448
0,chunks,9005,22,-0.2867789278267303,0.24735290754458034,-0.8250858251103329,0.00039762420843246797,-0.02105586431363986,-0.02970975625503599,0.015498950324469019
0,chunks,9005,23,-0.31015918077188476,0.25836103921599224,-0.8423061590826657,0.0004506250146795493,-0.024835000590029438,-0.029505626528746894,0.015156144156272061
0,chunks,9005,24,-0.327622630533213,0.2674626395560469,-0.8585256595030826,0.0004927517775207414,-0.029647735114606794,-0.029491377956731304,0.014014832476771905
0,chunks,9005,25,-0.34361343414267126,0.2746778756009949,-0.8737336454732472,0.0005577398104965135,-0.035668283663882104,-0.029270479740713,0.01583356215777701
0,chunks,9005,26,-0.3396753028569507,0.27147751341252657,-0.8806213785284926,-5.908795815872097e-05,-0.04732364295944877,-0.02881146787777421,0.011298852601449028
0,chunks,9005,27,-0.3265883690897042,0.26803375255958906,-0.8837626196032543,-0.0005542131517899816,-0.060706039420152666,-0.028474681858837517,0.0171588631839569
0,chunks,9005,28,-0.3093379904033681,0.2618028706806851,-0.8821164817768553,-0.0011549040587616344,-0.0744154943033232,-0.027718142677647044,0.014440761034849814
0,chunks,9005,29,-0.28935398205236507,0.2560706159564532,-0.8813469007998554,-0.0019122530594557763,-0.08872660049009672,-0.02724573842462182,0.01822613108920848
0,chunks,9005,30,-0.26288831548635716,0.24909989114291836,-0.8711868075168346,-0.002592077630006207,-0.10194626091331159,-0.026570965983622487,0.02274433407165939
0,chunks,9005,31,-0.22989104540081667,0.24532492333569128,-0.8449178056149206,-0.0028373029324345947,-0.10555602170760134,-0.025586440908057007,0.02145690973732242
0,chunks,9005,32,-0.19500796990349972,0.24211340731153128,-0.8217686273614169,-0.0029814371278896108,-0.10957443335323475,-0.0248477269210316,0.019893751929176473
0,chunks,9005,33,-0.15766798628594414,0.2387444137738554,-0.7933165499729907,-0.0031380077293088338,-0.11295378684765595,-0.02414645545809102,0.021580502709226984
0,chunks,9005,34,-0.1198219227515405,0.2350003373032315,-0.7674288338898101,-0.0032629154911211957,-0.11637583243522155,-0.023313444532928565,0.022590940838701792
0,chunks,9005,35,-0.08240108046671243,0.23161721134874175,-0.741088459109951,-0.003318923064111759,-0.11976478139737867,-0.022710224751084272,0.024983502401127053
0,chunks,9005,36,-0.03576794774275899,0.23119464715691168,-0.713537193110896,-0.0034635353425096207,-0.12211164708685411,-0.02287201308463712,0.020758534282198537
0,chunks,9005,37,0.012686220397547424,0.23145971271053706,-0.6878464060907903,-0.003528948338101255,-0.12449812503386194,-0.023378960207951376,0.02056245976535878
0,chunks,9005,38,0.06381709391744356,0.23313031647570093,-0.6596064446677611,-0.003549374666188697,-0.1260488532176321,-0.023968063642430277,0.016073438047440547
0,chunks,9005,39,0.11624863543785416,0.2343448241263303,-0.6333258717926493,-0.0036640997300272254,-0.12811627412414017,-0.02455328010929974,0.016252593326056303
0,chunks,9005,40,0.1668152182037831,0.2370970119585679,-0.6087343828559971,-0.0038065020465863466,-0.12944003080455369,-0.02550883705881559,0.013159880378014105
0,chunks,9005,41,0.21298885773745457,0.24192432022199267,-0.5834925829737667,-0.0039955076853068795,-0.12891953858612354,-0.02675685854307608,0.013302396957827728
0,chunks,9005,42,0.25997836989120326,0.24779863847847206,-0.5592586816126641,-0.0042676364803988535,-0.12943857600783243,-0.027998423967556828,0.010026195755527073
0,chunks,9005,43,0.3084840903975353,0.2530611646223241,-0.5335960988397277,-0.004646668761771779,-0.12942880255964656,-0.029454508041875424,0.012111506604646827
0,chunks,9005,44,0.3561424200158751,0.25991245044532696,-0.5092122476793262,-0.005150708796160799,-0.1299499602701939,-0.030974680639207292,0.013675209719251236
0,chunks,9005,45,0.4036010406435865,0.2645261669801935,-0.4843976002860283,-0.005863099251876798,-0.13101295237660335,-0.03243541934904244,0.013649035009246163
0,chunks,9005,46,0.4562671183441077,0.270899992586712,-0.46043380883050794,-0.0077215607622465494,-0.13399816429549125,-0.03452068786471728,0.011144634039797569
0,chunks,9005,47,0.5079757485293419,0.2759367098903106,-0.43344198269665457,-0.00978175140142113,-0.1374078441109262,-0.036844738253540656,0.009602920039679386
0,chunks,9005,48,0.5577721922146162,0.281017605959774,-0.41181182845341247,-0.011840476544516011,-0.14132299614247243,-0.03907793173066344,0.0029341610272571317
0,chunks,9005,49,0.6041224098874698,0.28885859753665283,-0.39063953428181974,-0.014147826690966177,-0.14513377424754925,-0.040794365048449285,-0.003303334266601954
0,chunks,9006,0,0.03042659032888248,0.16526826061696864,0.20369312907921966,0.000502538416586042,-0.006055254125516666,-0.032864953310730645,0.18877336407017933
0,chunks,9006,1,0.0364773574368924,0.1822656534974568,0.11560856713033058,4.164575837943508e-05,-0.006657113395406273,-0.0325551482234107,0.18237923318063679
0,chunks,9006,2,0.042690347471828594,0.19896304763059072,0.02359521474341622,-0.0004567498506770236,-0.0073441614600037826,-0.032426312786047434,0.1752648998396204
0,chunks,9006,3,0.051350856054207174,0.21733930176143176,-0.08031913391081288,-0.0010541129253994605,-0.00799568404642215,-0.03211814903281503,0.17101634353186132
0,chunks,9006,4,0.05862280933185469,0.23784917762833793,-0.18734117894346636,-0.0015342402196521529,-0.008745591130255416,-0.03214039938169879,0.16419703572287275
0,chunks,9006,5,0.06673065127081913,0.2572323470928721,-0.30389943041100886,-0.0021906004481204934,-0.00904873826618657,-0.03198102387482057,0.16720504931370822
0,chunks,9006,6,0.08391074358771385,0.2807260430048179,-0.4391341783240625,-0.003148479854946596,-0.009498734749879447,-0.03217436363254751,0.1622003592802679
0,chunks,9006,7,0.10266144960879801,0.3006968027301662,-0.5623693263640668,-0.004093567418326475,-0.009869119804485925,-0.032535888774259024,0.15939312163222466
0,chunks,9006,8,0.12021690815509428,0.32092322752261926,-0.6730198728283956,-0.0049936194903722145,-0.010166161437156079,-0.0327972094864372,0.1613140004771065
0,chunks,9006,9,0.13973277407472043,0.3388237536614584,-0.7856085573033269,-0.0058999428857270395,-0.010604643359565851,-0.03298851669995454,0.1541500442483722
0,chunks,9006,10,0.15829664565402962,0.3551309712714895,-0.8795320381575505,-0.006723585273314427,-0.01112927555802723,-0.03317720373450491,0.14817434763760715
0,chunks,9006,11,0.15759967301370287,0.3530001661605991,-0.8737472191148828,-0.006726512359567435,-0.011440453819940681,-0.03323957962046845,0.1485929882485581
0,chunks,9006,12,0.15713474019110385,0.3512186648207455,-0.8744947707390641,-0.006644636749698811,-0.01178109219910202,-0.033406849266793,0.14814778237027373
0,chunks,9006,13,0.15626004731451928,0.3494178977646971,-0.8752724180194951,-0.006583559310206507,-0.011969505785635158,-0.033557515431009655,0.14808871241661367
0,chunks,9006,14,0.15479852870925645,0.3456754478951116,-0.8771700019942272,-0.0065582646603873475,-0.011975526167811404,-0.03361078775908388,0.14996845746891435
0,chunks,9006,15,0.15351258608684845,0.3435307286558583,-0.8761849116414214,-0.006476672228732418,-0.011961476352401704,-0.03380049407084473,0.1477839303203835
0,chunks,9006,16,0.1506007351077599,0.34000537017161053,-0.8792563930989244,-0.006314561099090761,-0.012069476630538657,-0.033724406980400586,0.14640797106111528
0,chunks,9006,17,0.14652927188833234,0.33526086364675817,-0.8792537785040192,-0.00616178703868825,-0.012117709332472514,-0.03366567300933734,0.14374795510334124
0,chunks,9006,18,0.1426356237037341,0.3306852560505049,-0.8797563370226122,-0.005978325834096546,-0.012075580199229548,-0.03360700460421633,0.144548258652156
0,chunks,9006,19,0.13907041194142683,0.32668838042889137,-0.8837998358583948,-0.0057581233304021704,-0.012159873287977425,-0.03352509962916363,0.147929954547146
0,chunks,9006,20,0.13522363939332685,0.3225542224962643,-0.8862794731627749,-0.005568584535458613,-0.012295225485587018,-0.033455243488764184,0.14688892030394904
0,chunks,9006,21,0.1306296645046578,0.3187312734791867,-0.8877085996120395,-0.005347665297940609,-0.012212008017819216,-0.03335149959111531,0.14786746537461137
0,chunks,9006,22,0.12624885548955245,0.31525896613010396,-0.8905881586775626,-0.005165752004053559,-0.012300940205686192,-0.03329687551186512,0.1499513318985169
0,chunks,9006,23,0.1226795403033645,0.31015646654555085,-0.8906175311479874,-0.004941962315925285,-0.012407391860451653,-0.03321970221231112,0.15086358538944794
0,chunks,9006,24,0.11763818838469484,0.3066469938272882,-0.893756769554311,-0.004777821286729735,-0.01250296349292945,-0.033059428452024135,0.1562703099783785
0,chunks,9006,25,0.11344720673769325,0.3025809841407624,-0.8947160477361374,-0.004590606506091674,-0.012475376523188683,-0.0329303633972673,0.15485628980211247
0,chunks,9006,26,0.1088426144090161,0.29881869114682136,-0.8977787953340634,-0.004442925747629277,-0.012739503380040505,-0.03290964305696497,0.15467412796896912
0,chunks,9006,27,0.1044757768976629,0.2959002168058341,-0.8998588446553734,-0.0042493728526827625,-0.012887515404437165,-0.03283458316628267,0.1471516106367927
0,chunks,9006,28,0.09947434872024812,0.2931392763108662,-0.9024017329045886,-0.00419342894596645,-0.012855565979102748,-0.03280229849632113,0.14611399561247027
0,chunks,9006,29,0.09449475129958466,0.2899854588534094,-0.9068281308197906,-0.004076595473855473,-0.01310319869121335,-0.03268498135586179,0.14285043962480043
0,chunks,9006,30,0.08850219954291161,0.2870755752192049,-0.9136833205129178,-0.0039513580535433055,-0.013276528192792774,-0.03265219838473919,0.14023541513435067
0,chunks,9006,31,0.0795661972833164,0.2824380441184865,-0.9179690309703468,-0.0037255341693641043,-0.013667768154985275,-0.032436580412603035,0.13629452957325022
0,chunks,9006,32,0.0702803973233187,0.2770686270492557,-0.9206640107614962,-0.0036192622681473522,-0.013872921576663356,-0.03221607996330102,0.13206917458149647
0,chunks,9006,33,0.06026130784167408,0.2728621663483949,-0.9267135714457385,-0.0033821940606359405,-0.014325421394076047,-0.03209509113007595,0.1324668319473068
0,chunks,9006,34,0.05047498045258768,0.2681065059878508,-0.9305771639001694,-0.003177841725095695,-0.01489164684986046,-0.03184427681375972,0.13264922958864842
0,chunks,9006,35,0.03838699791807476,0.26288160995633236,-0.9364566090265352,-0.0028971226700674523,-0.015541364482368017,-0.03172476266785231,0.13174861912750566
0,chunks,9006,36,0.02349390759598316,0.2561332858665896,-0.9352670239743329,-0.002394045051014356,-0.01647089446616345,-0.031362266057429866,0.12696253803184976
0,chunks,9006,37,0.008017634518889552,0.24644784137720327,-0.9296585510135712,-0.001884255522410728,-0.017593486808461664,-0.03095383066957332,0.11894635623664984
0,chunks,9006,38,-0.00711050208991168,0.23787214016507444,-0.9194860523121704,-0.001255524894604952,-0.018722099532936125,-0.03074350851323059,0.1163337487802321
0,chunks,9006,39,-0.02159339447890174,0.22845812680220823,-0.9092402893237441,-0.0006708513285811695,-0.020183297746675904,-0.03035900332833641,0.1089177872776371
0,chunks,9006,40,-0.03314074527436342,0.21674868362855498,-0.8843277615105366,-2.786882951842217e-05,-0.021244246947051272,-0.030147142284690905,0.1067497667029833
0,chunks,9006,41,-0.022952246231229212,0.203736255565973,-0.78544895575475,0.00031966700386010325,-0.020846278791844242,-0.030492489030153416,0.10036726410521667
0,chunks,9006,42,-0.010632422504566932,0.19098073188557277,-0.6866952611466628,0.0004787053569401886,-0.020151911281242933,-0.03099479408475671,0.09684953635586477
0,chunks,9006,43,0.0023137037844771363,0.17853268509236553,-0.5895931560735005,0.0007365904831786222,-0.019633750219792977,-0.031476032802116624,0.09342854891984238
0,chunks,9006,44,0.017400797126036233,0.1677116336650553,-0.49162350615891026,0.0008250623877684637,-0.018959790489261465,-0.03192686859205744,0.09261088399243189
0,chunks,9006,45,0.033786937863958894,0.16074228899785606,-0.39911774766979013,0.0008178583340120618,-0.018165790683525564,-0.032395886364165696,0.08806279232085358
0,chunks,9006,46,0.04428610536855421,0.16014016495114075,-0.3407750650279502,0.0005785247007910896,-0.017108853781554294,-0.03273677189364128,0.08846987096108438
0,chunks,9006,47,0.05441624460538546,0.15998926777818923,-0.2896279144543484,0.0002102977188714872,-0.01620083234822014,-0.03297461794955998,0.08209491422566154
0,chunks,9006,48,0.06385670166346012,0.15929123412349488,-0.2434960297612539,-0.00012292374874773378,-0.015402460414040049,-0.033101364428684166,0.08006022844910225
0,chunks,9006,49,0.07129990630341494,0.15933765210637346,-0.1992021774716989,-0.0005583065416927733,-0.014435653198832634,-0.03316830944124792,0.07695432497997082
0,chunks,9007,0,0.05793963665500782,0.11789344904186405,-0.018517411746448005,-0.0009422790134750986,-0.012416302490369322,-0.034688103941646176,0.34641908838485846
0,chunks,9007,1,0.060608288670237674,0.12012013207370031,-0.020931781530135196,-0.001256563865706233,-0.013822471857385674,-0.03464662364828475,0.3229117228142284
0,chunks,9007,2,0.06420828699406804,0.1226265059853814,-0.025475884892041743,-0.001542219986418759,-0.015362501868458313,-0.034557332669838126,0.2973964504355521
0,chunks,9007,3,0.06846098702533432,0.12484547146423905,-0.03125318002064713,-0.001869844290172808,-0.017006395079491844,-0.03438137335063468,0.2726856377251845
0,chunks,9007,4,0.07159640012132784,0.12661938199924694,-0.03594998685095506,-0.0022316952704919167,-0.01894090715043681,-0.03412672834414277,0.24010334102526448
0,chunks,9007,5,0.07463584094922106,0.12856480388270344,-0.04206251685478342,-0.0025064882843364614,-0.020265747190110813,-0.03399348960737489,0.21075745289419145
0,chunks,9007,6,0.07488813154750845,0.13055710849219238,-0.04609930188370155,-0.0026641728502597647,-0.02071038104546418,-0.033834857181175446,0.19383290898573613
0,chunks,9007,7,0.07699388770203747,0.13179081144338714,-0.04773245018009267,-0.002662572991000048,-0.021214742818333427,-0.03383066314640316,0.1780299867722276
0,chunks,9007,8,0.07812004507507209,0.1331717253093361,-0.048935261188437884,-0.0028005225742679645,-0.021529647304096244,-0.0337175651743273,0.16385614549628652
0,chunks,9007,9,0.07935523886220333,0.13430486770023214,-0.05166283997138442,-0.002831504614390039,-0.021677226952073754,-0.03355206908674049,0.15533450882815097
0,chunks,9007,10,0.07828633531213751,0.1351902315745124,-0.05139834866336461,-0.0028079660600864283,-0.021925724417022657,-0.03356809995961944,0.14340072753142719
0,chunks,9007,11,0.07920256801991019,0.13703334659006194,-0.051711382081450125,-0.0028664347446969813,-0.022101986968707146,-0.03350153085845789,0.13221034631767947
0,chunks,9007,12,0.07812734456507764,0.13817702315911126,-0.05147481861063283,-0.002781785941287343,-0.022065721517461674,-0.03354635665402238,0.12584278069547034
0,chunks,9007,13,0.07922385707053864,0.13916320108995595,-0.05156436153242721,-0.0028368061011410494,-0.02185505844011587,-0.033401269058725085,0.12074016393870306
0,chunks,9007,14,0.07886548235652419,0.14068136910066661,-0.050936705773554455,-0.0027295967823893074,-0.021697715984088095,-0.033439007175932865,0.11163347239271217
0,chunks,9007,15,0.07906322314823944,0.14232586979202422,-0.05107953497396267,-0.0025597679723002027,-0.02101019298252906,-0.0334184544385704,0.11074226478347439
0,chunks,9007,16,0.07905190149027162,0.14295579392921354,-0.05048955441508075,-0.0023635797623084453,-0.018935529045536435,-0.03344178061528984,0.10025083380733377
0,chunks,9007,17,0.08285243942078535,0.1428712388414699,-0.04915266197332408,-0.002145139603579852,-0.01644078481700179,-0.03352008164905046,0.09940852692320681
0,chunks,9007,18,0.08705813741745799,0.14428693802832604,-0.0519634627558074,-0.0019303217824427174,-0.014021558467204915,-0.03353703918724648,0.10111996387401098
0,chunks,9007,19,0.09314947831407025,0.14450981053683482,-0.05269182561764568,-0.0017320407878040939,-0.011233448289205408,-0.033455228190044324,0.09888498850906834
0,chunks,9007,20,0.1077688445322799,0.14580385968239692,-0.06058347619512754,-0.0014881997386023756,-0.009216589307041265,-0.03342668077879077,0.09777962284178798
0,chunks,9007,21,0.18833110827119104,0.14702400058337564,-0.10303606955977063,-0.0008408551232768059,-0.013439612694722502,-0.0320434972901232,0.08234258652387952
0,chunks,9007,22,0.27395532681831136,0.14989311356817675,-0.15299830797419228,-0.00034958662162075187,-0.01715187088247685,-0.03014941960841822,0.07228038542059223
0,chunks,9007,23,0.3577435949738293,0.1539677421277371,-0.20083663306554264,-3.6280589532403226e-05,-0.02033737271379119,-0.028110577790064355,0.06750154068901992
0,chunks,9007,24,0.4448226014276359,0.15751482383364449,-0.24922521912508694,0.00018037222642947504,-0.02369907132140634,-0.02596511045089994,0.06125493730350369
0,chunks,9007,25,0.5272015849907878,0.16139138026935904,-0.29958819983841445,0.00043684224278071285,-0.0277298255243291,-0.023281365302919396,0.05194139775361578
0,chunks,9007,26,0.5972943847775074,0.17696923279040908,-0.34754441812663533,-0.0008873213481237247,-0.026747733270697995,-0.019808787561661212,0.049460931316288925
0,chunks,9007,27,0.6757748538293907,0.19310010149825407,-0.3991710409021138,-0.0021754908398190055,-0.02578503314782997,-0.015919300034511294,0.04969756484322661
0,chunks,9007,28,0.7532996449393217,0.21125406757031007,-0.45230709156825494,-0.003733585023627114,-0.02476328607612409,-0.011986514944634048,0.05118150583477504
0,chunks,9007,29,0.831403122643435,0.23065627742102507,-0.5072629559181172,-0.005189314774976823,-0.023401840100865597,-0.007950345477024574,0.048738650805068076
0,chunks,9007,30,0.9065031649199545,0.2488971645459714,-0.5629729640091026,-0.0067152133535456834,-0.02188679216088324,-0.004127593151423227,0.05143228785360736
0,chunks,9007,31,0.9448090105545723,0.26334962039535575,-0.5921599094549358,-0.008566727037618597,-0.020871631333110215,-0.000623978678637574,0.04956828299853944
0,chunks,9007,32,0.9770923841976643,0.27409432719730653,-0.6156040362656213,-0.010061079953772471,-0.020172098520320415,0.002480061643385968,0.04633243447416324
0,chunks,9007,33,1.0057312312736268,0.28443004594076915,-0.6343079025131192,-0.011314769666168244,-0.01976951448083558,0.005295117889432384,0.04365091207180874
0,chunks,9007,34,1.0326355353441863,0.2938257441984371,-0.651930160915033,-0.012566587668219154,-0.019257780061284563,0.008031617394543417,0.05030250129979638
0,chunks,9007,35,1.048214858982719,0.2997737524110488,-0.6625579885376963,-0.013118568797710143,-0.019121745927711882,0.009850329211168948,0.05403569879029359
0,chunks,9007,36,1.047031050535559,0.2976310470587954,-0.6587066902422879,-0.013122623128548979,-0.01952808109863622,0.010453221163302016,0.054323738504448424
0,chunks,9007,37,1.048646345966449,0.2970429075560723,-0.6573326371750696,-0.012985061011195525,-0.019915473926347606,0.011071796488820132,0.05293656730225431
0,chunks,9007,38,1.049980965398214,0.2959297491207905,-0.6542188771616523,-0.013035834669615724,-0.020248924168451227,0.011592477491503349,0.05780366325201937
0,chunks,9007,39,1.051293483220166,0.2946274402219037,-0.6525744082256182,-0.012950542954013338,-0.02080817162985591,0.011909829765158572,0.05222958484789453
0,chunks,9007,40,1.0517052521010237,0.29417461139257184,-0.6496808861107076,-0.012858963510295003,-0.02125230443155129,0.012159067766946655,0.055369872099932396
0,chunks,9007,41,1.058364842720518,0.2941175184002812,-0.6488582344200994,-0.012913996169049176,-0.021963950555072637,0.012738194250547251,0.05273300587512032
0,chunks,9007,42,1.0635803892714288,0.2941545851875799,-0.6471678709990267,-0.012961596669113434,-0.022493557500566856,0.013166951802202696,0.04968474277244711
0,chunks,9007,43,1.0653330613750769,0.29408074735862594,-0.643757660427099,-0.013005906833629875,-0.02321667852668409,0.013665139315632992,0.053220686705113346
0,chunks,9007,44,1.0723977759469883,0.29385371328642157,-0.6453513394663569,-0.013084120265661803,-0.023824986686028872,0.01417179794880137,0.052212695085695315
0,chunks,9007,45,1.0748601552990678,0.2931988479333105,-0.644544041567107,-0.013063876733993684,-0.024841028710486115,0.014564673445797427,0.052830659945218045
0,chunks,9007,46,1.078045459528977,0.2927766921521308,-0.6435245720727815,-0.013162820373630648,-0.025525042401869154,0.014789730728085489,0.05078085296794638
0,chunks,9007,47,1.0768524059639866,0.29187679449194925,-0.6392382496888852,-0.013107890049624045,-0.026287612214344648,0.014668031597152763,0.053587869545803773
0,chunks,9007,48,1.0816142916938718,0.2924463020191419,-0.6412723488954778,-0.013285650974421727,-0.02682203623940791,0.01488782611980994,0.05200037927920152
0,chunks,9007,49,1.0824851384569842,0.2901724686818816,-0.638043268557836,-0.013234175815212842,-0.027858812986283215,0.01495990057458868,0.05140782275303955
0,chunks,9008,0,0.061947476490305284,0.13548171003071324,-0.042385728765668235,-0.00019326775586873761,-0.008656024403393,-0.03421197062565576,0.1547923563043636
0,chunks,9008,1,0.06500902795644664,0.1370094193592031,-0.049255048397219434,-0.0003377497722882993,-0.00917152543094439,-0.03387957533931808,0.14149421824862582
0,chunks,9008,2,0.06753101303891171,0.13885387227171062,-0.05555759895338251,-0.0004275977277013786,-0.00971711676195636,-0.033768930626247896,0.13107031684525727
0,chunks,9008,3,0.07065458985612072,0.14123108279444424,-0.062060903113040494,-0.000507117294832061,-0.01006301789727538,-0.03373580671222562,0.12420169564681097
0,chunks,9008,4,0.07286984287495082,0.14297017280073024,-0.07027997954957889,-0.000749047574624957,-0.010415202516305339,-0.03350689852359636,0.11720715287050247
0,chunks,9008,5,0.07521749564153482,0.14563640427419977,-0.07982273637915072,-0.0007931983781604493,-0.01088497030650247,-0.033345422721034884,0.11359109310248289
0,chunks,9008,6,0.07693950040730217,0.14728827044038914,-0.08590646759361731,-0.0008611767730728407,-0.01136640355445113,-0.033311800505851544,0.10939202704033021
0,chunks,9008,7,0.076905269094555,0.14853957025736267,-0.09411938304322476,-0.0008486403759049016,-0.011625214212646034,-0.033223258891486494,0.10479426826699678
0,chunks,9008,8,0.07723527195038458,0.14989735258906461,-0.10156216121904396,-0.0008842106842701146,-0.01175363484555849,-0.03318338305137009,0.10547127360415481
0,chunks,9008,9,0.07817087065204956,0.15067520588042768,-0.10963611373092222,-0.0008478591946257429,-0.01210357367051427,-0.03318773225887236,0.10489932081931441
0,chunks,9008,10,0.07763555666143776,0.151585859527995,-0.11760019762710186,-0.0008179069467249197,-0.012411156533881914,-0.03320090336390372,0.10482445171637199
0,chunks,9008,11,0.07767825213235463,0.15244151152746394,-0.13199981482669904,-0.0008311481647019797,-0.012798623842542458,-0.033164745932286896,0.1008993063525043
0,chunks,9008,12,0.07831454917270321,0.15321269645872596,-0.15061869283235707,-0.0008245413240334948,-0.013644595874231074,-0.03304549787482844,0.10365242601905059
0,chunks,9008,13,0.07854334778212918,0.1537205198945933,-0.16697031374000643,-0.0008399622330747275,-0.014041105363576634,-0.03306710950215816,0.10232765556131676
0,chunks,9008,14,0.07858105052828035,0.15436809723006484,-0.1853191235623415,-0.0008674012255051773,-0.014605318866448678,-0.032989400747409144,0.103324475767343
0,chunks,9008,15,0.07870015364782684,0.15549278270387396,-0.20557411214478863,-0.0008594917650536954,-0.015085809978754718,-0.0329812995288619,0.10894007115237113
0,chunks,9008,16,0.07833388808128937,0.155520913747806,-0.21995122713929716,-0.0008363477072960601,-0.015449080651788849,-0.033076885384146916,0.10820269891646267
0,chunks,9008,17,0.0788456378555567,0.15539955945215528,-0.22939276576822915,-0.0007371595579187196,-0.015885474205766983,-0.03301659859301816,0.10543749407975639
0,chunks,9008,18,0.07941296667802962,0.15640292583812837,-0.23530853707487392,-0.0006664212495470605,-0.016174061767064967,-0.03303090289608465,0.10774428777907666
0,chunks,9008,19,0.08011783468509709,0.15629971060860254,-0.23915468962499017,-0.0006236851653081245,-0.016243018551281293,-0.03303824409608471,0.10529400479112502
0,chunks,9008,20,0.07976464229299135,0.15756113619307902,-0.2389453690509547,-0.0005425423034793504,-0.016391012197261925,-0.033088215998541164,0.11013561871746735
0,chunks,9008,21,0.07972470049486569,0.15844448618035936,-0.23228278321337315,-0.0005206754771131398,-0.016210779907715724,-0.03302610019081519,0.10504911797724881
0,chunks,9008,22,0.07905135978414876,0.15897411029507866,-0.22438787482282452,-0.0005117743070277656,-0.016143704492929477,-0.03303284801903793,0.09953533278181242
0,chunks,9008,23,0.0788725245361214,0.16042631998576146,-0.21845541461252932,-0.00043567670449043807,-0.016112085879083533,-0.03303111817092836,0.09717265253950837
0,chunks,9008,24,0.07911190447181392,0.16105197693581116,-0.21284413235298652,-0.00041015707446288114,-0.015839435306335654,-0.03310713778309028,0.09972056012153296
0,chunks,9008,25,0.07863509474247117,0.16143387962246333,-0.20885829367931624,-0.00040284521768995567,-0.015908561365436433,-0.03305834224291427,0.09746812021190789
0,chunks,9008,26,0.07802836582799545,0.16165580504075716,-0.20351506302723868,-0.0003903244441475996,-0.015487378368932825,-0.033049313812667104,0.09700652566384559
0,chunks,9008,27,0.07736327710721677,0.1618383927677052,-0.20047499843085767,-0.0004539407227971688,-0.015372948547041774,-0.03303947455026751,0.09474135211151535
0,chunks,9008,28,0.07683363297402426,0.16213684237121334,-0.19666170911351305,-0.0004354517242820405,-0.01536989966455149,-0.032978423915911596,0.0936354116617518
0,chunks,9008,29,0.07617231813923485,0.16193524242433627,-0.196130932440331,-0.0004371609489208397,-0.015192549884466278,-0.032965797008200876,0.0994237955040431
0,chunks,9008,30,0.07557757898694514,0.161858320390816,-0.19167918129900002,-0.00036259250873746525,-0.015082457368757471,-0.03293851174133553,0.09901796959486547
0,chunks,9008,31,0.0758898906236456,0.16178114486103,-0.18955725673694707,-0.00023395070041072456,-0.014851957209523743,-0.0330281338277905,0.09802816468273698
0,chunks,9008,32,0.07620609803021297,0.1612944038645951,-0.18780546424302114,-7.028902357759806e-05,-0.014815444133304441,-0.03304617538956497,0.09666907307864937
0,chunks,9008,33,0.07726084047938366,0.16103026075571444,-0.1895827212224337,6.766964092268886e-05,-0.014721180270219684,-0.03309077990007438,0.09961957526063503
0,chunks,9008,34,0.0782842204011495,0.1602895024179018,-0.19374860535165264,0.00023505491597058535,-0.01453972920150541,-0.033171786621718324,0.10693310757711788
0,chunks,9008,35,0.08189957835067184,0.159876810497309,-0.20030649613366722,0.0005618261697677928,-0.014470777737356885,-0.03339370985196706,0.10874034160845861
0,chunks,9008,36,0.0982484677642124,0.16256449057148367,-0.23206916524664772,0.0009566344070733286,-0.014315984561088988,-0.03378379661088629,0.10295042501287871
0,chunks,9008,37,0.12205946736139563,0.16774448959771782,-0.27836896812530487,0.001387622274141821,-0.014096859674090583,-0.03449281359713744,0.10149147969034412
0,chunks,9008,38,0.15458641013419694,0.17575033824607014,-0.33937912168211043,0.0017816969822262272,-0.01375893283675694,-0.03534784675634293,0.10410046159571387
0,chunks,9008,39,0.19019244662308493,0.18416810072231077,-0.40593939266657997,0.002131956794725179,-0.01340408238011809,-0.03617369487550652,0.10711550521845949
0,chunks,9008,40,0.2288205351733223,0.19590579816724746,-0.4838227788146289,0.002265937977094969,-0.013096094949776598,-0.036889028047527285,0.118540559803497
0,chunks,9008,41,0.24650893743060417,0.21424188722309767,-0.5806143033908568,0.0022867025566762874,-0.013491509472441003,-0.03667315655374778,0.11432003519530412
0,chunks,9008,42,0.25879764916894343,0.2323667153077217,-0.6800777214415177,0.002280353115239285,-0.014148021315168026,-0.036264021795840616,0.11686293185311604
0,chunks,9008,43,0.2726699484731147,0.25074689863068145,-0.7771613574613069,0.002317549843027706,-0.01469379836491037,-0.03592327559399231,0.11207101450455359
0,chunks,9008,44,0.28305438262088795,0.2677130234509493,-0.8695925721807884,0.00228014375865647,-0.015315371871486043,-0.03549377277612668,0.11102084269367468
0,chunks,9008,45,0.2913816697102236,0.2852461490020043,-0.9607381293927202,0.002320726126108766,-0.015980960717160028,-0.034943558687524814,0.1047616383075648
0,chunks,9008,46,0.30776775627753394,0.29832231729228903,-1.0267829079582675,0.0021789651593798337,-0.017400138133582894,-0.03466648029389371,0.10752026999074502
0,chunks,9008,47,0.3246253077404415,0.31366974170779927,-1.0841472314384408,0.0019297995785793696,-0.019218986126907874,-0.03438697049657101,0.10532295024745944
0,chunks,9008,48,0.3425234586084954,0.32763021763792377,-1.1368693694792118,0.00153887615577509,-0.020920374761552597,-0.03413504647668228,0.10648224230207567
0,chunks,9008,49,0.358328926496452,0.3399174492167832,-1.1866327874214782,0.0011080644450850476,-0.02265418679120821,-0.03394106963654985,0.09880232299757148
0,chunks,9009,0,0.04314373743979297,0.13564762861779944,-0.03313881752184946,-0.00038870896126229956,-0.009099342992894159,-0.03482726109746739,0.17829998715921677
0,chunks,9009,1,0.0462560196843403,0.13714437795444748,-0.034379644461968374,-0.0004553609103626795,-0.009377785426724274,-0.03477602568466558,0.16560089035509262
0,chunks,9009,2,0.05037733792394188,0.13894155381339812,-0.03877399968216163,-0.0007157908322656325,-0.009609918363129194,-0.03464554727406623,0.15766105146407416
0,chunks,9009,3,0.05499323836793377,0.1404057341610733,-0.042054537472725556,-0.000897014245435526,-0.010148224103114254,-0.03452734062232376,0.15051730105032687
0,chunks,9009,4,0.060046972785728514,0.14293950327335952,-0.04914150822271771,-0.0012276874997221312,-0.010629108900437284,-0.034273896701936354,0.14316055688151585
0,chunks,9009,5,0.06436169816806245,0.14447904594836447,-0.05314103179738135,-0.0013608953126255546,-0.010979485663701272,-0.0342013948391716,0.13878118597578099
0,chunks,9009,6,0.06739669700574819,0.14521501690357552,-0.057417507728123776,-0.0014940211014946663,-0.011409301679312044,-0.034106675000707076,0.13355094540072043
0,chunks,9009,7,0.06960906092525637,0.14657062955369762,-0.05781667848860251,-0.0016114045252261717,-0.011676936879054812,-0.03403767449585393,0.1297876971029595
0,chunks,9009,8,0.07058870033470999,0.1469797373187557,-0.05928915436509917,-0.0016698267295506145,-0.01181895294522284,-0.033947938761765745,0.12632573799249228
0,chunks,9009,9,0.07175970646049984,0.14778480449047826,-0.061024536103768845,-0.0017234899775224225,-0.011959883233917726,-0.03388379122940444,0.12673698749022952
0,chunks,9009,10,0.07222454448452736,0.14829428445402643,-0.0619081857372194,-0.0018293509773863368,-0.0120623961039432,-0.0338013398714997,0.1267247844159704
0,chunks,9009,11,0.07338014809955717,0.14869761109591345,-0.06216619618765496,-0.0018364759365382234,-0.012107548970265045,-0.033761128279120714,0.12294707812805467
0,chunks,9009,12,0.07331703933624381,0.14850982669551813,-0.06201062779079359,-0.001829247666162168,-0.01222277970418083,-0.03376708166667658,0.1198973707001672
0,chunks,9009,13,0.07461075995573258,0.14930328761113032,-0.06286760299324289,-0.0019336105556279756,-0.012611303288120365,-0.0336998350507785,0.1215930674537386
0,chunks,9009,14,0.07519505320828644,0.14952416383654657,-0.06409418178187025,-0.0019347409249389183,-0.012853526942208865,-0.03368021990639014,0.12295438818220022
0,chunks,9009,15,0.07519801453509142,0.14974518441400303,-0.06405106878077331,-0.0019491609454662287,-0.012929323399042195,-0.03370779038510425,0.12469980546282164
0,chunks,9009,16,0.07564222258427328,0.1501477505670929,-0.0642044119904813,-0.0020018764252510974,-0.01294269901676924,-0.033698722615291735,0.12049697199625171
0,chunks,9009,17,0.07606486170132988,0.15033415482115262,-0.06530618559464291,-0.0020024490311287206,-0.012919060504618999,-0.03363847154394193,0.12010488191462178
0,chunks,9009,18,0.07586711188117926,0.15003350120844527,-0.06466836351196309,-0.0020061401126727457,-0.01297654335352449,-0.03368176944815853,0.11772368335974939
0,chunks,9009,19,0.07616134859024691,0.15019491495564274,-0.06560992364108062,-0.001967331026724141,-0.013052439440718383,-0.03373249126107942,0.11592901348397135
0,chunks,9009,20,0.07619191887244706,0.15027551268501596,-0.0654606831201867,-0.002044508612379905,-0.012699273027358588,-0.0337159883134163,0.12090780882964203
0,chunks,9009,21,0.076778938712486,0.15088695976105945,-0.06559288705193748,-0.0019999859665555332,-0.01295420293791675,-0.03370253855313041,0.11497084003093541
0,chunks,9009,22,0.07706532971120753,0.15104146573501603,-0.06452197401210946,-0.0020211489485892223,-0.013036390247102014,-0.03364905204297818,0.11396741351085526
0,chunks,9009,23,0.0779059041304872,0.15114500487643695,-0.0665110409936853,-0.002021889899032504,-0.013129838688886229,-0.03368134326953394,0.11229349953959664
0,chunks,9009,24,0.07815261515570913,0.15137227836178116,-0.06675340559694858,-0.002010900631387939,-0.013147241114293176,-0.03368766082126069,0.11675428322577519
0,chunks,9009,25,0.07759938874930138,0.1513547589531947,-0.06661659830927423,-0.0020166860599413884,-0.013014018878372545,-0.03376738654830802,0.11553032077279059
0,chunks,9009,26,0.07813959615188969,0.15148582004335362,-0.0668216214906197,-0.002028689691476941,-0.013181777059862053,-0.033754899514607424,0.10943379456744415
0,chunks,9009,27,0.07758828377378271,0.15219798611486188,-0.06745499319899272,-0.002063516315264395,-0.013267434020536104,-0.033739203028033925,0.11006723433997664
0,chunks,9009,28,0.07841161388148463,0.1522939626176888,-0.06799017852422241,-0.0020511658392408957,-0.013294283919065704,-0.03372130352580098,0.1082651880889973
0,chunks,9009,29,0.07888771036443228,0.15322889909504325,-0.06806867200105823,-0.002097664873701539,-0.013387262260313663,-0.03375114477164818,0.10825074483685485
0,chunks,9009,30,0.07878791003973042,0.1532853160972919,-0.06768018213891577,-0.0021074190937437546,-0.013313010557711611,-0.03381893777039831,0.11048567598776032
0,chunks,9009,31,0.07919693427623242,0.15344860290023052,-0.06859862813647746,-0.0020817807241617654,-0.013438651213378802,-0.033840489295614305,0.10877524122179869
0,chunks,9009,32,0.0795454499388108,0.15349598557723143,-0.06813406468852849,-0.002097477390194541,-0.013513205676202764,-0.03381382581243459,0.10633385999333075
0,chunks,9009,33,0.07933134962218515,0.15408544889378661,-0.06764791692519162,-0.0020807069904935616,-0.013425741827047796,-0.03379963734253273,0.10764812224823035
0,chunks,9009,34,0.07923738166673942,0.15460255310960447,-0.06720477090359402,-0.0021844271630619416,-0.013609032671934824,-0.03377850762487851,0.10857483372931621
0,chunks,9009,35,0.07965449538134284,0.154300357394614,-0.06793707999577464,-0.002094689744799863,-0.013502637119702496,-0.03389231261636491,0.10719208393083918
0,chunks,9009,36,0.08106009637207327,0.15485458473023406,-0.06811765393327224,-0.0021534818384599877,-0.013770273286730318,-0.033767531886146666,0.10519201774538456
0,chunks,9009,37,0.08101627234673377,0.1548794555305264,-0.06848102699542082,-0.0021982747730069484,-0.013596897113647036,-0.03378721041094586,0.10495214185572102
0,chunks,9009,38,0.08156919178633858,0.1553929967154983,-0.06848016473539888,-0.0022043418174115346,-0.013802491617309752,-0.033794859770874465,0.10567745839749426
0,chunks,9009,39,0.0816281835831182,0.1552171407227177,-0.06957793300268438,-0.0022117868655925567,-0.013822487333946538,-0.033804983152357124,0.10814368791485215
0,chunks,9009,40,0.08239262120682968,0.15596790512146336,-0.06853815867558409,-0.0022185042434120427,-0.013828039550156638,-0.03382842516224119,0.10863894408321376
0,chunks,9009,41,0.08256521780600876,0.1560268500448063,-0.06956944947666208,-0.002208652766300572,-0.013825601991820495,-0.03383846549353034,0.1054639045979597
0,chunks,9009,42,0.08197563389032161,0.15622732334161352,-0.06913453664753201,-0.002162331841171577,-0.013742078861975622,-0.03385811888471834,0.10525179512363937
0,chunks,9009,43,0.08329450773078191,0.15689879270012924,-0.07033864104591013,-0.002159835966984665,-0.013982812897080926,-0.033777152595405445,0.10363179280170426
0,chunks,9009,44,0.08245817667613131,0.1569689970826079,-0.06953098155374784,-0.002180830604452695,-0.013969588175822308,-0.03374804240981428,0.10305176358607399
0,chunks,9009,45,0.08266174080866731,0.15726682702857764,-0.06928429174295515,-0.0021937818088798673,-0.01395046688487436,-0.03371935567093345,0.10452868928372466
0,chunks,9009,46,0.08375791926201923,0.15804942633336,-0.07083955848897763,-0.0022374283598996627,-0.014003427676152288,-0.033610593246788556,0.10009749952642572
0,chunks,9009,47,0.08415079162762457,0.15815121916717262,-0.06934428835157844,-0.0021991903174661226,-0.013906277434466322,-0.03366672206441326,0.09813946615230806
0,chunks,9009,48,0.08470623000070068,0.1590018399699233,-0.06902071832463612,-0.0023016277903741235,-0.014170497150683331,-0.03374240046048408,0.09995566089518206
0,chunks,9009,49,0.08524703328002414,0.15927801006829978,-0.06970650709789118,-0.002415963435344991,-0.014245674545082083,-0.03382327167918072,0.10235961862568808
0,executed,9000,0,0.06171376630663872,0.08336472511291504,-0.09569541364908218,-0.012716874480247498,-0.052801463752985,-0.02415349707007408,0.21480917930603027
0,executed,9000,1,0.08209450542926788,0.08829240500926971,-0.06704545021057129,-0.010439421981573105,-0.06502147763967514,-0.025482449680566788,0.21103893220424652
0,executed,9000,2,0.10186801850795746,0.09159979969263077,-0.04313408583402634,-0.008331671357154846,-0.07593697309494019,-0.027033424004912376,0.20797614753246307
0,executed,9000,3,0.121994249522686,0.09549251943826675,-0.015132972039282322,-0.006037472281605005,-0.08822189271450043,-0.028590502217411995,0.20846609771251678
0,executed,9000,4,0.13974317908287048,0.100278340280056,0.009755635634064674,-0.004196539521217346,-0.10067649930715561,-0.029747402295470238,0.20167477428913116
0,executed,9001,0,0.07141938805580139,0.1292954832315445,-0.0274199265986681,-0.0009043448371812701,-0.010370692238211632,-0.03471819683909416,0.15117596089839935
0,executed,9001,1,0.07111316174268723,0.1287120282649994,-0.025691095739603043,-0.0009281806414946914,-0.01051214151084423,-0.03484401851892471,0.14510025084018707
0,executed,9001,2,0.07375181466341019,0.12897664308547974,-0.022030767053365707,-0.001006217091344297,-0.010524753481149673,-0.03496144339442253,0.14094403386116028
0,executed,9001,3,0.07442149519920349,0.12969908118247986,-0.018136445432901382,-0.0011970237828791142,-0.010445923544466496,-0.03519367054104805,0.13998611271381378
0,executed,9001,4,0.07577911764383316,0.13006922602653503,-0.01404972281306982,-0.0013235486112535,-0.010650894604623318,-0.035431742668151855,0.14302517473697662
0,executed,9002,0,0.031876157969236374,0.19850294291973114,0.01961975172162056,0.0006022913730703294,-0.023235483095049858,-0.03243979439139366,0.22842544317245483
0,executed,9002,1,0.031437162309885025,0.2045537382364273,0.016725005581974983,0.000528654083609581,-0.025498611852526665,-0.031689852476119995,0.20948173105716705
0,executed,9002,2,0.032716382294893265,0.21128225326538086,0.013513419777154922,0.00014104365254752338,-0.028069065883755684,-0.030603159219026566,0.1915270835161209
0,executed,9002,3,0.03250187635421753,0.21751491725444794,0.010554616339504719,-1.980547676794231e-05,-0.030415184795856476,-0.029504530131816864,0.18156448006629944
0,executed,9002,4,0.0316922701895237,0.2240556925535202,0.005740758031606674,-0.00027204109937883914,-0.03281649202108383,-0.028560101985931396,0.16833296418190002
0,executed,9003,0,0.038488857448101044,0.10237777978181839,0.0886002779006958,0.0009685216355137527,0.002906440757215023,-0.03338376805186272,0.1843906193971634
0,executed,9003,1,0.04247530922293663,0.10666835308074951,0.07974018901586533,0.000864658912178129,0.0021271880250424147,-0.03284653648734093,0.17981664836406708
0,executed,9003,2,0.04680698737502098,0.11102905124425888,0.06974515318870544,0.0005780559731647372,0.001346917008049786,-0.03224670886993408,0.16624553501605988
0,executed,9003,3,0.04823005199432373,0.11453673243522644,0.06201735511422157,0.00035494749317876995,0.0005076008383184671,-0.03198486194014549,0.16570064425468445
0,executed,9003,4,0.052251387387514114,0.11919622123241425,0.05100768432021141,0.00020168285118415952,-0.0004945567343384027,-0.0313975028693676,0.1534934639930725
0,executed,9004,0,0.02957065775990486,0.1265050768852234,0.04584614187479019,-0.008560806512832642,-0.027248535305261612,-0.032026369124650955,0.21217288076877594
0,executed,9004,1,0.025661906227469444,0.13512367010116577,0.03916071727871895,-0.010232807137072086,-0.029675114899873734,-0.03166757896542549,0.20100171864032745
0,executed,9004,2,0.022961048409342766,0.14419642090797424,0.029652785509824753,-0.011994516476988792,-0.031895074993371964,-0.03127848729491234,0.19969762861728668
0,executed,9004,3,0.018775466829538345,0.15296155214309692,0.01864778995513916,-0.013779548928141594,-0.0340103916823864,-0.03108893148601055,0.19624203443527222
0,executed,9004,4,0.015391500666737556,0.1625717729330063,0.009034090675413609,-0.015692582353949547,-0.03652537241578102,-0.030758775770664215,0.18088680505752563
0,executed,9005,0,0.06594977527856827,0.11780165135860443,-0.010085885412991047,0.00029938051011413336,-0.005961775779724121,-0.03510092571377754,0.1365210860967636
0,executed,9005,1,0.06641978770494461,0.11847738921642303,-0.016081061214208603,0.00021116052812431008,-0.006370898801833391,-0.0350949652493,0.1117333397269249
0,executed,9005,2,0.06923728436231613,0.12024974077939987,-0.026212094351649284,-1.1813991477538366e-05,-0.0065498193725943565,-0.034766267985105515,0.09093372523784637
0,executed,9005,3,0.07122328877449036,0.12158393114805222,-0.03400041535496712,-0.0002834932238329202,-0.0068434011191129684,-0.0345819890499115,0.06047452986240387
0,executed,9005,4,0.07283185422420502,0.12286028265953064,-0.04279128462076187,-0.0004096555639989674,-0.007266596890985966,-0.03442201390862465,0.03910895064473152
0,executed,9006,0,0.030426589772105217,0.16526825726032257,0.20369312167167664,0.000502538401633501,-0.006055254023522139,-0.03286495432257652,0.18877336382865906
0,executed,9006,1,0.036477357149124146,0.18226565420627594,0.1156085655093193,4.164575875620358e-05,-0.006657113321125507,-0.032555148005485535,0.18237923085689545
0,executed,9006,2,0.042690347880125046,0.19896304607391357,0.023595213890075684,-0.0004567498399410397,-0.0073441616259515285,-0.03242631256580353,0.1752648949623108
0,executed,9006,3,0.051350854337215424,0.21733930706977844,-0.08031913638114929,-0.001054112915880978,-0.007995683699846268,-0.03211814910173416,0.17101635038852692
0,executed,9006,4,0.0586228109896183,0.2378491759300232,-0.18734118342399597,-0.001534240203909576,-0.008745591156184673,-0.032140400260686874,0.16419704258441925
0,executed,9007,0,0.05793963745236397,0.11789344996213913,-0.01851741224527359,-0.0009422790026292205,-0.012416302226483822,-0.03468810394406319,0.346419095993042
0,executed,9007,1,0.06060829013586044,0.12012013047933578,-0.020931782200932503,-0.0012565638171508908,-0.013822471722960472,-0.03464662283658981,0.32291170954704285
0,executed,9007,2,0.06420828402042389,0.12262650579214096,-0.025475885719060898,-0.001542220008559525,-0.015362502075731754,-0.03455733135342598,0.2973964512348175
0,executed,9007,3,0.06846098601818085,0.1248454749584198,-0.031253181397914886,-0.0018698442727327347,-0.017006395384669304,-0.03438137471675873,0.2726856470108032
0,executed,9007,4,0.07159639894962311,0.1266193836927414,-0.035949986428022385,-0.0022316952235996723,-0.01894090697169304,-0.034126728773117065,0.2401033341884613
0,executed,9008,0,0.061947476118803024,0.13548171520233154,-0.04238572716712952,-0.0001932677550939843,-0.008656024001538754,-0.03421197086572647,0.15479235351085663
0,executed,9008,1,0.06500902771949768,0.1370094120502472,-0.049255046993494034,-0.0003377497778274119,-0.00917152501642704,-0.03387957438826561,0.14149421453475952
0,executed,9008,2,0.06753101199865341,0.13885387778282166,-0.05555759742856026,-0.00042759772622957826,-0.009717117063701153,-0.03376892954111099,0.1310703158378601
0,executed,9008,3,0.07065459340810776,0.14123108983039856,-0.06206090375781059,-0.000507117307279259,-0.010063017718493938,-0.03373580798506737,0.1242016926407814
0,executed,9008,4,0.07286984473466873,0.14297017455101013,-0.07027997821569443,-0.000749047554563731,-0.01041520293802023,-0.03350690007209778,0.11720715463161469
0,executed,9009,0,0.04314373806118965,0.13564762473106384,-0.03313881903886795,-0.00038870895514264703,-0.009099342860281467,-0.03482726216316223,0.17829999327659607
0,executed,9009,1,0.04625602066516876,0.13714437186717987,-0.03437964618206024,-0.000455360917840153,-0.00937778502702713,-0.034776024520397186,0.16560089588165283
0,executed,9009,2,0.050377339124679565,0.13894155621528625,-0.038773998618125916,-0.000715790840331465,-0.009609918110072613,-0.03464554622769356,0.1576610505580902
0,executed,9009,3,0.05499323830008507,0.14040572941303253,-0.04205453768372536,-0.000897014222573489,-0.010148224420845509,-0.03452733904123306,0.1505172997713089
0,executed,9009,4,0.0600469745695591,0.1429395079612732,-0.04914150759577751,-0.001227687462233007,-0.010629109106957912,-0.0342738963663578,0.14316055178642273
500,chunks,9000,0,0.12702127876435845,0.012708440866386478,-0.35384559184824727,-0.06083104182415939,-0.024940682285891896,-0.0016080447926073368,-0.9280568998824479
500,chunks,9000,1,0.23433501321969927,-0.019000731022536493,-0.29954012188848145,-0.0535772268202753,-0.01728730626660109,-0.00779342213638632,-0.8803172943397861
500,chunks,9000,2,0.41320660972790935,0.04752885692325118,-0.12117585086388412,-0.041551550349024614,-0.036594315944922184,-0.012298396833174609,-0.4401228708365612
500,chunks,9000,3,0.5518182641045031,0.06830510103292599,0.0690111454699075,-0.03089288487124958,-0.04907832900057022,-0.01934538933718622,-0.07350767943135875
500,chunks,9000,4,0.5652843921577528,0.0781392703730979,0.2123366738726869,-0.02450275326377872,-0.05389321476710773,-0.02440309585475859,0.9379547419045775
500,chunks,9000,5,0.4880987813082162,0.08815533736705006,0.27984843488394595,-0.02010876792949189,-0.07703153607763247,-0.02839980118173068,1.1112015513530809
500,chunks,9000,6,0.3190043844409223,0.11595200564146675,0.23909630172708407,-0.019445151308121446,-0.10364757603429221,-0.0367503058124563,0.5401897886037863
500,chunks,9000,7,0.32799230020395836,0.08104030276269097,0.20998801664712324,-0.004327712445491275,-0.10786931873656193,-0.03606537775338604,-0.2198638062328791
500,chunks,9000,8,0.28091569073408895,0.04206250569863408,0.1442030564965736,0.006757764704233869,-0.10211163570442798,-0.03451401707647669,-0.7109336716510618
500,chunks,9000,9,0.2529047171682646,0.00046781035104201396,0.09009738052834285,0.014777661534331812,-0.09474651063123636,-0.03305038035199429,-0.647228200429905
500,chunks,9000,10,0.22582910756478536,-0.043617626638511736,0.03415297678558714,0.019936012439562188,-0.08815596421446595,-0.03183502382016036,-0.32817970820600206
500,chunks,9000,11,0.1925185417430879,-0.1046457682100059,-0.04812551558331929,0.022867982637927196,-0.0821930232938681,-0.030131937542684242,-0.37017573346403887
500,chunks,9000,12,0.17822045239791207,-0.1452229717963739,-0.10936236008137643,0.021781696948930018,-0.0767349510035078,-0.02880138929968542,-0.36052363229352236
500,chunks,9000,13,0.16363370591673404,-0.18572271819043845,-0.1925940669971163,0.019904933923552137,-0.07197457755347489,-0.027525745976722728,-0.3473000980565039
500,chunks,9000,14,0.15915084398229928,-0.21825248565775013,-0.3019870489417067,0.01816086859970239,-0.06800971093929203,-0.026405631078977025,-0.2588934822611076
500,chunks,9000,15,0.15265336794850695,-0.26159761496951917,-0.4584767845439409,0.015559644305482945,-0.0658221416216535,-0.02496254490632569,-0.36764857700345965
500,chunks,9000,16,0.13324426327726144,-0.2931503514962409,-0.6000955944000702,0.013639394480656857,-0.06664142432413148,-0.023166773520126048,-0.46523567757288486
500,chunks,9000,17,0.09696485899235037,-0.3387495977690475,-0.7261832654816839,0.012715528878497244,-0.07290306286941198,-0.019833971440077595,-0.6049025153107234
500,chunks,9000,18,0.042391397919492056,-0.38332809907855336,-0.8437882449861811,0.012841224071038998,-0.0847149907929632,-0.015433222550613683,-0.6065099018940524
500,chunks,9000,19,0.016491073920173266,-0.4001823334637573,-0.9143933777335645,0.01242128132607653,-0.08947777858649096,-0.013001067036216424,-0.6162073961427308
500,chunks,9000,20,0.00021840255811934883,-0.4037239579583888,-0.9546853421871054,0.0124381157826424,-0.09221237081702142,-0.01110950271563084,-0.5843080294609497
500,chunks,9000,21,0.007939213529169958,-0.3829906110501242,-0.9467465419799562,0.01223154020518167,-0.0895455736613574,-0.009823627827380787,-0.5384537694152969
500,chunks,9000,22,0.020039881015393224,-0.36494725384867754,-0.9346665572209906,0.011930685421501832,-0.08635251926834125,-0.009064393885964039,-0.48307568785897226
500,chunks,9000,23,0.030107507365646255,-0.35182972341770274,-0.9105708956117925,0.011253337976787613,-0.08225260805319598,-0.007314755789493824,-0.4006650260723714
500,chunks,9000,24,0.03947282978448001,-0.3187898087987546,-0.8707632431421869,0.010492242430678625,-0.07435088739999482,-0.0030713564192927645,-0.4153981454424973
500,chunks,9000,25,0.03448230795700552,-0.2882565497540051,-0.8257255664169325,0.010021020603008343,-0.06414189010000931,0.0012926624293253877,-0.3777458840522605
500,chunks,9000,26,0.004501979838388737,-0.2599900543173274,-0.7529852553365137,0.009259635238644788,-0.05116244911625099,0.004248576174628579,-0.2905283310965087
500,chunks,9000,27,-0.041585257568686335,-0.2159693292911617,-0.6247844909043622,0.006919551253054034,-0.03758522790367588,0.007460100931306085,-0.06431154288817148
500,chunks,9000,28,-0.24717807953479964,-0.0454546436605581,-0.18098103776228958,-0.013132126979991223,-0.0240966138711896,0.0160704346490238,0.20415337901814998
500,chunks,9000,29,-0.2705590547547846,0.0043755961183807035,-0.0667259106281845,-0.01895095728257494,-0.020522317616120597,0.017958134950079738,0.527736433418257
500,chunks,9000,30,-0.272412159173611,0.0819942232937227,-0.03145800154440682,-0.018422006939556108,-0.010083452761326692,0.017023365682552728,0.9018831618192187
500,chunks,9000,31,-0.26569875907924606,0.12957745809019003,-0.010454682522274661,-0.018897608850658634,-0.004864553307994507,0.014960678623769992,0.9634634706057525
500,chunks,9000,32,-0.2538939714773298,0.14545816823314658,0.016151379603699154,-0.022805033862858898,-0.00575538028220833,0.014924328865389247,0.875609707131139
500,chunks,9000,33,-0.23639289119733342,0.15253894563381873,0.03728044951483726,-0.028905375338287926,-0.011420145912052709,0.013328895308485522,0.7912981954584944
500,chunks,9000,34,-0.21602878571678913,0.15789459644750833,0.03856121161064967,-0.0378619186774538,-0.01728087575556194,0.00890746473530607,0.8299119647770704
500,chunks,9000,35,-0.20335448756019697,0.15503103397469203,0.02475359154579218,-0.04261835650164469,-0.02309468163381541,0.005073076640487603,0.8789383756575488
500,chunks,9000,36,-0.19327572012068378,0.15311847330507025,0.01405962023499438,-0.04593259932132857,-0.029537019667323194,0.0036972409084143204,0.892571331878768
500,chunks,9000,37,-0.18039893221536596,0.15461884728623995,0.007373044098415327,-0.04981517026995112,-0.034892621648200395,0.00343522191895123,0.713391706066549
500,chunks,9000,38,-0.17654940599447477,0.15405292743536356,-0.0005661316090660451,-0.0536100239350995,-0.03190354832737684,0.0038356637256823853,-0.5079188479206042
500,chunks,9000,39,-0.15656084731203967,0.15368790337507057,-0.0063710746880523,-0.05644677750971041,-0.030830117280664347,0.0035919332630428916,-0.49399036507493577
500,chunks,9000,40,-0.13239071461226995,0.1545268263813927,-0.014629154483163723,-0.056684794071294724,-0.03426692750729458,0.003484335180755707,0.016745520888460236
500,chunks,9000,41,-0.1233368732140816,0.15163884376831202,-0.031811250005007466,-0.05194434234080054,-0.04128718257103477,0.0037621380780486144,0.40141569122847415
500,chunks,9000,42,-0.12319924374513325,0.1426849190861654,-0.0636967633562748,-0.040398198684849104,-0.04959526161000157,0.005053135851919431,0.38991479483167646
500,chunks,9000,43,-0.12652380256235926,0.13572288356129444,-0.0635629183489984,-0.03430430351733569,-0.039953867179717405,0.004419812560458959,0.5059164523622102
500,chunks,9000,44,-0.12678360481888368,0.13035695910728026,-0.036861034101231725,-0.03216050148349019,-0.020309077691390877,0.0005588986709394936,0.9238560055397771
500,chunks,9000,45,-0.11159499574990031,0.1299100451908152,0.008719671733968065,-0.033177540139177626,-0.006532825971529662,-0.006331563888087331,1.0268411094793009
500,chunks,9000,46,-0.07116609547856348,0.11553201866167154,0.06690625749699772,-0.031878157571401305,-0.004035679006920822,-0.01577685365392078,1.057462336774551
500,chunks,9000,47,-0.016754279512767062,0.09424374026149326,0.11384094799277616,-0.0298117268561688,-0.00843642046847159,-0.02467788927530245,1.072110683097408
500,chunks,9000,48,0.030300842280895537,0.06893396893567481,0.14501416502882367,-0.026835138707863363,-0.010760268642801472,-0.03129239352554486,1.0792592086271697
500,chunks,9000,49,0.08443451020947332,0.0509155247838981,0.16106564991173986,-0.023578786108052814,-0.014510780294408578,-0.03696868629629239,1.0749949710742275
500,chunks,9001,0,0.49802612382951883,0.12087355114167309,0.015930279445170448,0.0033576802173270704,0.011420305769795625,-0.04020125772043061,-0.9328626709626571
500,chunks,9001,1,0.5099419250728803,0.1570927877590347,0.040615921613250505,-0.017040162875951788,0.021533007908082928,-0.04227412717004403,-0.9251142493765632
500,chunks,9001,2,0.49000399785606186,0.16228943304005117,0.07068965976938835,-0.037097042213953685,0.028730738498965354,-0.04404765749586839,-0.9063093708953114
500,chunks,9001,3,0.47247929918910875,0.15173455269174735,0.09340061522787135,-0.0491576062411316,0.0335798158575925,-0.04570660259549364,-0.8125922365713649
500,chunks,9001,4,0.4517226012244559,0.14022169587216027,0.11491856440890377,-0.055114013503513075,0.037843236938270006,-0.047777808855705435,-0.6228496414708631
500,chunks,9001,5,0.4503650856805648,0.12743835801816017,0.20152507360599303,-0.04910182989779967,0.04516342581699188,-0.05496579436192112,0.44496262700636063
500,chunks,9001,6,0.4665334244433556,0.1121668134848556,0.31507921115710147,-0.029089905980050797,0.03992932257718054,-0.07010258164050875,0.8394990418369211
500,chunks,9001,7,0.4803566090590541,0.09490108424475802,0.33259538376147746,-0.0005360428752367499,0.02226809811945865,-0.08659546711702248,0.8730898607247053
500,chunks,9001,8,0.47640637966992294,0.08679697762718729,0.2676738518561219,0.016711652337858304,0.008822623065811736,-0.09260915348443818,0.7049553140620786
500,chunks,9001,9,0.4635734699605569,0.07064194227534362,0.12073175458777727,0.03160695136722178,0.0011005040323015473,-0.09258513886532516,-0.19253752689169013
500,chunks,9001,10,0.4333594859342792,0.04632049655706552,-0.06468750012148225,0.03304406556868914,-0.0013826966163983743,-0.08455280389700143,-0.2624921511745067
500,chunks,9001,11,0.38978251470054465,0.007023435029459665,-0.29027974130867484,0.032214338560118384,-0.0025228858083993933,-0.0749408236506666,-0.6701218751646055
500,chunks,9001,12,0.33531818935457214,-0.03081996624549843,-0.4914027119636151,0.03197152554548004,-0.004382253372637442,-0.06836226264996301,-0.93154638960006
500,chunks,9001,13,0.3148834634524774,-0.03752518188694287,-0.5568624331968575,0.027432274865245975,-0.0071642773930770285,-0.06496037592210219,-0.9635285839114744
500,chunks,9001,14,0.29452692380078244,-0.03759880846900876,-0.5964581365901026,0.023675055389402348,-0.00985801150292551,-0.06097506595589231,-0.9686677877840004
500,chunks,9001,15,0.2646577176648353,-0.03829624711163496,-0.645895954022149,0.021465840359965217,-0.013429959189883342,-0.05548080609613154,-0.9673125980686932
500,chunks,9001,16,0.22553169284646363,-0.04317928934570353,-0.6888992533924168,0.01929644682741448,-0.01876452949183089,-0.05111880995683166,-0.9566726963557333
500,chunks,9001,17,0.170846170833656,-0.053766349636627964,-0.7308142137259613,0.016068396425347853,-0.025528087415219218,-0.049485681446965454,-0.9300834355381553
500,chunks,9001,18,0.10836477318093106,-0.07259891112889161,-0.7601363949210418,0.013437084152980332,-0.03250099774470515,-0.049403055246548054,-0.8627473433927373
500,chunks,9001,19,0.025464815039661165,-0.10835253143862833,-0.7855264478973668,0.008741100385620978,-0.04469102578845375,-0.05041167580588865,-0.8221108703016754
500,chunks,9001,20,-0.06205618749665895,-0.15327671715582153,-0.8120814419781703,0.00308113735741721,-0.058708402326582095,-0.052766360788460386,-0.9240519334434747
500,chunks,9001,21,-0.06915004585798035,-0.15540383248773315,-0.8142724725087558,-0.0010626028035413573,-0.06039566086115763,-0.05339752040382677,-0.9469315775903797
500,chunks,9001,22,-0.07866502362169,-0.15413218255387262,-0.8142269674314689,-0.0028540373977967324,-0.05959776676579423,-0.0526782314199572,-0.9535155782935456
500,chunks,9001,23,-0.10029560190374312,-0.15234855466201214,-0.8157895494802582,-0.004946193974914489,-0.05815722008795786,-0.050935816504791,-0.96020722543921
500,chunks,9001,24,-0.1261562007873854,-0.1494722733661415,-0.8163637590251904,-0.006085220336792788,-0.05649835717342825,-0.04864431304969814,-0.9576277195586207
500,chunks,9001,25,-0.14464282507357457,-0.14975185158097937,-0.8163573059824456,-0.007052256359982549,-0.05468231430675995,-0.04624862531237767,-0.9636723090083039
500,chunks,9001,26,-0.15552606221927873,-0.15269178860579757,-0.8160759310668995,-0.008033859070484784,-0.05246152068208579,-0.0437726673774978,-0.9654518355763511
500,chunks,9001,27,-0.15025295036437814,-0.15484523938309236,-0.8182327493450015,-0.008881577465095842,-0.05196990772622858,-0.042486283260429636,-0.9661627972940561
500,chunks,9001,28,-0.14738692772328366,-0.154538030075291,-0.8222475432665052,-0.009860306990853331,-0.053258958218903696,-0.040686952736331786,-0.9685972811327255
500,chunks,9001,29,-0.14342189170012762,-0.15182378922571915,-0.8241950270631521,-0.00954938121812258,-0.05724725247709501,-0.03868637957293504,-0.9522947992512374
500,chunks,9001,30,-0.1424356434759751,-0.145580035369767,-0.833317571206226,-0.008909320337043886,-0.06223634628186226,-0.03631166965883591,-0.7779353877713701
500,chunks,9001,31,-0.14300163609001162,-0.13350454358841346,-0.8286845090341528,-0.007936536772592713,-0.06012120339992883,-0.03360822850180491,-0.31282034121339014
500,chunks,9001,32,-0.1376137547645474,-0.11295489697404093,-0.7903730167768077,-0.0059307761108154345,-0.04489197345471693,-0.03390066571740695,0.8289789306886691
500,chunks,9001,33,-0.1365137663114647,-0.10141308524765824,-0.7401720714105062,-0.005225218647748236,-0.03422269162720394,-0.03344164292681112,1.2025235818074649
500,chunks,9001,34,-0.13458016436278109,-0.08007333302241285,-0.665984721124238,-0.005219884741974141,-0.020957990542733486,-0.03154502565760984,1.1348957949208192
500,chunks,9001,35,-0.13575108020421714,-0.05578963008147533,-0.5926547354481708,-0.006008480212653352,-0.014018557948967333,-0.028961342879621106,1.094584560287185
500,chunks,9001,36,-0.18783005680878095,-0.009416375210669126,-0.5109140429993994,-0.012656554753777305,-0.004778832506506891,-0.021727684138037412,1.0722646658508612
500,chunks,9001,37,-0.2976145670611057,-0.010636480903833151,-0.47345732857218964,-0.017335190047289104,0.009168620929636159,-0.01997394817017687,1.0756666707269251
500,chunks,9001,38,-0.36116940730978425,-0.010679265440236396,-0.44876923869824087,-0.021402941580498786,0.015310037550122103,-0.019839909528913603,1.0738981092400963
500,chunks,9001,39,-0.40036058131786545,-0.01288786573845127,-0.4430172411660856,-0.022184315030252172,0.019271087257481775,-0.019995722619596507,1.0775622149285082
500,chunks,9001,40,-0.41114815316227227,-0.01209185929783746,-0.43515643376866264,-0.021469646649926146,0.02172817507886326,-0.020120694583812968,1.080115310290894
500,chunks,9001,41,-0.4030280144943189,0.0030127156951126055,-0.41696118967475093,-0.019977245124607614,0.02469700118893598,-0.020221177668600848,1.0868884291690515
500,chunks,9001,42,-0.3893140739467308,0.02359707721476295,-0.39900131475198897,-0.01808845659461836,0.025858072130683273,-0.02007267518047829,1.086638472478913
500,chunks,9001,43,-0.37754807250321143,0.045747756952484966,-0.38232142310953576,-0.015528977065594602,0.025512890655444452,-0.020014353182085477,1.0815183690704449
500,chunks,9001,44,-0.36110837508660854,0.08041487114265525,-0.360041124809752,-0.01214771045452146,0.024630997525989594,-0.019611379437217955,1.0846398800946977
500,chunks,9001,45,-0.3335865621497282,0.12864495799361167,-0.3302939328683741,-0.008312493152678952,0.02374906183599236,-0.019374572738079555,1.082064029241181
500,chunks,9001,46,-0.3191818379542671,0.12114932691252514,-0.3216243255703728,-0.0074995720875573775,0.023844633468470162,-0.019194106853112458,1.0896143719407503
500,chunks,9001,47,-0.2970602933561937,0.1109735924789838,-0.30826852975701113,-0.00618072951293593,0.023759102254853136,-0.01895671661708808,1.0891017249177684
500,chunks,9001,48,-0.23166011314311646,0.1151042296301425,-0.25729850408081917,-0.00306537974342289,0.022533366372674224,-0.018760665707649296,1.0899619532249618
500,chunks,9001,49,-0.14120750541109411,0.11646598340334073,-0.19383346842671503,-0.0004509628597610159,0.02156086958677904,-0.019339722254244823,1.092216102744024
500,chunks,9002,0,0.4594813496809776,0.21658702342665473,0.144856844297079,-0.003403756226303279,-0.007603413200183323,-0.04238539694509695,-0.7041224107968383
500,chunks,9002,1,0.37981169123444697,0.19030567132995935,0.06924654245589673,-0.0023638914536388295,-0.009912105952286756,-0.037851021387040204,-0.7621838717450786
500,chunks,9002,2,0.28640241537010463,0.1596438192628602,-0.04182787434631338,0.00015704224752740008,-0.012122512870050799,-0.0322139474310295,-0.8466628661905257
500,chunks,9002,3,0.20369661147459484,0.13692969478363404,-0.15072605811250817,0.0036662702580331375,-0.015509151955498908,-0.02692637273015682,-0.8944150874717935
500,chunks,9002,4,0.10315471817584039,0.0692016891585273,-0.30175518444032345,0.015641758956822994,-0.024088886230893,-0.01316948408653026,-0.9404862321077812
500,chunks,9002,5,0.03285809243195892,0.02526557555260875,-0.33412651177685465,0.01662671293501282,-0.030860803431718205,-0.008498277870836304,-0.9558905205621584
500,chunks,9002,6,0.03994476415871702,0.0346690758620105,-0.3117758975630237,0.011902489464411876,-0.028679010740422305,-0.009666435666379328,-0.9587231665435625
500,chunks,9002,7,0.04018777352543272,0.040650235752928116,-0.2806152111121337,0.006542510983942963,-0.026465340202885983,-0.009582839090016695,-0.9559394507632941
500,chunks,9002,8,0.034838714472106916,0.0466512035603866,-0.24433694189393967,-0.0001457100254795144,-0.024685988392886916,-0.00936154966387633,-0.9546144444973619
500,chunks,9002,9,0.02533401106786086,0.05224583093702115,-0.2146387179773561,-0.007007936821290759,-0.022790098079579026,-0.009195018727167742,-0.9540184392763007
500,chunks,9002,10,0.01729924528487045,0.05926142458958847,-0.1945646927401584,-0.014530944550429102,-0.020720992162506825,-0.008942209567058698,-0.9591196780289095
500,chunks,9002,11,0.015302733198451851,0.06600760100263557,-0.18757839780143742,-0.02221780270932715,-0.01934807999021793,-0.008196912759431876,-0.9575725404402318
500,chunks,9002,12,0.017399334519504497,0.07388023032178889,-0.18648809781853548,-0.02925563202606176,-0.01906037265831911,-0.0065308690537928815,-0.9555936380405694
500,chunks,9002,13,0.01481879100515808,0.07976306182785872,-0.1924842818259359,-0.03478021790094988,-0.018880517609943977,-0.004425975012455501,-0.9492512228365042
500,chunks,9002,14,0.01085825114282181,0.08470952037773502,-0.20591688831834865,-0.03701008736340797,-0.018712206141403565,-0.001549879059710213,-0.9510632909359089
500,chunks,9002,15,-0.00596104683937633,0.08789463406166396,-0.2281193050677638,-0.03633251884439175,-0.019605393291149208,0.0020380859977738863,-0.9561864598509544
500,chunks,9002,16,-0.034533959251751095,0.09038280905393521,-0.24890924254930558,-0.03321870214313906,-0.022002451402077954,0.004588797848938918,-0.9308853013162834
500,chunks,9002,17,-0.07182481012396316,0.09532160286255495,-0.26437205417079246,-0.030425319753147037,-0.026038891306548267,0.005488432513548129,-0.8904150730049833
500,chunks,9002,18,-0.09662664439047247,0.1009888886063516,-0.2711272912384733,-0.0278614390487965,-0.02979071532215242,0.005419059375589896,-0.8420095451104811
500,chunks,9002,19,-0.09471902627881545,0.10811021132641314,-0.2739398443558399,-0.027497103912009668,-0.03396361012919391,0.004196608608805032,-0.5519115790972706
500,chunks,9002,20,-0.06501816434898297,0.11065390552165863,-0.25197290803693223,-0.02732821408181811,-0.034761852447176764,0.001699582151150368,0.6713870738092763
500,chunks,9002,21,-0.011045744276310318,0.09954743138227311,-0.17947875828535723,-0.02203659521272582,-0.03022335484283589,-0.003674237443768786,1.0470774616279916
500,chunks,9002,22,0.032667592445419266,0.0827419246125909,-0.10348689247704743,-0.01627220543348667,-0.025717861004538316,-0.0099322749647439,1.0359190766391433
500,chunks,9002,23,0.05395640833455903,0.06383886299220524,-0.021919319588809646,-0.013178029191954588,-0.02179707550483745,-0.01082970661369367,1.0401652748649197
500,chunks,9002,24,0.08051519418308681,0.04114600403304784,0.07088511464597425,-0.010765518765247914,-0.013091765381874787,-0.005603211505468074,1.048036021953853
500,chunks,9002,25,0.09908076310824766,0.012281806651179047,0.13281926326080523,-0.008968421387899918,-0.00581547238254705,0.000415425090587139,1.0261437656850443
500,chunks,9002,26,0.12195535144458163,-0.026833906464555607,0.16788302533067911,-0.0062541218847035306,1.2888717556844634e-05,0.0070363613597638,1.0053202511227264
500,chunks,9002,27,0.12173998714700263,-0.050873929078506436,0.13124798907469806,-0.005157583191417396,-0.0006701925110341126,0.008720418215268956,0.8337677235786048
500,chunks,9002,28,0.10816897575993159,-0.08685897739572004,-0.0349898046868476,-0.010925647647393705,-0.012462854050879288,0.0019608799152487574,-0.34145665299992267
500,chunks,9002,29,0.09152562392643888,-0.12623511567510476,-0.15913876755365058,-0.013321149414109256,-0.025125856434779107,-0.0025337003941622582,-0.3537770418376672
500,chunks,9002,30,0.06474930244162297,-0.18277416229258575,-0.30838980245687087,-0.01322148318178907,-0.046709111288066395,-0.006654764643790823,-0.20545203448491
500,chunks,9002,31,0.04630484546288089,-0.24900817359254346,-0.399997086003131,-0.006903592094289692,-0.0723851629749266,-0.010151477208389461,0.75821766551171
500,chunks,9002,32,0.03891555863902156,-0.28669064698814667,-0.4468976337835246,-0.0007686333516560243,-0.08092322564290828,-0.010318248553552945,1.04912804971992
500,chunks,9002,33,0.01105261529970454,-0.33693811345420954,-0.5279589487795268,0.0037067581025506547,-0.08947888516059277,-0.009312545678642266,1.0741474764097392
500,chunks,9002,34,-0.03442449850119153,-0.3555502036109258,-0.5861662565979223,0.0053151298946666975,-0.09352743740850958,-0.006803245276599302,1.0528369589659983
500,chunks,9002,35,-0.07740983636440746,-0.37364037312277554,-0.6247322546359363,0.005784268311865464,-0.09876372284340279,-0.003068764379042667,1.027412413791596
500,chunks,9002,36,-0.11062662382780222,-0.38600344233446293,-0.6496783827751601,0.007483267287720547,-0.10377609339571008,0.001345989395684817,0.9735267033699072
500,chunks,9002,37,-0.13912486205114052,-0.3914691598184157,-0.6638509891628523,0.013936682390616056,-0.10736602871553254,0.012228812445244285,0.9710747697245679
500,chunks,9002,38,-0.16440988012237162,-0.3798821271748537,-0.6680508073961605,0.019653452921440245,-0.11213366067261085,0.021244509786424365,1.007298033433447
500,chunks,9002,39,-0.18515373965191262,-0.3701209436345204,-0.664266153455996,0.022436090944118716,-0.1161884731893973,0.025962154173479184,1.018899855739093
500,chunks,9002,40,-0.2111383350670779,-0.34666358218732796,-0.660316446258729,0.024103766113042092,-0.11981040629880688,0.030376796486104862,0.9950149612430744
500,chunks,9002,41,-0.2223382897259485,-0.3194047907393923,-0.6506690360958493,0.025776308041334628,-0.11666113509647606,0.033871920169369754,0.8863737618604741
500,chunks,9002,42,-0.2386320515130525,-0.29940714632675186,-0.6418377689511542,0.028513573492957002,-0.11288877755374509,0.03650345734307185,0.9225383682800401
500,chunks,9002,43,-0.23792375270054023,-0.2816004419724811,-0.628972960683188,0.030227029009564192,-0.10617149358005622,0.037125254141885625,0.9764255525029681
500,chunks,9002,44,-0.1937065209433248,-0.21487290160941747,-0.5944524085197157,0.02960317139057781,-0.07413606499691672,0.031221364501353738,0.9023066733432646
500,chunks,9002,45,-0.1630154382777721,-0.17383698244710255,-0.5388246210940479,0.026568132134240603,-0.04281357192827556,0.02201096253808231,0.7414137374966564
500,chunks,9002,46,-0.13946216439697565,-0.10812590577707429,-0.41036248061589137,0.012238748946025746,0.02604724987240909,0.001715505932990323,1.0743638304316279
500,chunks,9002,47,-0.09212856954242069,-0.023401820522967104,-0.31010722971669663,0.001844711751290844,0.03491081556849053,-0.004625367599417379,0.9355835136150871
500,chunks,9002,48,-0.039660756282866805,0.04085848293521742,-0.21344231828949659,-0.011636856957015617,0.027473043518601484,-0.006570337565493085,0.7343864763328416
500,chunks,9002,49,0.06320450554840557,0.11790084268294757,-0.08436719438025983,-0.02582507443863626,0.022618464242587046,-0.0077579640748201145,-0.294086558903909
500,chunks,9003,0,0.41945244521076175,0.03245607458696022,0.6198111930665666,0.004430617080625983,0.09500089234687789,-0.021320472647769442,-0.9523104804964206
500,chunks,9003,1,0.38015785950382625,0.029111564563615175,0.5770285766322364,0.0038211988164035694,0.08718042363821475,-0.02051856620560811,-0.9497687039275504
500,chunks,9003,2,0.34072777503869234,0.027920132114729296,0.5224870699451748,0.003700981266991276,0.07909323961789522,-0.019409633032929474,-0.9616496641878676
500,chunks,9003,3,0.30073270914428457,0.022147817938950612,0.46263648922884015,0.0028251301909738733,0.07201376542857757,-0.01823580596891365,-0.9650317432711797
500,chunks,9003,4,0.2744300600075165,0.017786900555073745,0.4056704742491237,0.0017247488669755564,0.0664473881652883,-0.016752136117161094,-0.9735565633499914
500,chunks,9003,5,0.24320911652632216,0.0109284605041272,0.32182347527063215,0.001021885698140177,0.059305667248174085,-0.01432512752923008,-0.9688836701894927
500,chunks,9003,6,0.20389280840385993,0.007393835323054793,0.20826168863868394,0.0008894082897327668,0.05315333191399832,-0.010718012845547565,-0.9407861801359472
500,chunks,9003,7,0.16468731529726444,0.005967566750230718,0.0947824564501265,0.0011398550078310513,0.047068845822652014,-0.006339637241109124,-0.74619430734266
500,chunks,9003,8,0.11438318914786193,0.008498191804665711,-0.03866591121618571,0.0018515580240213909,0.03967245422737412,-0.0009309496781039692,-0.33552984974526223
500,chunks,9003,9,0.06279257415571085,0.01490633798893759,-0.1790297989623214,0.0023844642690378833,0.03171397715634303,0.003945206930922852,0.3691616100644848
500,chunks,9003,10,0.030667071733691487,0.02083282718521484,-0.27100154034946733,0.0020677311946778656,0.02415929903482463,0.005595895092888013,1.1009304536621745
500,chunks,9003,11,0.009764582594505827,0.02819493614989607,-0.31266207834686127,0.002277326037782545,0.02289955727928645,0.005951393631741492,1.0106044770371723
500,chunks,9003,12,-0.02460174137534271,0.03250141521070948,-0.36297453340438707,0.0024232999151499804,0.020427304362827976,0.005757248505690635,0.9106602377181019
500,chunks,9003,13,-0.06755784516479485,0.04021602481600081,-0.44822139762107627,0.003917827815910386,0.015275710538124893,0.005134227809288294,0.7351642896747488
500,chunks,9003,14,-0.10805126263536449,0.04336061782601064,-0.5421378691357668,0.0047389649551355115,0.008354602192422175,0.004454907823811402,0.30967930155573864
500,chunks,9003,15,-0.1406447810906655,0.045861224697646585,-0.6502334000808944,0.004119669434819414,-0.001289680551033309,0.0038425262943040522,0.013165392394648062
500,chunks,9003,16,-0.17664140575100745,0.04310292478877997,-0.7123760348245783,0.006662653539952457,-0.01577936303534054,0.003440703231722929,0.18928699853999156
500,chunks,9003,17,-0.20261440865514352,0.03140981804113982,-0.7405523558950206,0.009048207744259202,-0.03211159199679634,0.0016124537560321325,0.054938343097146194
500,chunks,9003,18,-0.21633076882341368,0.03281758138656632,-0.7464485455547155,0.008346621025633967,-0.03796930778007723,-0.001852264814282259,-0.1926725860372343
500,chunks,9003,19,-0.22668284505878133,0.036759328611948625,-0.7550830505253721,0.005355907557438782,-0.04352810926682338,-0.006976903231229941,-0.3860283522553273
500,chunks,9003,20,-0.22567552446644945,0.050454513658433814,-0.75105051073632,0.000802336261995178,-0.04564637067577098,-0.009411742578196436,-0.41381475234333953
500,chunks,9003,21,-0.2334810763319864,0.08028494022334767,-0.7454089937463305,-0.004745775668296087,-0.052089885895189515,-0.007517422302505149,-0.38849944531677394
500,chunks,9003,22,-0.2333850498932738,0.1022068184565682,-0.7359159003125385,-0.008868321599969798,-0.060832289465403894,-0.004198476491584512,0.6347675933752981
500,chunks,9003,23,-0.2353783117429552,0.13907525901043977,-0.7211112295139258,-0.01302699872816716,-0.05823869644262842,-0.004057155659669208,0.4560171974359323
500,chunks,9003,24,-0.25101332277091803,0.17827583704268726,-0.7005992318152621,-0.018829961676608605,-0.04896030861655864,-0.0060435152195528995,-0.6501185015157797
500,chunks,9003,25,-0.23890994675408045,0.18284913500629726,-0.6930661944855335,-0.022243231722326322,-0.04676636295584397,-0.008604966772057694,-0.881810431851066
500,chunks,9003,26,-0.21738030637958722,0.16765896277428893,-0.6847797644153459,-0.021787223400067657,-0.044805393704101346,-0.010563583196246035,-0.9213223356447031
500,chunks,9003,27,-0.1955339665487983,0.14330963246678158,-0.6776260658655915,-0.020530515203209213,-0.04436850199832038,-0.0123012817346334,-0.8922146432698812
500,chunks,9003,28,-0.17779969983978083,0.09865620892762955,-0.6738169904964186,-0.017619861879589888,-0.04553001402205231,-0.011703739963387541,-0.615301421045078
500,chunks,9003,29,-0.16602436299407747,0.04603265154734,-0.6738345138452516,-0.014495659373230782,-0.04882688905448698,-0.01016357631026511,-0.45079472456038305
500,chunks,9003,30,-0.1361023585680221,-0.006270500636204823,-0.6655175987110625,-0.010219541013887258,-0.05277377577408564,-0.00740509473025067,-0.3795805897386967
500,chunks,9003,31,-0.12807992562776216,-0.017311150245258283,-0.6465624532042682,-0.004028145048559491,-0.052209945316094984,-0.005418387670873076,0.3502587532768628
500,chunks,9003,32,-0.11678797121235895,-0.0025078837303686707,-0.6128087561635329,-0.0017409525038367365,-0.051661359270555755,-0.004799110789772937,0.8862433599268453
500,chunks,9003,33,-0.0844269169112486,0.0017607962206006578,-0.5430908611638848,0.003983956373553729,-0.04655029468961629,-0.004454124656992773,1.083408135971171
500,chunks,9003,34,-0.02852232138268254,0.012771265690907516,-0.44340500784240316,0.005190742399586255,-0.034915998993386044,-0.004132731335763841,1.0940685529973782
500,chunks,9003,35,0.040438709858412955,0.02476751172297166,-0.34818518858229336,0.003581432408753943,-0.018263339446653787,-0.004257407160474496,1.090991786578742
500,chunks,9003,36,0.10281331692034226,0.028409147535992746,-0.2758602086840548,0.0015823895153867888,-0.004006682702856342,-0.0043495819476142075,1.0836244899930596
500,chunks,9003,37,0.18700790078174787,0.03179445637499291,-0.19533805653531905,0.00014822192970441895,0.011921235615293194,-0.004394811520106356,1.0859565741216417
500,chunks,9003,38,0.35704584137384204,0.0607034240140131,-0.06859951821133882,-0.0006541332680258939,0.04283898953334915,-0.004753020117905966,1.077785937956592
500,chunks,9003,39,0.4758614594240657,0.07256451428707064,0.02885110679972322,-0.0006179450452688663,0.06140644788162536,-0.004928749956311554,1.0688664339059695
500,chunks,9003,40,0.5941780577939093,0.07728053064828122,0.15724237506704442,0.0011449264366953497,0.07168151461994093,-0.005562497240865213,1.0759207540605327
500,chunks,9003,41,0.6623451284275974,0.08105329444630913,0.25708527097187656,0.0023317474221857763,0.0733236860635783,-0.005755741927975899,1.0799887991925363
500,chunks,9003,42,0.7523373581826704,0.0863243901722551,0.42548548770166683,0.004713362519892364,0.07165351752133726,-0.007597493616706395,1.0720445978498503
500,chunks,9003,43,0.7545246952793024,0.08800823911730285,0.5193472752420628,0.006154349818141789,0.06368399405498922,-0.007526066079224472,1.0781330476244069
500,chunks,9003,44,0.748901352359101,0.09414075388276288,0.6132602420869867,0.008133274168845489,0.05462529214124917,-0.007395146191280667,1.0826818467205799
500,chunks,9003,45,0.7273397874371005,0.10237454848571988,0.6597574746958283,0.009361715321117573,0.044405828816979125,-0.0068606285892523,1.0877360417376392
500,chunks,9003,46,0.7025989492800253,0.1212091238649834,0.7528606959356337,0.011726884599944672,0.017541099872929775,-0.00804403046636733,1.0955287363129533
500,chunks,9003,47,0.6725280117839245,0.13795514351097657,0.7923308431437488,0.012761193611351746,-0.003419982724333399,-0.009225675176230193,1.0884991760192055
500,chunks,9003,48,0.6493093317183489,0.1553813218041493,0.8102952240704964,0.013968412411812924,-0.01638633827588088,-0.00991390775878961,1.0881120379097389
500,chunks,9003,49,0.6230092105434876,0.17347060407906897,0.8063000117959425,0.014470151086153543,-0.023456607780624444,-0.010272393919078061,1.0916554098006497
500,chunks,9004,0,0.033448407650911935,-0.0290357186960995,0.06361915540433127,-0.013662932628548058,-0.015366498690301541,-0.027574808971304814,-0.37676657260495394
500,chunks,9004,1,0.030265978977671706,-0.020891221673524002,0.03945266330655681,-0.017492968354965905,-0.019808745628056693,-0.027191611007384146,0.12131740766999156
500,chunks,9004,2,0.019558845978292147,-0.01302264125305927,0.008946084526825493,-0.020787342609995665,-0.02178405197887007,-0.02633701795956598,-0.011465776096762581
500,chunks,9004,3,0.006354650892316821,-0.003913196611893183,-0.026012606987149245,-0.022177210967699503,-0.022295748674303985,-0.024661440965924535,-0.2510879950910386
500,chunks,9004,4,-0.018535770382151137,0.00308138501687108,-0.07436236353086688,-0.022648769484501105,-0.023425020119900233,-0.02229024429356405,-0.4848393563256874
500,chunks,9004,5,-0.057280542431252884,0.009247583098638712,-0.1391917031509735,-0.0211915851736096,-0.0252084345271262,-0.017502138373909716,-0.7897193719101594
500,chunks,9004,6,-0.09937031367528329,0.011512938394123207,-0.20431437806757577,-0.021408373915114055,-0.027114690267073013,-0.011236941052041427,-0.8836138929512349
500,chunks,9004,7,-0.11089088613140485,0.011108372437159314,-0.2697918173535269,-0.02400550950651838,-0.0271416813892205,-0.009777244294305123,-0.816893437059382
500,chunks,9004,8,-0.10504033360640458,0.01666603864993925,-0.35762635171089324,-0.027983184588790826,-0.02945044572041793,-0.011571165628167745,-0.6751993562412413
500,chunks,9004,9,-0.08805976068299515,0.023550814146268972,-0.4539016884972136,-0.03278102502077713,-0.033629142303213455,-0.015477497045880459,-0.4535096432988138
500,chunks,9004,10,-0.06905716131478035,0.029202851385526266,-0.5207530974058647,-0.03531951108410478,-0.03989917301362267,-0.01786451368733901,0.001861926411830056
500,chunks,9004,11,-0.04172329331722685,0.026175408858093954,-0.5050047247354994,-0.03523968060682499,-0.041715556364629994,-0.019395256607326508,0.8546718255926726
500,chunks,9004,12,-0.0190527385920687,0.015668277348063753,-0.4432100536329268,-0.031169791761635528,-0.03630391569143296,-0.021710569241580005,1.1011302421581366
500,chunks,9004,13,-0.008571700185718484,0.013004524504747914,-0.38344717310527515,-0.02876538140361245,-0.03290137443969669,-0.02398006220986115,1.1372074226882036
500,chunks,9004,14,-0.016772399582576772,0.015661587863273915,-0.3353067232281733,-0.026748177607867414,-0.031385532358684985,-0.02159545620954581,0.41454764345649964
500,chunks,9004,15,-0.021808894203011464,0.021925832667371845,-0.2779900187530826,-0.02408576650877659,-0.02579462474642567,-0.019366934305807992,0.050420788587240445
500,chunks,9004,16,-0.014982214329920765,0.03203294707009524,-0.2007382380711037,-0.02021275565664838,-0.011548558806684733,-0.016391731060296268,0.3630216361986119
500,chunks,9004,17,-0.011188718579004248,0.03796489347764842,-0.12566619509490673,-0.01714163207466427,-0.005848812280146626,-0.015954292577887556,0.051741904017901505
500,chunks,9004,18,-0.016021910891528976,0.037653966224616475,-0.052267757099033474,-0.01319447305788088,-0.004580099923017424,-0.01617283260551644,-0.7870770820967877
500,chunks,9004,19,-0.021049395133453386,0.04287697511726786,-0.024383811713126945,-0.013094469355248098,-0.00670163462458784,-0.018609401800592507,-0.9974069119449673
500,chunks,9004,20,-0.017192285026842155,0.04008051697884739,0.010384306428579654,-0.012763546122952161,-0.007380167678854776,-0.021798897493441334,-0.9649315247869261
500,chunks,9004,21,-0.016466001571050895,0.03473982948639824,0.016090103512462678,-0.013140240328756565,-0.00701561438583901,-0.024812680832135836,-0.3950701818087887
500,chunks,9004,22,-0.012041364016388348,0.044202211345076486,-0.06554205543290223,-0.014418985649500076,-0.006536377842248038,-0.029856392299335968,1.0209950115804896
500,chunks,9004,23,-0.012641980680111117,0.06472398745334564,-0.17476611785771096,-0.01776975806815998,-0.008354068962648405,-0.030499270734112977,1.09242343710233
500,chunks,9004,24,-0.00863210041841754,0.0815003984849735,-0.2840174110103093,-0.0203492920829823,-0.010075734793880634,-0.028578066236569746,1.1290864241488843
500,chunks,9004,25,-0.01913979076601255,0.0895292026284994,-0.4218282024611636,-0.021579419805636088,-0.013919798144951472,-0.02461752708334011,1.107770306260435
500,chunks,9004,26,-0.04183039764615196,0.08886202862337503,-0.523323383271906,-0.019382781794793413,-0.019801465840740107,-0.021238247492365442,1.0569255783632983
500,chunks,9004,27,-0.17009313573976148,0.0778977940553104,-0.6812621885632671,-0.009313450410553623,-0.047215473406427365,-0.020142777193161154,1.0395203983947725
500,chunks,9004,28,-0.2932740564673236,0.0715611760673493,-0.8148878480160258,-0.003112250620172413,-0.06781324760653931,-0.021500373572867527,0.970686157813862
500,chunks,9004,29,-0.3414773785590035,0.0637396755366792,-0.9130381831274712,-0.0026477711681225486,-0.0798988320792946,-0.023145886396458138,0.8507658396449123
500,chunks,9004,30,-0.2796284431186991,0.06008420305248753,-0.888362192708669,-0.002839302756509241,-0.07493310788143258,-0.02130673111904055,1.0389916574622604
500,chunks,9004,31,-0.24890962509965592,0.05548723135428442,-0.8603760695101628,-0.003944091505284571,-0.06485214043119769,-0.019581221289316574,0.7731456214056348
500,chunks,9004,32,-0.22927003350156816,0.05968117215624384,-0.8281836194059247,-0.004459621544518098,-0.05407760251324602,-0.017908025432144332,0.18345404694823217
500,chunks,9004,33,-0.21792435989564785,0.06012970563218434,-0.7981791401999361,-0.004865607118861156,-0.045378092231467285,-0.017173674858575343,0.00960333270402633
500,chunks,9004,34,-0.21568917209149646,0.05903052469933187,-0.7721890098780206,-0.004802956575567946,-0.042043148728446444,-0.015202699254273783,0.1555229195785478
500,chunks,9004,35,-0.22032112057937808,0.05975923492295984,-0.7617554410938483,-0.005068566022294702,-0.04599595523257572,-0.013042596504034533,0.6773248421451551
500,chunks,9004,36,-0.21756441423387707,0.06012879022900257,-0.7439450431181153,-0.004794544815553966,-0.050631239379422245,-0.007977439509891698,0.761305043299267
500,chunks,9004,37,-0.21557534157821245,0.06094137250876931,-0.7260155419999972,-0.004309921823039714,-0.05090743795374829,-0.004012212391791531,0.8920269686531221
500,chunks,9004,38,-0.2142519174063201,0.06046842593412735,-0.70762720729085,-0.0037250592111463757,-0.05057562435795608,-0.0011554387222259058,0.9717969912837391
500,chunks,9004,39,-0.21773024853495576,0.061633980639220945,-0.6793174306208832,-0.0035777749021831517,-0.04850197413570007,0.0009555026845178977,1.0667578369972732
500,chunks,9004,40,-0.2190626289147461,0.059098271576345646,-0.6598350826477719,-0.0033302158206832775,-0.0473808095061416,0.0019843066264129683,1.0852209114951703
500,chunks,9004,41,-0.21786350824117973,0.06001302693432359,-0.650220382736047,-0.003586724505507834,-0.04739474614919997,0.00244656181796149,1.0808171933929667
500,chunks,9004,42,-0.21844176147046368,0.0609321551028852,-0.641606572005917,-0.003589827357548652,-0.047058421135915796,0.004100405887280056,1.0907257359790734
500,chunks,9004,43,-0.21760424769077819,0.05992714099118493,-0.6289734057206187,-0.0030896117914070735,-0.043717906070983775,0.00641885694463569,1.0889567028758482
500,chunks,9004,44,-0.21869455766113244,0.06091273447230584,-0.6047963022616065,-0.0023078010754326752,-0.03618828837064503,0.009194311361566003,1.0871950977308678
500,chunks,9004,45,-0.22104841521993202,0.05942168352046433,-0.592916918124519,-0.0019665576572577737,-0.032856788402416515,0.010178731531623887,1.0880316862661874
500,chunks,9004,46,-0.22438926133458542,0.0621700125762126,-0.585734125252734,-0.0026064123064787692,-0.03354399026533761,0.009607315602831339,1.0910921819191444
500,chunks,9004,47,-0.22472432462844605,0.05982091901428514,-0.5792559935227487,-0.002943846684736493,-0.033882338838954806,0.00862275992982614,1.0861047206221883
500,chunks,9004,48,-0.22641693957993936,0.05403147271588153,-0.575883833651144,-0.00320975219916805,-0.033310247766602796,0.007981581838484693,1.0926138522224118
500,chunks,9004,49,-0.2250541153160442,0.0482088888222979,-0.5671684431274617,-0.0030590178030854213,-0.03171690487249256,0.007190550600610433,1.0894002580967448
500,chunks,9005,0,0.7270866301090164,0.0818173462743163,0.1125593097295221,0.002104021752182463,0.03717647574311054,-0.03974250375019798,-0.9529806473958295
500,chunks,9005,1,0.719400109135543,0.07579087392590117,0.07603099901238553,0.001529444563601167,0.04795603967420292,-0.03856160430654531,-0.9565193031227757
500,chunks,9005,2,0.6954091005937328,0.07003539612710408,0.03394272441443122,0.0012488751047878832,0.05307034659464348,-0.037724882349051775,-0.9554660658053196
500,chunks,9005,3,0.6658692878942271,0.061956202559203324,-0.02670892367712379,0.001418757035203971,0.058309704126868284,-0.036318663359342064,-0.9672115542557456
500,chunks,9005,4,0.6379859041772075,0.05502333318801608,-0.08574273554138694,0.0010686143998968928,0.06110166796852301,-0.0348964659495072,-0.9696831778856383
500,chunks,9005,5,0.6047095109834272,0.053306149484026094,-0.15480817785282167,0.0013320177906913037,0.05994487242671451,-0.032702421896499016,-0.9678576687189338
500,chunks,9005,6,0.5594795776863928,0.054808002193412475,-0.22614561969238578,0.0016258294439582465,0.05658374258271112,-0.03068059334739208,-0.9640626894804967
500,chunks,9005,7,0.4636464197184356,0.0465742181527999,-0.32882722857105656,0.0013252908434011482,0.05034067204132768,-0.028588121866578754,-0.971136463811415
500,chunks,9005,8,0.34817432019973815,0.030054641087724432,-0.43422750157664064,0.0012977161207234447,0.04313562490629662,-0.026301505806097424,-0.9888732490587213
500,chunks,9005,9,0.2893085423211616,0.011080347016671335,-0.5056807087778599,0.001712712425826279,0.03649836249055705,-0.02503761463189933,-0.9841103950705923
500,chunks,9005,10,0.2568449249941228,-0.008673617068982453,-0.5587036643069299,0.0016612216429918113,0.03236728535097113,-0.02462115287994627,-0.9815341905047785
500,chunks,9005,11,0.21036783974729503,-0.03449435236773801,-0.6183717796766866,0.0014124763377195348,0.025130805320824498,-0.023181224253796893,-0.9847012125112924
500,chunks,9005,12,0.15044008312858992,-0.06273501935156398,-0.6695876329036492,0.002312511223777133,0.013847080812154102,-0.021429761238600853,-0.9856549387690894
500,chunks,9005,13,0.0774982161024216,-0.09178401551114296,-0.7220475326383934,0.003929683023002898,-0.0008802694136371744,-0.020168448445081557,-0.9823163662983534
500,chunks,9005,14,0.0010799139190476315,-0.11708522429643042,-0.7715751363720792,0.00790736591708814,-0.012759266948264325,-0.01900938901679076,-0.9748749669863728
500,chunks,9005,15,-0.04517845748067478,-0.12615794014531878,-0.7998288939554594,0.009360333411434742,-0.009655667077044317,-0.018488508037983693,-0.9832170357115457
500,chunks,9005,16,-0.09771957260708722,-0.12251176252420354,-0.8240523369369409,0.0074859217417071276,-0.0023280417108271032,-0.018752961709435488,-0.9776477176854228
500,chunks,9005,17,-0.20530827709039257,-0.11910384322661371,-0.8482486326351512,0.006239392336916123,-5.571887675497565e-05,-0.016848176016596158,-0.9767557731755656
500,chunks,9005,18,-0.2958691538195042,-0.1106454896608246,-0.8569767623552866,0.005764120084313403,-0.00020283519519160957,-0.015070944493332052,-0.9719551898757177
500,chunks,9005,19,-0.3810232617363345,-0.10111619887112203,-0.8544994058677388,0.0049842777498671645,-0.000204131357164003,-0.012533341459553246,-0.9790813136266463
500,chunks,9005,20,-0.42144212238752765,-0.09234777712297926,-0.8300394811215307,0.0035424295898481067,-0.0012976200267567385,-0.008647724508527199,-0.9706189827203691
500,chunks,9005,21,-0.4707300845921426,-0.08450653204983472,-0.808135517599064,0.0029460890814200884,-0.0027890691132760707,-0.004311094739516276,-0.973470021741236
500,chunks,9005,22,-0.5213090769425027,-0.0790835850191593,-0.7856661896505998,0.002716620205392332,-0.002925754229690108,-0.0001761982616053856,-0.969930304877398
500,chunks,9005,23,-0.5938733567441657,-0.07484616960762883,-0.7757712830465843,0.0028856108079688995,-0.004739738713763453,0.002900383043805868,-0.9744384860114235
500,chunks,9005,24,-0.6870543215345927,-0.0709722255917638,-0.7664705570422027,0.004182827160058118,-0.006628516580069104,0.006029906662048709,-0.9747346611084178
500,chunks,9005,25,-0.7077971157087588,-0.06682356203948722,-0.7803113880253245,0.0075939208347321,-0.012752078085742817,0.0008063489080357006,-0.9750287139316278
500,chunks,9005,26,-0.6910637413460818,-0.06427141796871771,-0.8099494345368287,0.012765383867733153,-0.025770365237270745,-0.012626366418410737,-0.9502251106952513
500,chunks,9005,27,-0.7352965020121526,-0.07466976437293918,-0.8288485609570364,0.007761055350589387,-0.0668422868693099,-0.021219137205732375,-0.8712608446780334
500,chunks,9005,28,-0.7454394074566126,-0.09005805801973388,-0.8269674433672394,0.0036062770981563066,-0.10221684536518408,-0.027467488451506462,-0.6626343753498684
500,chunks,9005,29,-0.7080145204327338,-0.11088924040344064,-0.7915703899840468,0.00179942042308778,-0.10397002244162125,-0.01848151215194613,-0.7418534910773381
500,chunks,9005,30,-0.664496234028976,-0.1388300494711711,-0.7449528303798856,-0.0033728089487481275,-0.10694135188541379,-0.009186305013443356,-0.621793043886582
500,chunks,9005,31,-0.6361677484476718,-0.15059252969686343,-0.7187407932690983,-0.0045267543106958,-0.10279648899923792,-0.006733662327625879,-0.49835965518019576
500,chunks,9005,32,-0.605639141505236,-0.16395290955039843,-0.6814073820250258,-0.007000283588298841,-0.09986357237951078,-0.0028080588939558906,-0.20006057479231265
500,chunks,9005,33,-0.5908017385725746,-0.16684600609856187,-0.653713648418475,-0.006196938633887834,-0.09501236699376478,0.0009447039738301119,0.13331963229625562
500,chunks,9005,34,-0.5625891058740796,-0.1633470816415784,-0.6202318136182052,-0.004414814158117472,-0.0879920674349121,0.004574076109373465,0.8198565726355075
500,chunks,9005,35,-0.5203238218462422,-0.1630239584015401,-0.590017833041725,-0.0037284870345993242,-0.08366304121273048,0.0069385894266877635,1.062132105476423
500,chunks,9005,36,-0.43638663867754957,-0.16620097076731044,-0.559333503530697,-0.0025164186607571273,-0.08009067952776952,0.005809989749632677,1.107272161441645
500,chunks,9005,37,-0.35623096149758754,-0.16435678543419452,-0.5178634693684725,-0.002402647419260452,-0.07706506604674515,0.004666895628278586,1.111784705027338
500,chunks,9005,38,-0.30559007019425505,-0.16056628393912908,-0.47321764810093014,-0.0016167446804505007,-0.07390299185943927,0.00259932609232999,1.05064134883215
500,chunks,9005,39,-0.26237015552296933,-0.1474110952295689,-0.41184673607688127,-0.0018882559517412996,-0.0709129241695802,-0.0016912916839446623,0.8594574350719321
500,chunks,9005,40,-0.20587396273762615,-0.12438639557545766,-0.3533042594435063,-0.0017266850089541815,-0.06107176602993897,-0.010237952129616656,0.6302869133723926
500,chunks,9005,41,-0.1362177419721916,-0.09781925460541424,-0.3130237547038054,0.0007246958264315122,-0.04566207551590811,-0.02280905448136187,0.26128961702455583
500,chunks,9005,42,-0.06696135449604121,-0.07886859201957666,-0.269763599198938,0.005552824609563994,-0.029342618586305647,-0.03239830082998888,0.21328154384819342
500,chunks,9005,43,-0.03983496897197908,-0.07344022298544,-0.22453362458137158,0.010249620805453673,-0.02957056511299675,-0.03364401439308234,0.8568858877180335
500,chunks,9005,44,-0.02404456051423806,-0.07004369693668172,-0.18162197510698413,0.011769402734606723,-0.027199463129207686,-0.03315895318128953,0.9843749416260155
500,chunks,9005,45,0.037420413626182106,-0.05230225378770806,-0.08778022815838843,0.007281344425958486,-0.02254925183940746,-0.04022304473665583,1.0563061102265119
500,chunks,9005,46,0.11386494341433795,-0.042845913590029455,0.004220871791762573,0.003989409018882257,-0.022681825994341893,-0.04822386488845658,1.0353294382394345
500,chunks,9005,47,0.20615963184558644,-0.03221380137943616,0.12043378812051866,-0.004822187696298276,-0.025695303917078475,-0.057508046021005114,0.9986541891665716
500,chunks,9005,48,0.2474366994503584,-0.027554723096131578,0.22437095885048974,-0.015216179582518986,-0.02819998796682827,-0.06406278691489102,1.0040682274941508
500,chunks,9005,49,0.2517724791440009,-0.024252779320738743,0.2637435037870893,-0.02073564715766606,-0.029138316375475107,-0.06674043443024277,1.0117509764970338
500,chunks,9006,0,0.5153145302856796,0.21469304720201357,0.6768426841782715,0.001361662839054098,0.05802612710215013,-0.014549290929172197,-0.9396046631586465
500,chunks,9006,1,0.5352514463177354,0.20959908903330268,0.6039196852325595,0.0017886920699904537,0.05672608825126131,-0.01128982216999359,-0.9429804933247052
500,chunks,9006,2,0.5436971503655286,0.2048468649554717,0.5140620663450098,0.0021286227130257293,0.05462943985956083,-0.008341546856961968,-0.9453862085631888
500,chunks,9006,3,0.5382357414623213,0.20042874191429727,0.40435155019363067,0.0015440585123810292,0.051878055560492506,-0.005933873665399068,-0.9435980749959059
500,chunks,9006,4,0.5180681669631512,0.19447044597823504,0.27373184043670773,0.0006833147011212769,0.04748706892689031,-0.004760901144163842,-0.9551260303834519
500,chunks,9006,5,0.5051711192488384,0.20220134976016185,-0.008536988418643802,-0.004775973011823247,0.0409358484512763,-0.009629122088647583,-0.9483149463853771
500,chunks,9006,6,0.5456119370548782,0.20184251171290873,-0.2331779899126016,-0.011370556946038085,0.044114053084143075,-0.018278719970878838,-0.9455321738379017
500,chunks,9006,7,0.6182801522046476,0.20823578611625837,-0.48345884945569195,-0.018533897096532567,0.049418241929828785,-0.027970401083841228,-0.9344550837253978
500,chunks,9006,8,0.6375737019314514,0.2101690190542715,-0.5790279674692052,-0.02012828808729551,0.05020034993311051,-0.031449943020931556,-0.935190333687522
500,chunks,9006,9,0.6266916204254759,0.22016677094302536,-0.5849215981636737,-0.020768634880722375,0.04505154575850324,-0.03424514480690042,-0.9353517443992199
500,chunks,9006,10,0.6124538139433392,0.22514979632923182,-0.5880716843573701,-0.020627962880696588,0.037908393259509066,-0.03722746550863429,-0.9353058797046614
500,chunks,9006,11,0.5843912699546184,0.2301610654243773,-0.5560260966052558,-0.019654775054933453,0.026022232011771812,-0.039456699622419746,-0.9314726995381089
500,chunks,9006,12,0.5501631713304534,0.22907537612611154,-0.5303134749362075,-0.018854762619859338,0.012513889233323656,-0.041248745770334154,-0.9360417191872814
500,chunks,9006,13,0.5038394972576201,0.22555488336185303,-0.48865238064202515,-0.018883277298911188,0.004068668519397314,-0.04083096395741055,-0.9376703285084524
500,chunks,9006,14,0.4460567163167391,0.21807737022220258,-0.4346675045213841,-0.01921635112326865,0.0016438473928479663,-0.03843252463604718,-0.9508898540061006
500,chunks,9006,15,0.3825892713225489,0.19849660746010223,-0.39084491905607766,-0.01975230397527386,0.0019065126819831565,-0.03447188931943559,-0.9697280993474038
500,chunks,9006,16,0.31479402777159304,0.17457347831168174,-0.3711304562480283,-0.02140443363674198,0.0014964099357733952,-0.028832173602335247,-0.9800421141303908
500,chunks,9006,17,0.2742228393586512,0.15998656029724007,-0.3854829690170722,-0.025348499175659903,-0.0030526542904976382,-0.025537314533064088,-0.9781104912744762
500,chunks,9006,18,0.24280160003852877,0.1521157265766356,-0.4299623462855411,-0.028968304177411835,-0.004777576486864241,-0.025460742254647326,-0.9732655760333586
500,chunks,9006,19,0.2112562919594003,0.14151758286564883,-0.47658171385426445,-0.03122148408924002,-0.004945072050461582,-0.02544150083612977,-0.82301124495462
500,chunks,9006,20,0.15712763481245898,0.12083159046813342,-0.5214769507868624,-0.03249101615797713,-0.005813394170608479,-0.024449595220998887,-0.08226382735264778
500,chunks,9006,21,0.09814000916998011,0.08056195530927657,-0.5489105043855032,-0.025531489327940273,0.0003396066556844591,-0.023186575527449807,0.6042714033771668
500,chunks,9006,22,0.04668999400201777,0.044507836301217116,-0.5374705390815314,-0.017875033182064525,0.012453633178168277,-0.020638837091765595,0.9828334634340955
500,chunks,9006,23,0.0035091047426665245,0.013081376122638808,-0.5234224875447502,-0.011534632356006186,0.02361510833257089,-0.017322741213801215,1.12302721459091
500,chunks,9006,24,-0.021870639672582293,-0.01252125380571606,-0.5048011479258037,-0.007567975835676271,0.02645735938961423,-0.015209266776155344,1.1149004387507335
500,chunks,9006,25,-0.039799866415217655,-0.03216207405810334,-0.49596253766350235,-0.005995282936123244,0.026354200373172668,-0.01464129524486207,1.11312044056629
500,chunks,9006,26,-0.10129891387076581,-0.0531720276416465,-0.5240897377275335,-0.005626821599819895,0.020826557072586745,-0.014981151935427251,1.1186127672156863
500,chunks,9006,27,-0.16109947789182305,-0.05459295870976458,-0.5603486895397523,-0.005373411470539121,0.010465005377590882,-0.01555734543587807,1.1101243795035032
500,chunks,9006,28,-0.23360873840827412,-0.05518847777044528,-0.6033935442801095,-0.0051661433758744164,-0.003544866963088344,-0.015722003372169852,1.1006052152047465
500,chunks,9006,29,-0.298334927863287,-0.04712266317212421,-0.6379543167013793,-0.005433276126095531,-0.014814782510327489,-0.01544802734037265,1.0922255940240033
500,chunks,9006,30,-0.34276403894202434,-0.04028026380154742,-0.6675954228452192,-0.005896786913359238,-0.02116982210042455,-0.01511563423956638,1.0831663736159214
500,chunks,9006,31,-0.3868315070131393,-0.03545393431537083,-0.7001356697015322,-0.005408586110586441,-0.02401056806192383,-0.015069823315719658,1.081398696409836
500,chunks,9006,32,-0.4521427390808427,-0.03304315666211807,-0.7377714282500715,-0.003952032994168499,-0.02591740030376284,-0.014473341527206765,1.0798596942039977
500,chunks,9006,33,-0.516509199556534,-0.03350733649090387,-0.7649335646456774,-0.003516582238452173,-0.026243116134574487,-0.012955850576912724,1.098246661605912
500,chunks,9006,34,-0.5583276121467523,-0.0385297875879928,-0.7755190024530686,-0.003808186273424213,-0.027316477536763088,-0.010489432486629532,1.1004513503553923
500,chunks,9006,35,-0.599156363764244,-0.053921573850004095,-0.7856227428714297,-0.0037450480777174886,-0.02997889095656227,-0.0050300886766457345,1.1096923788843203
500,chunks,9006,36,-0.6246257966565679,-0.07626634018694975,-0.7880700037027281,-0.0026340239399719133,-0.03409386860370901,0.0009094644654047274,0.961014248754693
500,chunks,9006,37,-0.6801889548158944,-0.11354661359073584,-0.8059310246862006,0.0010554858673193514,-0.0420506625987461,0.008058709241879132,0.07560292293384781
500,chunks,9006,38,-0.7239399581700335,-0.13488499975277152,-0.8258359356997407,0.005975039029686256,-0.04869066436575866,0.005291393743912853,-0.47525056965639945
500,chunks,9006,39,-0.7595756982113251,-0.15814328213261825,-0.8493133290583694,0.010606556593164316,-0.0533590993059767,0.0026800071697941144,-0.9576445798447952
500,chunks,9006,40,-0.7876533377440029,-0.21242387418629272,-0.8618239987908736,0.014023445070567096,-0.05618313832002288,-0.001250290785340627,-0.9849252302996239
500,chunks,9006,41,-0.7748021905951672,-0.2586553683120577,-0.843261098149543,0.015146124432997721,-0.054982869118746315,-0.000879482598972893,-0.9655914340297114
500,chunks,9006,42,-0.7608921885448449,-0.32385328404151265,-0.8009666321469877,0.016623485093967334,-0.052512531426694806,0.0012142477479315378,-0.90125682653564
500,chunks,9006,43,-0.7345522700268239,-0.369469908891647,-0.7324608522194699,0.017192242872609537,-0.049281393086531615,0.0019079769419825116,-0.7600990325123553
500,chunks,9006,44,-0.6923653528180936,-0.35963994336454824,-0.6659357670068634,0.017463598688825785,-0.045045593797856824,-0.000562080058095285,-0.47435502907151894
500,chunks,9006,45,-0.5730625965084514,-0.32134136137823743,-0.5732021493532361,0.016142110253211824,-0.03916438846432401,-0.012550106670985342,0.2691634885721156
500,chunks,9006,46,-0.43620115850108176,-0.2859627747105082,-0.4912760431849084,0.014206125875060923,-0.03415096163673773,-0.024697932783846806,0.8753372897101177
500,chunks,9006,47,-0.3491886013316795,-0.25509926636402847,-0.4264244099710088,0.013345142241148468,-0.02952949418960289,-0.031097508597112338,0.9822559102045468
500,chunks,9006,48,-0.27020900425819144,-0.22989154136828832,-0.35412165412946467,0.012300384148951368,-0.023850929271177802,-0.03684327394749718,1.0042774483180426
500,chunks,9006,49,-0.1925233986572536,-0.2053220073046252,-0.2884090403762396,0.011677417076623226,-0.017272444899031066,-0.0398263123231072,1.0161425504770278
500,chunks,9007,0,0.4997638087304342,0.05196008431305077,-0.09166020355323617,-0.005293896199905475,0.0030117238791456113,-0.04572584182847979,1.102605045582003
500,chunks,9007,1,0.5058254280177721,0.027046217821784083,-0.1216455322422859,-0.005365002444659618,-0.005494348737529385,-0.04293947396046276,1.127481749359835
500,chunks,9007,2,0.5082328061415105,0.016602425170369306,-0.14336452012891723,-0.008274427751308107,-0.01564776583831067,-0.04145326124291679,1.1220346978845015
500,chunks,9007,3,0.49312548910469783,0.023566840743512854,-0.16953076010660384,-0.014838303449439216,-0.025770338153289232,-0.041131133583134714,1.110548008931648
500,chunks,9007,4,0.4733753533438048,0.030243031062532302,-0.20097698674524272,-0.02143585587251486,-0.03266527370000017,-0.04112714280278339,1.1028670284902518
500,chunks,9007,5,0.43454827807776963,0.03650397337361294,-0.2380854871977863,-0.026095613139234506,-0.03435313195130921,-0.04036726850066405,1.094559034049725
500,chunks,9007,6,0.35815854186394125,0.045184072797840966,-0.2867613031965741,-0.029222234964015166,-0.03377705566453461,-0.037285828758932424,0.9434086907697095
500,chunks,9007,7,0.2863773163197454,0.04884052405928084,-0.3277375266072021,-0.030152953088355562,-0.03113558976986537,-0.03368743216003711,0.20705137334649232
500,chunks,9007,8,0.20550967478250637,0.04941385515514808,-0.3775081764077169,-0.0305716787528851,-0.03210026315424361,-0.031421393424146585,-0.1251805657207276
500,chunks,9007,9,0.11456064755949368,0.0532870105159642,-0.43667362199952275,-0.03110101968654351,-0.038309701194298634,-0.029165620129280253,-0.3492120309278649
500,chunks,9007,10,0.05836310638811947,0.05340242173249635,-0.47258177305700955,-0.031762067783868086,-0.04988159346255357,-0.027693391534449482,-0.27965049891152083
500,chunks,9007,11,-0.00833020759614679,0.05500601094319185,-0.5132673731179851,-0.03304617981999941,-0.07908495069655828,-0.026350052468884326,-0.36986493825875344
500,chunks,9007,12,-0.06581913102224607,0.05815422331655114,-0.5385664993842547,-0.03229183992959259,-0.10083522956197907,-0.025426390071973656,-0.3771077870678128
500,chunks,9007,13,-0.1166062288081389,0.055866806804386035,-0.5557882240985584,-0.029935222242228443,-0.11655248190092765,-0.02489525130150233,-0.34212304696815976
500,chunks,9007,14,-0.16062004991621975,0.05267647884310249,-0.5620457285222851,-0.02576117068527596,-0.12011774758273228,-0.024075281442252447,-0.2447726978297714
500,chunks,9007,15,-0.2086078451984839,0.04677152274628561,-0.5400652741914205,-0.019886243755035855,-0.10602677999769379,-0.023250173398661943,-0.36164383913927967
500,chunks,9007,16,-0.25103578551814604,0.0378835070932263,-0.4941313477104595,-0.0106636496017205,-0.07152612098758801,-0.022538321778174396,-0.5594386357372633
500,chunks,9007,17,-0.2634350053055491,0.03218192541714654,-0.44380473489967026,-0.002444813241165602,-0.024967007915922216,-0.021833328355245693,-0.9283379832547545
500,chunks,9007,18,-0.2512195683487622,0.02525162621643119,-0.40104370278072793,0.00373317999695564,0.011303542856354269,-0.022089750198772448,-0.9932111766736147
500,chunks,9007,19,-0.20897172725808077,0.022809971309701096,-0.38543651823524516,0.004667396251064107,0.034357280892614916,-0.02453909928875781,-0.9667115229713696
500,chunks,9007,20,-0.16372328566851535,0.01794800447350199,-0.3875613772628566,0.0035513569295063325,0.03693674381532121,-0.025835438501390195,-0.9665303043710192
500,chunks,9007,21,-0.14005547705647517,0.006158491687695777,-0.4031265892156586,0.004611465233838901,0.027345210995001874,-0.02532730682005271,-0.9618840575369219
500,chunks,9007,22,-0.10965234730896492,-0.03657919015577782,-0.4127577555123185,0.010912622637157423,0.012396721994729715,-0.024312756914001747,-0.9636155971366263
500,chunks,9007,23,-0.08069687300418993,-0.10034872484352766,-0.4357594316723919,0.02184019492783854,-0.014370601344379404,-0.02087741297857891,-0.9692396226647417
500,chunks,9007,24,-0.06055251964081981,-0.13665079840727634,-0.45200563433864943,0.024904597226096767,-0.029852056671138414,-0.016529769224036497,-0.9722263693036981
500,chunks,9007,25,-0.05612836962166784,-0.15193631340144725,-0.4564407382985891,0.021947149581493276,-0.03624020062492439,-0.011947374262645073,-0.978461138065265
500,chunks,9007,26,-0.050344609461616396,-0.1537070693162595,-0.45418250711597136,0.0177680375322144,-0.03752437213178701,-0.009230675672092091,-0.9848654529213692
500,chunks,9007,27,-0.02319301654597042,-0.13441797513255932,-0.4455403808793144,0.011756083593797066,-0.03112481808350376,-0.008762646306563177,-0.9864399442610432
500,chunks,9007,28,0.027077149143746343,-0.11514366823102612,-0.4235647941453479,0.007191853860980622,-0.020642806511590055,-0.008763817751397958,-0.987008477827009
500,chunks,9007,29,0.07537434890651823,-0.09854726771431149,-0.3965234019676528,0.004765009538982663,-0.01235578526824936,-0.008549565736391908,-0.9982647821701782
500,chunks,9007,30,0.2183162214605598,-0.05278186872245105,-0.35670345533902476,-0.0017620490854616967,0.013886101091233435,-0.008603561475362238,-0.9817169418584175
500,chunks,9007,31,0.3443016270136593,-0.015276349803446498,-0.31407201255692796,-0.009553840200864017,0.03899418234007177,-0.008125701589559362,-1.0058865747538155
500,chunks,9007,32,0.42395698441854635,0.016792688200918338,-0.2592323029764727,-0.017780400881907236,0.05361420068169842,-0.005415546480042454,0.33090199518364627
500,chunks,9007,33,0.3811772781995687,0.028568153068665877,-0.2593656473166396,-0.020238584634462486,0.06094830298863739,-0.0017500562524476251,1.192010427001061
500,chunks,9007,34,0.340638483812774,0.03274577152773807,-0.2601904129350435,-0.02051468847049346,0.059909903137441434,0.0009742042767776349,1.113755943660557
500,chunks,9007,35,0.3178505142854856,0.02698383661572805,-0.23557126214059074,-0.01822971916769119,0.06216660238332096,0.0019278674633282991,1.1294417871036377
500,chunks,9007,36,0.2982505033481083,0.01931422963916503,-0.19732033669607707,-0.015426420462541529,0.06669295475652351,0.001839989430937057,1.1254739604558879
500,chunks,9007,37,0.27876146993843454,0.015064928069397451,-0.15490317943685172,-0.013472218155779366,0.069807968591381,0.0010819946858287438,1.1120134389796346
500,chunks,9007,38,0.25845095725031203,0.006367612023789243,-0.1227970179181962,-0.012639069573205895,0.06839091146379656,0.00034884724729995764,1.1091535571513331
500,chunks,9007,39,0.2546601610015744,0.0024555309030591665,-0.09978807513132501,-0.01219540938342689,0.06450160528889384,-6.338550137829219e-05,1.1044246595437515
500,chunks,9007,40,0.2618936621729342,0.005002295219745045,-0.08869159527931839,-0.012455798976846306,0.059907272122094485,-8.718156735048471e-05,1.1055124427622502
500,chunks,9007,41,0.2808747016374591,0.009258920014966768,-0.07528510344426363,-0.012350845709628775,0.05535100355674108,0.0004063398365233631,1.098408426029907
500,chunks,9007,42,0.3019305658368976,0.01477421010199377,-0.05684174055218413,-0.01233745157541632,0.05192802163724318,0.000943921553585983,1.0985596380370308
500,chunks,9007,43,0.3249701939719967,0.022787015814527536,-0.029905071244895408,-0.011978797188891529,0.049900042746097974,0.0012756611805012086,1.095762716997661
500,chunks,9007,44,0.34504275321721695,0.02756771597287444,0.019185707389450343,-0.011369071139245126,0.050731923369119566,0.0017729460694599283,1.0959563744804686
500,chunks,9007,45,0.3529274122335624,0.02808096141220301,0.06837031938457061,-0.011022456318594729,0.04926817345740726,0.0021572892518384804,1.1020073897035538
500,chunks,9007,46,0.3556689146938818,0.017967812390042873,0.11615788239398428,-0.010980612343376592,0.044649894181810486,0.002185403927873225,1.1024929777357877
500,chunks,9007,47,0.35578868591764645,0.012878579110062488,0.14953007109727084,-0.010983276952719803,0.03613294928112826,0.0010084952645718764,1.0899667872930257
500,chunks,9007,48,0.35603899026015,0.005408311738673871,0.1900006068198713,-0.010386705995814432,0.025571446223474854,-0.002126448471563236,1.0775132847273725
500,chunks,9007,49,0.3542657152669627,0.00883983435522745,0.21126619196286983,-0.010029857700407057,0.020537013833655388,-0.0058085924484883485,1.0085853693397095
500,chunks,9008,0,0.5855909684480491,0.19905001093285868,0.059460197170127266,-0.02304125683222626,0.06351179410053163,-0.02932868918423829,-0.9524572710998274
500,chunks,9008,1,0.6142060165683473,0.19297801488005795,0.04862470395637386,-0.025749913863043282,0.06380851072542364,-0.028687452083548823,-0.9541649940715091
500,chunks,9008,2,0.6350333168976797,0.18753957641092184,0.03909830225237945,-0.027859584524439776,0.06233382662346065,-0.027359343986367225,-0.9642266940823752
500,chunks,9008,3,0.6389566054356338,0.18347910843442714,0.027658642911641274,-0.027941503880460034,0.05737021497615662,-0.026258701627085497,-0.9686806393308047
500,chunks,9008,4,0.6027630164290194,0.17377368703098944,0.007647854711858984,-0.02257112787716552,0.04460904766854915,-0.02548617309811283,-0.966740881092051
500,chunks,9008,5,0.5632117884179428,0.16108142475201234,-0.0020515552933114967,-0.017194955508779648,0.03594586474425935,-0.025521430090789485,-0.9691042687589497
500,chunks,9008,6,0.5178946404351279,0.14157750656623996,-0.012763675786829132,-0.00900126068651319,0.03178373388529904,-0.02591847995277515,-0.9766085109557623
500,chunks,9008,7,0.49064277771614023,0.12886916135751547,-0.01368509797220848,-0.004398653079814237,0.028232501575058182,-0.026753246952424075,-0.979153706743507
500,chunks,9008,8,0.45812950399450575,0.11493695026101877,-0.02272289029957758,-0.0013033738103159817,0.02268406551495096,-0.02729300873706635,-0.9794425717863557
500,chunks,9008,9,0.4180214020891276,0.10210487070837099,-0.03991120939174097,-0.0007198704538483789,0.0169485623291058,-0.026760241745695933,-0.974792905733384
500,chunks,9008,10,0.34774091918770733,0.09376392464220656,-0.07818056216736866,-0.002319399859770304,0.010192051077336034,-0.024016216363180857,-0.9774332501291201
500,chunks,9008,11,0.2919477164948724,0.08841173475670036,-0.11969898024275952,-0.0035701072173375693,0.006963830068895779,-0.020041206806497704,-0.9794267726370733
500,chunks,9008,12,0.2469454983950183,0.0874887759779012,-0.17705035591518398,-0.003901070680469382,0.005171930637175911,-0.015929395004085644,-0.9851249598435365
500,chunks,9008,13,0.20767915363395467,0.08378529411760727,-0.268253712363425,-0.003892493700614859,0.001731614969509897,-0.013398304853903194,-0.9772739616912063
500,chunks,9008,14,0.15461289956360486,0.075224985762058,-0.3934702504893259,-0.0038654374870111968,-0.004345720950717059,-0.011692742369341612,-0.9748584604124957
500,chunks,9008,15,0.04741467491052891,0.039575812955361,-0.5670157396590603,-0.0033008769953819135,-0.018310877637918856,-0.008537897184203672,-0.9709784723185917
500,chunks,9008,16,-0.022548837681534206,0.005180728424560466,-0.6666032675232015,-0.0026473883892957606,-0.031023701973096295,-0.0067056001043449345,-0.9692257099810453
500,chunks,9008,17,-0.09603616665968262,-0.0492929292017118,-0.7574670604118352,-0.002004248091614623,-0.04548978270208534,-0.004822474120526308,-0.9671615629177179
500,chunks,9008,18,-0.10815198386047523,-0.07360674186576655,-0.7625461613488054,-0.0002589570943378743,-0.05148538303524726,-0.004872586170184316,-0.9629230284583843
500,chunks,9008,19,-0.08437130174930149,-0.07403443231541448,-0.7343780734708307,0.0008225876054760886,-0.052154086538795205,-0.005810928781563685,-0.9624757003063156
500,chunks,9008,20,-0.07111568069539584,-0.07141742136687232,-0.6950055007193917,0.0013580904970645052,-0.052931543835537186,-0.006752737645756415,-0.9590112062577172
500,chunks,9008,21,-0.06878887232899777,-0.06100351310856078,-0.6584257047344936,0.001971105319896166,-0.05485612382354743,-0.007593647081428009,-0.9532330800720497
500,chunks,9008,22,-0.08084584218797686,-0.05020424827697664,-0.6304329059745272,0.003357135343384857,-0.05846578402019155,-0.008365786585810022,-0.9213896588853019
500,chunks,9008,23,-0.09482474925712728,-0.04302685359125033,-0.6083224450842258,0.004722269548837331,-0.05945636129831655,-0.009666562427201,-0.874402399399137
500,chunks,9008,24,-0.11692157399912737,-0.04080233936079858,-0.5908909964807152,0.004798984675175834,-0.05379539129502416,-0.01140065046770206,-0.6355935418326535
500,chunks,9008,25,-0.17089988061166844,-0.02861485856250015,-0.5807244501549496,0.0017217678792142868,-0.03942699087993069,-0.015769914591699827,0.3202823434997105
500,chunks,9008,26,-0.2374058094196015,-0.01812870386845833,-0.5932681639166816,0.0010879455118309547,-0.039671423813082585,-0.020516602505637867,0.7132921950068901
500,chunks,9008,27,-0.2605827419999753,-0.012599485569942559,-0.5896584653164525,0.0006083658256549524,-0.04063465787730043,-0.022216583142982974,1.0548165098382056
500,chunks,9008,28,-0.2617965248526004,-0.010437106090844056,-0.5833671936776732,0.0007452444093891428,-0.03831780123934103,-0.021090252047529574,1.0627052373022545
500,chunks,9008,29,-0.25765037841570104,-0.01271895272672624,-0.5792761314664869,0.0008235281477361957,-0.03300570000191341,-0.017595321783794297,0.9774301543795364
500,chunks,9008,30,-0.26501256187654654,-0.024116454662284653,-0.5805137249315235,0.0002965495062659594,-0.028141207988665335,-0.011597374520814559,0.535772482054159
500,chunks,9008,31,-0.2909563848775311,-0.0849426019593773,-0.5836396678446057,0.002479410604069392,-0.027229243901450977,-0.008395761149073117,0.35313867880201466
500,chunks,9008,32,-0.33607530453312034,-0.141577977157832,-0.5687859872989397,0.009090605577004262,-0.030663442458435344,-0.008374637988013123,0.3587774276045079
500,chunks,9008,33,-0.3712013352265407,-0.15139611285919713,-0.528523228426787,0.020653858665331832,-0.036587455959319046,-0.012400616322666286,0.28138996679490946
500,chunks,9008,34,-0.3793860813780807,-0.13770852565912056,-0.467863180253728,0.037473379045144646,-0.04154471834752847,-0.019654362283422502,-0.48731864372202316
500,chunks,9008,35,-0.357927657301873,-0.13075923536316503,-0.44103971734286795,0.030999948515514526,-0.03445559839165209,-0.02413740735806118,-0.17788169365853868
500,chunks,9008,36,-0.31606226073393184,-0.137041492485255,-0.4191985040981268,0.025509675247132175,-0.019022840063652867,-0.03851041916096589,0.6863965014356944
500,chunks,9008,37,-0.2744451461389689,-0.1355100370452828,-0.39959004364309714,0.024591980977077914,-0.009446462665559985,-0.04482782445711262,0.9661869373913697
500,chunks,9008,38,-0.17262604522903757,-0.13161422193493644,-0.37640623591451877,0.02636743416472426,0.005753172226138994,-0.04876134497830872,1.1211016048440507
500,chunks,9008,39,-0.06746205346540218,-0.11726216468990325,-0.35609520043064563,0.02645621697946321,0.01541946457371374,-0.05154417009991309,1.1306966404305923
500,chunks,9008,40,0.08222070174030419,-0.08813259896720282,-0.33252429358189567,0.019043262850114023,0.0182514314560627,-0.05374328677131965,1.141276528957099
500,chunks,9008,41,0.1352716796979893,-0.053774644597767374,-0.3290756150870537,0.012813776485614476,0.015437030470294818,-0.05374449974125119,1.1354864944574201
500,chunks,9008,42,0.06294791741487679,-0.05470011721453494,-0.35834058115745254,0.013389775814714481,0.0144695016604371,-0.051322857725692936,1.1199042297654183
500,chunks,9008,43,-0.016060850533327342,-0.05883130360760269,-0.41304241257891594,0.01608593863215264,0.013674118637073945,-0.04901548294151393,1.110977179852452
500,chunks,9008,44,-0.08941292452103258,-0.062311624255307424,-0.48456757676970785,0.017570198686179782,0.013685474563608187,-0.04794815463748699,1.1052032982143527
500,chunks,9008,45,-0.10826628385239903,-0.06624343583538608,-0.5457496260341128,0.017981748419478968,0.012925788227878737,-0.04688096620747016,1.0794456150078817
500,chunks,9008,46,-0.11105457166486285,-0.06653204133390875,-0.5932524207175713,0.017888783160171406,0.009636547009090425,-0.045095486488671614,0.9343053152765064
500,chunks,9008,47,-0.1186226215092665,-0.06217351103986743,-0.6306647704759104,0.017059868580130977,0.005127748925048307,-0.042600372370999104,0.9847479312435876
500,chunks,9008,48,-0.124022167573243,-0.05478906623755106,-0.6567985366285771,0.0153096647337896,-0.0007438918938703163,-0.039166104809794794,0.9545164359479852
500,chunks,9008,49,-0.11986554815130163,-0.04283081647909323,-0.6667008976095565,0.01303041524031333,-0.006126705537887318,-0.03482731136468978,1.0614128904717792
500,chunks,9009,0,0.13162876019235753,0.10311583318036202,-0.0410320013923542,0.0014927255281649513,0.04024637153390813,-0.034576606871326805,-0.9331753526335285
500,chunks,9009,1,0.10009958592725494,0.10605244130630193,-0.06377347668338793,-0.0003785676658962611,0.042486770092057244,-0.03192930983064037,-0.9428561045001316
500,chunks,9009,2,0.07848249612766106,0.10825340855029343,-0.07978864929344472,-0.002963493100964355,0.03970112842551561,-0.02840604743049524,-0.9553884849080974
500,chunks,9009,3,0.06843621751286647,0.10746789403845527,-0.07646127131330194,-0.004378307994579827,0.03406769122400096,-0.026730203802022,-0.9552231833611284
500,chunks,9009,4,0.05686665225214976,0.10040350587551825,-0.06361056516892036,-0.00297473381133315,0.023285608482627902,-0.02653005174289578,-0.9567243383511486
500,chunks,9009,5,0.0511781601422389,0.09772577200899163,-0.0523435247216064,-0.001949643520201429,0.013759239721828066,-0.02691451840779889,-0.955067078333891
500,chunks,9009,6,0.04454276572956602,0.09276720197086424,-0.06892439553573375,-0.0016588066052455224,0.007992611237514519,-0.028108877446628797,-0.9586070310059274
500,chunks,9009,7,0.03469949599853149,0.08884829053408558,-0.1077178355156636,-0.002251348229112992,0.002665501605188655,-0.03035842853357606,-0.9607403877754392
500,chunks,9009,8,0.02262502903178397,0.08036857990790952,-0.17322585721755415,-0.004092013648762228,-0.008472549048881917,-0.0339658426350615,-0.9593125691350728
500,chunks,9009,9,0.00793141296100075,0.0710860747744487,-0.24775512141736047,-0.0064206767640516815,-0.021114578516419125,-0.03633214590259909,-0.957814715459828
500,chunks,9009,10,-0.001921300513442331,0.05741057793793447,-0.32349050659140266,-0.00851996240152304,-0.032157657980209184,-0.03724140127646708,-0.9562574381186257
500,chunks,9009,11,-0.0026517009357673454,0.042327423379437776,-0.3917929600427794,-0.009942163071189978,-0.03293776176885897,-0.036321382160413834,-0.9573789419094736
500,chunks,9009,12,-0.005525325519452631,0.03383307334391636,-0.4384339675565695,-0.010811757666342597,-0.02822925801256304,-0.03509196829056253,-0.955116362247324
500,chunks,9009,13,-0.016028375251261787,0.014278329156867053,-0.4836095502556553,-0.010688040424799674,-0.02026390547936795,-0.03482050561988473,-0.9588725510371499
500,chunks,9009,14,-0.033379610589239245,-0.007435315977190049,-0.5300661731989476,-0.009659661360482694,-0.012092823022602582,-0.0354885111092615,-0.9565717704468848
500,chunks,9009,15,-0.05537077555197517,-0.02785091939949999,-0.5818040553320956,-0.008455188412217759,-0.011534699546430676,-0.035193811868651996,-0.9640643401378843
500,chunks,9009,16,-0.08648016368560157,-0.04475369831958945,-0.6161078186371488,-0.007300610293433967,-0.01879853439790511,-0.03427164656075593,-0.9589234856079705
500,chunks,9009,17,-0.12865902752997194,-0.05966620764187869,-0.6313510738236946,-0.007317181491908761,-0.02495908198218954,-0.03291467223792661,-0.9628169147691745
500,chunks,9009,18,-0.15697118970010732,-0.0717056466209964,-0.633063077189834,-0.007599248084643553,-0.02874916985996078,-0.03214763130512844,-0.9631154479481512
500,chunks,9009,19,-0.1776171268195057,-0.08057726951553915,-0.6370807082249583,-0.007918807472871568,-0.030730881572401905,-0.0314810791941381,-0.9634311951255996
500,chunks,9009,20,-0.2005976728734714,-0.09245358364766579,-0.6420582849980552,-0.007720809265855999,-0.03115346132852352,-0.03142429253155953,-0.9608896543649277
500,chunks,9009,21,-0.22069197259108914,-0.0952094683004451,-0.6450387563009844,-0.0075035018199821855,-0.030357532756389898,-0.03144665051786514,-0.9598886485633826
500,chunks,9009,22,-0.24973457129729099,-0.09907845505600271,-0.6427537672428472,-0.007822238624323245,-0.02926474053203606,-0.031075370256713246,-0.9615745592767269
500,chunks,9009,23,-0.2756736272843944,-0.0972732236490525,-0.6445897691631092,-0.007857776513665374,-0.02770999714800666,-0.031031570021762045,-0.9564420759378507
500,chunks,9009,24,-0.2883885895139427,-0.08940275608972076,-0.6379393523177727,-0.007795991714524792,-0.025635463794496327,-0.030703204035766762,-0.9560107827432627
500,chunks,9009,25,-0.29631013871725503,-0.0893049065311527,-0.6336114189341081,-0.0076962864231406485,-0.024520037099878326,-0.030712538167219645,-0.9586382755921947
500,chunks,9009,26,-0.2962969210878572,-0.08529006084092472,-0.6282950574169077,-0.00790337289315795,-0.02332449598794583,-0.03031735584182226,-0.9525406292979066
500,chunks,9009,27,-0.29413941394172416,-0.07972248010752994,-0.6197856079642717,-0.008219774746655605,-0.023853896901723546,-0.029961485762629393,-0.9526316512624287
500,chunks,9009,28,-0.2858460376556796,-0.0766395289394678,-0.6090417368315592,-0.008655384863352877,-0.02413431477345524,-0.029675028160960112,-0.9537092947284029
500,chunks,9009,29,-0.2773081713395169,-0.07114932089962125,-0.6017148630915921,-0.008932263631212776,-0.024247103112609615,-0.029436311307370972,-0.9506751506415996
500,chunks,9009,30,-0.2704926415841218,-0.06741551806932197,-0.5990477537695389,-0.009048908057454199,-0.024137193413776018,-0.02931611363651566,-0.9413471678395693
500,chunks,9009,31,-0.2568076281434945,-0.06288983515428978,-0.5927886360851261,-0.008919978774416727,-0.023937950103778027,-0.029109390777210767,-0.9163452499084697
500,chunks,9009,32,-0.24758381742082297,-0.060744186428728836,-0.5880801956982319,-0.008676098666151051,-0.024224471544200613,-0.028755981606383506,-0.8104733230539954
500,chunks,9009,33,-0.23871919397135016,-0.06038095444620323,-0.5753181354470734,-0.008643329673852902,-0.023885420721634194,-0.02814201338107382,-0.6470588311915164
500,chunks,9009,34,-0.22548170201568962,-0.06034785910040086,-0.5511776363167344,-0.008410479845248946,-0.022460139736520432,-0.027306257428462696,-0.3925006388245753
500,chunks,9009,35,-0.20036163345886987,-0.05610379645345817,-0.5138289825406612,-0.008226150357665458,-0.0191445245234491,-0.026086223859415274,-0.03153104939762752
500,chunks,9009,36,-0.18142728906213562,-0.05135302293759214,-0.4773527133880746,-0.007698594032639283,-0.015418465112543932,-0.024217948561515185,0.474637438097959
500,chunks,9009,37,-0.18261750769841628,-0.05578427849364348,-0.46723456488289533,-0.00721943305962891,-0.015736376887539708,-0.022520708580555927,1.0290486279271605
500,chunks,9009,38,-0.1710074273339272,-0.05085821231003179,-0.4255354755180689,-0.0065055478135352405,-0.014603310782676522,-0.02138747557691552,1.0950908994408641
500,chunks,9009,39,-0.14953674264247208,-0.04235221552941312,-0.3694405934940652,-0.005746675899937379,-0.012214410753893411,-0.02133045943353909,1.0887435912166854
500,chunks,9009,40,-0.12589988350691805,-0.03587625909406103,-0.31872752130441095,-0.0050422558368126355,-0.007837496183257155,-0.021454610730711785,1.0701629073799142
500,chunks,9009,41,-0.07448158974666697,-0.027343110046758518,-0.2779466554184309,-0.004294869240971605,0.004875036031833969,-0.022827583416640363,1.0718172197946938
500,chunks,9009,42,-0.03183176659908074,-0.019479613634734078,-0.23312815962778538,-0.003906578399078091,0.013112354299958693,-0.02560834976765824,1.0783662029804204
500,chunks,9009,43,-0.020047419374867106,-0.018880249880689953,-0.19395223779102724,-0.0037788935378183196,0.013085568242242655,-0.028047913140763506,1.071796114960951
500,chunks,9009,44,-0.038837769255709365,-0.025429339988702365,-0.16104491849892325,-0.0038128870317715503,0.005317425785862001,-0.029046037685516345,1.0614517398724401
500,chunks,9009,45,-0.05207660644824169,-0.02668899109931877,-0.12249296695481504,-0.0036806760061803335,-0.0007807802766905802,-0.029520477761048283,1.0380424115602298
500,chunks,9009,46,-0.062684747167886,-0.028992511665920068,-0.08770113666250512,-0.0036277060565937788,-0.0005801730947664133,-0.02893768231659622,1.0326453514229241
500,chunks,9009,47,-0.06402994792591737,-0.029555442373329827,-0.06071410858845124,-0.003242298554801639,0.005862119476343838,-0.02618290302678723,1.0560414155239832
500,chunks,9009,48,-0.06129267077335632,-0.028588100623340773,-0.024246392498985414,-0.0018964634328507808,0.022953438925935807,-0.018296952766651525,1.0030444662014752
500,chunks,9009,49,-0.052773330806595464,-0.026509290413174763,0.004262274180235337,-0.0005569269755537789,0.03675714606477044,-0.011094304530218403,1.0377899788840097
500,executed,9000,0,0.12702128291130066,0.01270844042301178,-0.35384559631347656,-0.060831040143966675,-0.02494068257510662,-0.0016080448403954506,-0.9280568957328796
500,executed,9000,1,0.2343350201845169,-0.01900073140859604,-0.29954013228416443,-0.053577225655317307,-0.017287306487560272,-0.007793422322720289,-0.8803172707557678
500,executed,9000,2,0.4132066071033478,0.04752885550260544,-0.1211758479475975,-0.04155154898762703,-0.036594316363334656,-0.012298396788537502,-0.4401228725910187
500,executed,9000,3,0.5518182516098022,0.06830509752035141,0.0690111443400383,-0.030892884358763695,-0.049078330397605896,-0.019345389679074287,-0.07350768148899078
500,executed,9000,4,0.5652843713760376,0.07813926786184311,0.2123366743326187,-0.024502752348780632,-0.05389321595430374,-0.024403095245361328,0.9379547238349915
500,executed,9001,0,0.49802613258361816,0.12087354809045792,0.015930280089378357,0.003357680281624198,0.01142030581831932,-0.04020125791430473,-0.9328626990318298
500,executed,9001,1,0.5099419355392456,0.15709279477596283,0.04061591997742653,-0.017040163278579712,0.02153300866484642,-0.04227412864565849,-0.9251142740249634
500,executed,9001,2,0.4900040030479431,0.16228942573070526,0.07068966329097748,-0.03709704056382179,0.028730738908052444,-0.044047657400369644,-0.9063093662261963
500,executed,9001,3,0.47247931361198425,0.15173454582691193,0.09340061247348785,-0.049157604575157166,0.03357981517910957,-0.045706603676080704,-0.8125922083854675
500,executed,9001,4,0.4517225921154022,0.1402217000722885,0.11491856724023819,-0.0551140122115612,0.037843238562345505,-0.04777780920267105,-0.6228496432304382
500,executed,9002,0,0.4594813585281372,0.21658702194690704,0.14485684037208557,-0.0034037563018500805,-0.007603413425385952,-0.042385395616292953,-0.7041224241256714
500,executed,9002,1,0.37981170415878296,0.1903056651353836,0.06924654543399811,-0.002363891340792179,-0.009912106208503246,-0.03785102069377899,-0.7621838450431824
500,executed,9002,2,0.2864024043083191,0.15964381396770477,-0.04182787612080574,0.00015704224642831832,-0.01212251279503107,-0.03221394866704941,-0.8466628789901733
500,executed,9002,3,0.203696608543396,0.1369296908378601,-0.1507260650396347,0.0036662702914327383,-0.015509151853621006,-0.026926372200250626,-0.8944150805473328
500,executed,9002,4,0.10315471887588501,0.06920168548822403,-0.3017551898956299,0.01564175821840763,-0.024088885635137558,-0.013169484212994576,-0.9404862523078918
500,executed,9003,0,0.4194524586200714,0.03245607390999794,0.6198111772537231,0.004430617205798626,0.09500089287757874,-0.02132047340273857,-0.9523105025291443
500,executed,9003,1,0.38015785813331604,0.02911156415939331,0.5770285725593567,0.0038211988285183907,0.08718042075634003,-0.02051856555044651,-0.9497687220573425
500,executed,9003,2,0.3407277762889862,0.027920132502913475,0.5224870443344116,0.003700981382280588,0.07909324020147324,-0.019409632310271263,-0.9616496562957764
500,executed,9003,3,0.30073270201683044,0.02214781753718853,0.4626365005970001,0.0028251302428543568,0.07201376557350159,-0.01823580637574196,-0.9650317430496216
500,executed,9003,4,0.2744300663471222,0.0177869014441967,0.4056704640388489,0.0017247488722205162,0.06644738465547562,-0.01675213687121868,-0.9735565781593323
500,executed,9004,0,0.03344840928912163,-0.029035719111561775,0.06361915171146393,-0.013662932440638542,-0.01536649838089943,-0.02757480926811695,-0.376766562461853
500,executed,9004,1,0.03026597946882248,-0.02089122124016285,0.03945266455411911,-0.01749296858906746,-0.01980874501168728,-0.027191611006855965,0.12131740897893906
500,executed,9004,2,0.019558845087885857,-0.013022641651332378,0.008946084417402744,-0.020787343382835388,-0.02178405225276947,-0.026337018236517906,-0.011465775780379772
500,executed,9004,3,0.0063546509481966496,-0.003913196735084057,-0.026012606918811798,-0.022177210077643394,-0.022295748814940453,-0.024661440402269363,-0.2510879933834076
500,executed,9004,4,-0.01853577047586441,0.0030813850462436676,-0.0743623599410057,-0.022648770362138748,-0.023425020277500153,-0.022290244698524475,-0.4848393499851227
500,executed,9005,0,0.72708660364151,0.08181734383106232,0.11255931109189987,0.002104021841660142,0.037176474928855896,-0.03974250331521034,-0.952980637550354
500,executed,9005,1,0.7194001078605652,0.0757908746600151,0.07603099942207336,0.0015294445911422372,0.047956038266420364,-0.03856160491704941,-0.9565193057060242
500,executed,9005,2,0.6954091191291809,0.07003539800643921,0.033942725509405136,0.001248875050805509,0.053070347756147385,-0.03772488236427307,-0.955466091632843
500,executed,9005,3,0.6658692955970764,0.06195620074868202,-0.026708923280239105,0.0014187570195645094,0.058309704065322876,-0.036318663507699966,-0.9672115445137024
500,executed,9005,4,0.63798588514328,0.05502333492040634,-0.08574273437261581,0.001068614423274994,0.06110166758298874,-0.03489646688103676,-0.9696831703186035
500,executed,9006,0,0.515314519405365,0.21469305455684662,0.6768426895141602,0.0013616628712043166,0.05802612751722336,-0.014549290761351585,-0.939604640007019
500,executed,9006,1,0.5352514386177063,0.2095990926027298,0.6039196848869324,0.001788692083209753,0.056726086884737015,-0.011289821937680244,-0.9429804682731628
500,executed,9006,2,0.5436971783638,0.20484685897827148,0.5140620470046997,0.00212862272746861,0.05462944135069847,-0.008341547101736069,-0.9453862309455872
500,executed,9006,3,0.5382357239723206,0.20042873919010162,0.4043515622615814,0.0015440585557371378,0.051878057420253754,-0.005933873821049929,-0.9435980916023254
500,executed,9006,4,0.5180681943893433,0.19447045028209686,0.2737318277359009,0.0006833146908320487,0.04748706892132759,-0.004760900977998972,-0.9551260471343994
500,executed,9007,0,0.4997638165950775,0.05196008458733559,-0.09166020154953003,-0.005293896421790123,0.003011723980307579,-0.04572584107518196,1.0
500,executed,9007,1,0.505825400352478,0.027046218514442444,-0.12164553254842758,-0.0053650024347007275,-0.005494348704814911,-0.04293947294354439,1.0
500,executed,9007,2,0.508232831954956,0.016602424904704094,-0.14336451888084412,-0.008274427615106106,-0.0156477652490139,-0.04145326092839241,1.0
500,executed,9007,3,0.4931254982948303,0.02356684021651745,-0.16953076422214508,-0.014838303439319134,-0.025770338252186775,-0.04113113507628441,1.0
500,executed,9007,4,0.4733753502368927,0.030243031680583954,-0.20097698271274567,-0.021435854956507683,-0.032665275037288666,-0.04112714156508446,1.0
500,executed,9008,0,0.5855909585952759,0.19905000925064087,0.059460196644067764,-0.02304125763475895,0.06351179629564285,-0.029328688979148865,-0.9524572491645813
500,executed,9008,1,0.6142060160636902,0.19297800958156586,0.04862470552325249,-0.025749914348125458,0.06380850821733475,-0.028687452897429466,-0.954164981842041
500,executed,9008,2,0.6350333094596863,0.18753957748413086,0.03909830376505852,-0.027859585359692574,0.06233382597565651,-0.02735934406518936,-0.9642267227172852
500,executed,9008,3,0.638956606388092,0.18347911536693573,0.027658643200993538,-0.02794150449335575,0.05737021565437317,-0.02625870145857334,-0.9686806201934814
500,executed,9008,4,0.6027629971504211,0.17377369105815887,0.007647854741662741,-0.022571127861738205,0.04460904747247696,-0.0254861731082201,-0.9667409062385559
500,executed,9009,0,0.13162876665592194,0.10311583429574966,-0.04103200137615204,0.0014927255688235164,0.04024637117981911,-0.03457660600543022,-0.9331753253936768
500,executed,9009,1,0.1000995859503746,0.1060524433851242,-0.06377347558736801,-0.00037856766721233726,0.042486771941185,-0.03192931041121483,-0.9428561329841614
500,executed,9009,2,0.0784824937582016,0.10825341194868088,-0.07978864759206772,-0.00296349311247468,0.039701130241155624,-0.02840604819357395,-0.9553884863853455
500,executed,9009,3,0.06843622028827667,0.1074678972363472,-0.07646127045154572,-0.004378308076411486,0.03406769037246704,-0.02673020400106907,-0.9552232027053833
500,executed,9009,4,0.05686665326356888,0.10040350258350372,-0.06361056864261627,-0.0029747337102890015,0.023285608738660812,-0.026530051603913307,-0.9567243456840515
1000,chunks,9000,0,0.3927629456747874,0.06052887775193873,-0.1952449463603694,-0.06254369116168648,-0.012991291548743195,0.012623296493356757,-0.9700722614127406
1000,chunks,9000,1,0.530889484161488,0.05829647697099789,-0.17994966351669336,-0.05437875318466843,-0.004735691593097417,0.006314830020669453,-0.9653138877803784
1000,chunks,9000,2,0.7446995185327714,0.17703052255420992,-0.06614786263541264,-0.04134436857489125,-0.02009654968846092,0.0027506741423459907,-0.9515511780980754
1000,chunks,9000,3,0.8877396204637585,0.23663563467183088,0.03132893613954116,-0.03153922801217526,-0.031328570876423614,-0.002162146941584342,-0.9528722935287366
1000,chunks,9000,4,0.923821654122805,0.26589769444274786,0.10226645621796226,-0.025988222586426,-0.03796597645035117,-0.005568221147623217,-0.9525403934897083
1000,chunks,9000,5,0.8656786747239626,0.2777642348855184,0.13162604837205902,-0.022111791722657637,-0.05682335721329992,-0.009627590031130454,-0.9556101446144465
1000,chunks,9000,6,0.7630658840596853,0.2815064735082158,0.10188946779191888,-0.021083407190071703,-0.0817685476590406,-0.016384649938533787,-0.9541324525401516
1000,chunks,9000,7,0.7151061852683269,0.23010241624667774,0.04158585287857376,-0.010087205780472655,-0.09217583839510105,-0.018362923032207237,-0.957305841368018
1000,chunks,9000,8,0.6456910598413074,0.1670575745709005,-0.04696010162657074,-0.0016014999277877183,-0.09021375096183597,-0.017522122873106054,-0.9664478894057329
1000,chunks,9000,9,0.5796433602427029,0.0973308741179398,-0.12849966497151522,0.007101136841394478,-0.08396590977056607,-0.016732958079054373,-0.9729302567754559
1000,chunks,9000,10,0.5098391453645026,0.02560375365420564,-0.20937150528140622,0.014918853801089517,-0.07937815414213407,-0.0161333269397823,-0.9791763443305386
1000,chunks,9000,11,0.4292675101096659,-0.05681541680383881,-0.30055074626387235,0.021950763326090663,-0.07483162807184479,-0.014591375521967983,-0.9777082024882724
1000,chunks,9000,12,0.37432789181149473,-0.11467903774221236,-0.3630835397600638,0.022491634495429458,-0.068707939851829,-0.013352024040803715,-0.9773526037253206
1000,chunks,9000,13,0.3270134372399475,-0.16090757441154402,-0.431846189729601,0.02075445919046189,-0.06358049333121459,-0.01191049123460074,-0.9711618131927262
1000,chunks,9000,14,0.285106329300546,-0.20290841302619778,-0.5252890301586924,0.019375161777827627,-0.06195577557909203,-0.01116943435790577,-0.9726716930860815
1000,chunks,9000,15,0.24954220280869677,-0.24015340819967113,-0.6430427077947148,0.017110707857778625,-0.062342515489391945,-0.010147090846853259,-0.9732493052676798
1000,chunks,9000,16,0.19369346620983313,-0.2694997132295625,-0.768768340926472,0.015116264559783158,-0.06702177628393463,-0.00900480974318301,-0.9747323030264352
1000,chunks,9000,17,0.11811768858778113,-0.31175325945488774,-0.8855707510544202,0.01475054985685733,-0.08006635811237114,-0.006611961011161748,-0.974106468068296
1000,chunks,9000,18,0.008739169017670398,-0.3616531543743962,-1.0028338861824777,0.017554409450165426,-0.10142274302723245,-0.0037509452251328554,-0.977404127816637
1000,chunks,9000,19,-0.04116148086877172,-0.3757673757896801,-1.0598529718758025,0.01821837135366126,-0.11174421623329989,-0.0020080888326222054,-0.9792803357459641
1000,chunks,9000,20,-0.07259614547230575,-0.37786688819488,-1.0955592150139586,0.018493583080671436,-0.11818724007191098,-0.0006715445842050555,-0.9764513447916328
1000,chunks,9000,21,-0.07016354190011281,-0.3535138399421421,-1.08460128087709,0.017316692862192312,-0.11471021400187464,0.0007038496705237748,-0.9694734264933005
1000,chunks,9000,22,-0.050518858264470196,-0.3253756699484224,-1.0473587685282335,0.015365583252114338,-0.10532257326352294,0.0010468185578141956,-0.9770882627350894
1000,chunks,9000,23,-0.0326853329368737,-0.3045744142071965,-0.9966874185977053,0.012868796645468182,-0.09459423674889167,0.0017804118447502515,-0.9908118282564837
1000,chunks,9000,24,-0.009933079899952652,-0.2614946954856367,-0.8917262862768427,0.00941553714888905,-0.0772669190918189,0.005383749930159443,-0.9876008280209976
1000,chunks,9000,25,-0.012704773448186157,-0.22664952129348664,-0.7904073959183276,0.0075324395245184705,-0.059821824806568155,0.00863772644890931,-0.9845237668421138
1000,chunks,9000,26,-0.043579566716871965,-0.19882287004408555,-0.6604174697554929,0.006253099724821522,-0.039403236293573965,0.01072977830769227,-0.9710745641593761
1000,chunks,9000,27,-0.09394960495877366,-0.16180179657199856,-0.4393570030026351,0.002516738570312712,-0.018440845926917752,0.015061414137435516,-0.20211408101069422
1000,chunks,9000,28,-0.2169419216712261,-0.07591205098935375,-0.06021568057351161,-0.01646303395872212,-0.0023531601691100003,0.02089776648639203,0.5409025778350278
1000,chunks,9000,29,-0.2409746776982381,-0.035138275132045454,0.1233086325707605,-0.025749859180353742,0.002901023908422876,0.02303052605318362,0.8913262645920407
1000,chunks,9000,30,-0.2432068319481015,0.01634928098279574,0.19748349399413034,-0.026158126389917904,0.009620933093748368,0.02133316368246551,0.9749648386189467
1000,chunks,9000,31,-0.2308076843881815,0.05527984324267339,0.25365545093815955,-0.026192967074968383,0.01491771060135014,0.019060665608498124,1.0036074582747823
1000,chunks,9000,32,-0.20495494024332073,0.0766694215672587,0.33901713481196366,-0.030855525657755095,0.015671113453368652,0.018471254014090673,1.0050363380520408
1000,chunks,9000,33,-0.17034578747546408,0.09903298183568236,0.4255489055355384,-0.039490044200575926,0.011305883686185004,0.017005929512978323,1.0004091327299518
1000,chunks,9000,34,-0.1305299360233697,0.1262834994471674,0.4971847449723721,-0.05086237502191455,0.00667337371287342,0.014144347674314717,0.9941099293782146
1000,chunks,9000,35,-0.10716828165510014,0.14545360706075436,0.5303730775871098,-0.05689390067609992,0.0027712326325888686,0.012019779479240954,0.9851841174582892
1000,chunks,9000,36,-0.08165941255703191,0.17375689994494842,0.5754761191849951,-0.06206557697159019,-0.0018833140288234945,0.011261627375871254,0.990576992000076
1000,chunks,9000,37,-0.04150028193488012,0.2215346508759785,0.6402518735169641,-0.06863431161727766,-0.0065247046462160755,0.011581484268520237,0.9893891671534722
1000,chunks,9000,38,0.0031987974186206553,0.2675408431540216,0.6875765419687939,-0.07295551897887295,-0.0060532344343238636,0.012984542979813732,0.965757884374665
1000,chunks,9000,39,0.07236676039864928,0.3178783148775411,0.7226714705662349,-0.07619863993017711,-0.005346535973853854,0.014267117715637441,0.9875189723332005
1000,chunks,9000,40,0.15546527414792755,0.3701766506320372,0.7334146741428015,-0.0771893902734583,-0.006614152397016846,0.015588752268788031,0.9935951600814483
1000,chunks,9000,41,0.21900984003714252,0.40842132241250484,0.7222316623253674,-0.07225835530865031,-0.010278592848125516,0.016205330018599078,0.991849236181651
1000,chunks,9000,42,0.2699401468650492,0.436414323544722,0.704772510141797,-0.06307780042587288,-0.012653577514121436,0.018037919959666512,0.9926179119558763
1000,chunks,9000,43,0.300388003481437,0.4529442798735661,0.6929864726057943,-0.056567948100283275,-0.006189706748026016,0.01888138646708567,1.0014079573056631
1000,chunks,9000,44,0.33817186109606534,0.47255573680850743,0.702257158583605,-0.05297147073388958,0.00500809963300574,0.01801811467404564,1.0078867286003628
1000,chunks,9000,45,0.39005029809394587,0.49056785763676697,0.7259633568112811,-0.05177230435005397,0.016082267638432134,0.014354123720996821,1.0200800168192536
1000,chunks,9000,46,0.4534758511479681,0.49764845899836574,0.749857138315988,-0.05123125507138353,0.018912222567868724,0.008556748139173675,1.0280787488077836
1000,chunks,9000,47,0.534545964377062,0.4965064864875471,0.7526049663020303,-0.04952679251366201,0.014924520288130471,-0.0007225068055808428,1.0351661410621507
1000,chunks,9000,48,0.5934394595522583,0.4933763990971868,0.7377541784996636,-0.048030074180594844,0.010418848469382958,-0.007484718010513241,1.0462385150106899
1000,chunks,9000,49,0.6597027220740201,0.48891379450294137,0.7066601920336966,-0.045548854954479766,0.005204129622054264,-0.014604510565731105,1.049788017914755
1000,chunks,9001,0,0.6564504629673253,0.20232404195277054,-0.046261031267493875,-0.00016201015405044013,0.005762570367723891,-0.016451769793610196,-0.9628046527428658
1000,chunks,9001,1,0.7238369711917114,0.3014770501529277,0.0037027369630957263,-0.01995190672863682,0.012150992899605431,-0.017508314685669213,-0.9545431125173931
1000,chunks,9001,2,0.7281582692750027,0.3283788343599737,0.04518589972952507,-0.037914570295669095,0.014911283959451207,-0.019868476609949837,-0.9666762696457321
1000,chunks,9001,3,0.7209141416351995,0.3236992087960199,0.07334900875124406,-0.05110273512733633,0.016590761653052174,-0.022506539780436742,-0.9680973677524485
1000,chunks,9001,4,0.7190174479303536,0.3012767740198827,0.10056343704495468,-0.05809295144510622,0.02045402077602012,-0.026396108718631614,-0.9691745396020264
1000,chunks,9001,5,0.7260914798475783,0.2709573531583942,0.14584199027956354,-0.054669340121615,0.02527814991853388,-0.03448152532741423,-0.9652081278034661
1000,chunks,9001,6,0.7452182563160237,0.23011716127946713,0.20075087536564984,-0.038050717693726,0.02214489695669771,-0.05070807101887089,-0.9526130224147675
1000,chunks,9001,7,0.7579690072634223,0.18627330623114494,0.17491684192254467,-0.012918953545446718,0.00976402744093037,-0.06768450094838013,-0.9606150557180726
1000,chunks,9001,8,0.7355285061002081,0.15140359923372348,0.0788729524150163,0.005458516499637559,-0.00040091195941444925,-0.07564970950503325,-0.9618954942345368
1000,chunks,9001,9,0.6854378076489954,0.11156908689419424,-0.09846876166808013,0.023889230298346734,-0.006415409173391784,-0.0768319683492218,-0.9612948907536096
1000,chunks,9001,10,0.6145637954056266,0.07100945552813472,-0.3053495014343548,0.033551220954019446,-0.008522219861869846,-0.06978546540424563,-0.9801338435195075
1000,chunks,9001,11,0.5310664053812145,0.02390335703625668,-0.5079991590878162,0.0404496140995119,-0.008307900447019834,-0.06111903346634291,-0.9796833319567626
1000,chunks,9001,12,0.4288048208532591,-0.035622199503305696,-0.7135084325669384,0.050981053269438026,-0.00858197292879713,-0.05612272726815176,-0.9880498068304537
1000,chunks,9001,13,0.39041607612497276,-0.041137672670969044,-0.764443912212574,0.045021127566575225,-0.013367778237470457,-0.05543551532875996,-0.9737758649743582
1000,chunks,9001,14,0.3525076802726985,-0.0395194088431135,-0.7987970746724325,0.039788837853272474,-0.01842187359786812,-0.051792057443290934,-0.9810316832343209
1000,chunks,9001,15,0.29996020009934243,-0.039449936783180234,-0.8425384129918008,0.03710926420147853,-0.024666190002401153,-0.045041728972624775,-0.9890446816188445
1000,chunks,9001,16,0.2472230505555018,-0.03908369101171777,-0.8787629022179814,0.033470649916887016,-0.033840927431221926,-0.03959095353852672,-0.9847659418617103
1000,chunks,9001,17,0.1839372576811778,-0.043498511559874886,-0.914924418647721,0.02816973186584762,-0.045639197289810335,-0.03763331732517495,-0.9933479454285963
1000,chunks,9001,18,0.09684766764399581,-0.06060053854482059,-0.9372256893364256,0.023719379615181814,-0.05570246729269679,-0.03983343496996644,-0.9829982057035753
1000,chunks,9001,19,-0.004711249558016273,-0.09745016404252535,-0.9454835813813709,0.01699957388428039,-0.07364531872846791,-0.04581261835304131,-0.9892064460428398
1000,chunks,9001,20,-0.10894742513128516,-0.14140452937957576,-0.9419611657472334,0.01072206518182584,-0.09370771612773837,-0.05461269772208523,-0.9835736956113894
1000,chunks,9001,21,-0.12136647136278492,-0.14675115995114346,-0.9133912090693566,0.006027973435524608,-0.09866262994783662,-0.059977193840017116,-0.980254105700612
1000,chunks,9001,22,-0.12895846461781907,-0.14207612548622434,-0.8953448299960066,0.004268536026463574,-0.09595109005471367,-0.06117473829087444,-0.9851478332387662
1000,chunks,9001,23,-0.1532516368349614,-0.13241135502562013,-0.8754886505811258,0.0020291923974518496,-0.09043067817719162,-0.05933609005674355,-0.9889418692444103
1000,chunks,9001,24,-0.18966091516282851,-0.12547552819799945,-0.8677602418193295,0.0009776364657635107,-0.0831863863529487,-0.0547831036059805,-0.993666758112622
1000,chunks,9001,25,-0.208545079515715,-0.12114034772665616,-0.8537262089616147,0.00018070735319823412,-0.07551469382387489,-0.050205381310739754,-0.994821628763521
1000,chunks,9001,26,-0.21158845674143434,-0.12172243148525369,-0.8328805444493002,-0.0013150126301941674,-0.06773899106751198,-0.04506174625479223,-1.0048110535616253
1000,chunks,9001,27,-0.18131654627375193,-0.12319087902006848,-0.8110551856630269,-0.0032756706190472996,-0.06170057869785896,-0.04222157169627168,-1.002865871734312
1000,chunks,9001,28,-0.16395417887494967,-0.12240777272275466,-0.793537288538607,-0.006711783967730177,-0.06042225346186286,-0.039371018049093716,-1.017585019468692
1000,chunks,9001,29,-0.15540356440802894,-0.11766736438753145,-0.78864899740004,-0.007315977691557577,-0.06751873639157047,-0.036615964475093,-1.0081794557694392
1000,chunks,9001,30,-0.15057134716652537,-0.10891343417591234,-0.7907079074433929,-0.007751022233008741,-0.07712157870874145,-0.03329039104017707,-0.9958598922603885
1000,chunks,9001,31,-0.14211410477831524,-0.09564910124083364,-0.7804495721475501,-0.00706201409534052,-0.07454288187579795,-0.028630951725584726,-0.900431733649985
1000,chunks,9001,32,-0.1158137669210047,-0.07303723433857393,-0.6549392258728833,-0.005604404821833156,-0.045304021411170334,-0.02792077203662443,0.9986001301371241
1000,chunks,9001,33,-0.08326188760968098,-0.05585676434251363,-0.5008968067316262,-0.006681090574090752,-0.026179832477200012,-0.026754546250846233,1.1835080087010823
1000,chunks,9001,34,-0.05371311870227724,-0.040926749694763814,-0.3305760587845845,-0.009472110671894594,-0.008596551849131382,-0.023799362473033377,1.1580465005916056
1000,chunks,9001,35,-0.03723510460591728,-0.020652569022474115,-0.1810841334645901,-0.014199759622404648,0.0010954799537309448,-0.019508097779461907,1.1370829159595308
1000,chunks,9001,36,-0.04641673447848868,0.0129652044173095,-0.026848623708097548,-0.025178653179582657,0.013390897573255688,-0.012189395639723374,1.093030879021006
1000,chunks,9001,37,-0.10363350474846231,0.010879831470486503,0.07169572251111478,-0.03245066033309579,0.029953270733045337,-0.009213720319427483,1.081703360601967
1000,chunks,9001,38,-0.142023134263416,0.011125469351969564,0.14660274004504845,-0.03949687484968089,0.039419300252175146,-0.00865782166363296,1.0720644646905524
1000,chunks,9001,39,-0.15519854669739663,0.007272861271802669,0.18190075869249545,-0.03919841985489063,0.04705386451173529,-0.009074359909185311,1.0709852884712894
1000,chunks,9001,40,-0.15057450711890874,0.008674554789977751,0.220365900122782,-0.03674190470554767,0.05430967863554176,-0.00942760516515696,1.0810811806709006
1000,chunks,9001,41,-0.1292153597181508,0.022720972995744437,0.27735416697403237,-0.03256733756895094,0.06468991634321127,-0.009720555980639922,1.0786785309389944
1000,chunks,9001,42,-0.1059697207445274,0.051920158651199796,0.3381658060219161,-0.0276541650952722,0.07219761923336604,-0.009688428668939774,1.0827749909588862
1000,chunks,9001,43,-0.08710345075056611,0.09160692139641022,0.3848803837859652,-0.022276383493451263,0.07386637167028798,-0.009254126424101793,1.075964614385406
1000,chunks,9001,44,-0.05123400063100128,0.16821065514725178,0.4527894797783014,-0.016278547063110882,0.07246025647123466,-0.008572522558303361,1.0802934633846673
1000,chunks,9001,45,0.029413744334097436,0.29708365003922393,0.5248187879335332,-0.010501100619971877,0.0725450448099302,-0.008256267421415046,1.068541843921087
1000,chunks,9001,46,0.057223871326435444,0.32056458663912846,0.5205431464479734,-0.008508983679825744,0.07530704602975148,-0.005748298007999662,1.0807347784276806
1000,chunks,9001,47,0.09434101510191656,0.34349974577893694,0.5170088816922441,-0.006475791056249527,0.0769249270111122,-0.0032013081168227493,1.0799184104453605
1000,chunks,9001,48,0.2365958778940743,0.404056623709331,0.5512882235682889,-0.0035581363954157413,0.07609960071161667,0.00012257043848613175,1.0753342990715002
1000,chunks,9001,49,0.38679966410561967,0.45273046985655685,0.5688396097593673,-0.0016924536453014466,0.07594327970860594,0.0023418683069157606,1.0778638725661116
1000,chunks,9002,0,0.6790344079118733,0.2962781374886456,0.035826234080418115,-0.00521479690830298,-0.005551097417078871,-0.021804894591625358,-0.9388288541864243
1000,chunks,9002,1,0.647695914202018,0.26673761206983476,-0.029986123686957633,-0.004309320313454762,-0.0055222104162254955,-0.01823900667966092,-0.9529432717964079
1000,chunks,9002,2,0.6059136875808069,0.22972866416912474,-0.13434937603454372,-0.0010812488194935966,-0.005455953324594952,-0.014614998930958929,-0.9669137285013636
1000,chunks,9002,3,0.5683980106107365,0.19192463931410855,-0.25228092956864023,0.0024631760947259156,-0.006405467417606525,-0.010490617044652761,-0.9654065604022881
1000,chunks,9002,4,0.5190948806346815,0.12111772437806533,-0.4009878505831778,0.014992816044600264,-0.009317127948271475,0.0005812501006508819,-0.983950399208084
1000,chunks,9002,5,0.47433095905827416,0.08041194185247358,-0.4489675306884473,0.017406644324124882,-0.01345177727156191,0.004646522104491596,-0.9861418826984629
1000,chunks,9002,6,0.4843390880193662,0.07749980491812937,-0.4257553240088238,0.01367433359454851,-0.01281516441696627,0.0044955281105637165,-0.9905968890837846
1000,chunks,9002,7,0.5035808145270828,0.081896444150784,-0.3780939847406862,0.00846394195486314,-0.010553949884454556,0.005187856378982052,-0.9934272948873053
1000,chunks,9002,8,0.49785732820163514,0.08648233947048772,-0.31998619841772596,0.003559464028821441,-0.009483795515862571,0.005999973623882368,-0.9898687133676076
1000,chunks,9002,9,0.4819688709356562,0.09320181427687893,-0.2656791708269528,-0.0010660595307016346,-0.008653683573562262,0.0056651939227783735,-0.99410206004658
1000,chunks,9002,10,0.47334241761153484,0.1116641743997004,-0.22145207415199952,-0.007302180467805076,-0.006663817648115714,0.005893389628168572,-0.9999880684829443
1000,chunks,9002,11,0.4749699917145432,0.13667469866500814,-0.19774661301756802,-0.014721262183107982,-0.005465233457403259,0.007343647075752975,-0.9963280894380018
1000,chunks,9002,12,0.4836490988738067,0.16560576977008656,-0.17775824357835612,-0.023601727839859147,-0.005609384079864255,0.009725850084285025,-0.9894594682395554
1000,chunks,9002,13,0.47380189274494605,0.188440628887425,-0.17357197117184425,-0.031151737099911612,-0.0068300958834725655,0.012640055148194634,-0.989817778796787
1000,chunks,9002,14,0.4451384160972642,0.19837679526673468,-0.1918038613166884,-0.03378237130692882,-0.00793556728031455,0.016425609729228872,-0.9803110533804877
1000,chunks,9002,15,0.39026622215451845,0.20152765526775812,-0.23664266194010858,-0.03385603670155349,-0.011269346172130351,0.021580443448111872,-0.9825064277061379
1000,chunks,9002,16,0.32021970212756223,0.2007909106208194,-0.2849109905414319,-0.030569335209047623,-0.018478748024474634,0.02504760981360342,-0.9806276258866302
1000,chunks,9002,17,0.2212685378870261,0.19916809794330678,-0.32759939811465544,-0.02784194701351893,-0.029751284914210183,0.02607117285118169,-0.9783092775855959
1000,chunks,9002,18,0.14137966902944415,0.19248549276045201,-0.35634661876413926,-0.025429652974026586,-0.039125186335654524,0.02532033353590374,-0.9825738688508356
1000,chunks,9002,19,0.11207577386066231,0.1939447228893827,-0.37162021994048944,-0.026604382445087553,-0.048531882589570495,0.02279873296309557,-0.980260000905568
1000,chunks,9002,20,0.11026926971105509,0.18678300272275342,-0.3556488278876756,-0.02844171612658118,-0.052340254089432894,0.02049780986763349,-0.9813378801797406
1000,chunks,9002,21,0.14649106354979985,0.16333925965828044,-0.2888511572487788,-0.025941051736065278,-0.045173960262806255,0.016750445262425674,-0.9714312240592198
1000,chunks,9002,22,0.16402222657648574,0.13653270554839003,-0.20730522430560774,-0.023183597435464328,-0.03827343767762327,0.01287725961404932,-0.9677526161666161
1000,chunks,9002,23,0.160219792674542,0.10469029320557922,-0.12035447865588907,-0.021668482283272974,-0.031559442473118086,0.011836596978733495,-0.9670944754853175
1000,chunks,9002,24,0.16113262166217604,0.07437226657355218,-0.03279080520476913,-0.020371072979407802,-0.022331148405426104,0.015966477662062627,-0.9610346764068476
1000,chunks,9002,25,0.15606304685450528,0.03590360971763179,0.03284783498302542,-0.01875156076106968,-0.014288579924580904,0.022464045054310725,-0.9644547206100771
1000,chunks,9002,26,0.16159841670035396,-0.005721385475276813,0.08061296532444898,-0.0160352106570155,-0.007720934465107035,0.02847205341112799,-0.9608296411784747
1000,chunks,9002,27,0.15601395022290326,-0.028607718417682365,0.04739581653607486,-0.015575866690694825,-0.007072783834386996,0.02848181836545971,-0.972440011531307
1000,chunks,9002,28,0.1417986696870422,-0.05279628984334536,-0.0431749331118771,-0.01941130116093294,-0.01396643289197608,0.022809940368156686,-0.9707212055743077
1000,chunks,9002,29,0.11770779762148253,-0.09326841922757226,-0.15048011930237973,-0.021137661792271834,-0.02648482229115908,0.01700837730815548,-0.9756466493151257
1000,chunks,9002,30,0.06546117651454611,-0.1520283325459038,-0.2878108266248902,-0.017955066766476895,-0.048991223046885246,0.011167142482033106,-0.979778244756556
1000,chunks,9002,31,0.01525280595079477,-0.21624248560060133,-0.4018484417147514,-0.011013630532502794,-0.07399076330524143,0.0058903910790765596,-0.9728635230553528
1000,chunks,9002,32,-6.185813297845955e-05,-0.2609056828291095,-0.46922783190522316,-0.0038723603155071014,-0.08528588243184823,0.005034322797557875,-0.963745763262057
1000,chunks,9002,33,-0.03125304389115696,-0.3052260686076084,-0.5349086532969942,0.0011741808944185643,-0.09351616273391987,0.005297014930694677,-0.9655292985694741
1000,chunks,9002,34,-0.08829580009759669,-0.3209971979481444,-0.5949459550303376,0.002876944382857913,-0.09609481313718078,0.007537757233301301,-0.9822519906602327
1000,chunks,9002,35,-0.13728121943259344,-0.3334991831134466,-0.6280931773124164,0.0024757593627706045,-0.0991480368027872,0.010513559314418865,-0.9883590692824507
1000,chunks,9002,36,-0.16839012003070924,-0.3425237628380998,-0.6428710902355096,0.002658091760413924,-0.10139096964777787,0.01395031619589708,-0.986918516999379
1000,chunks,9002,37,-0.17847208353634736,-0.348371640025752,-0.6266529805570636,0.006652923145939257,-0.09643090987119221,0.021931592779463084,-0.947988941551305
1000,chunks,9002,38,-0.19059205381741529,-0.33660437153726275,-0.5882573762253205,0.012119715667432657,-0.0948177415026147,0.03087343664329817,0.2946856583405905
1000,chunks,9002,39,-0.19817086555679309,-0.3183707231390153,-0.5402538031729915,0.01266135083206247,-0.09490857343832779,0.03369438945308384,1.0708153886644547
1000,chunks,9002,40,-0.20341403911997025,-0.28485465803428905,-0.47894055131105484,0.010686546431425052,-0.09217545921935986,0.03524217405422657,0.959368307530951
1000,chunks,9002,41,-0.1974874129984494,-0.24672234143203908,-0.4021886172008259,0.00862581755834913,-0.08057920490973429,0.03657988100535285,0.3237542655065536
1000,chunks,9002,42,-0.2131802421265923,-0.22115814435419257,-0.32260707947666745,0.009150076907786615,-0.06943357001537637,0.03883991280816802,0.7721040565939918
1000,chunks,9002,43,-0.2015520146069874,-0.19495834763942982,-0.26622115688042003,0.009281273178896205,-0.05708132826806793,0.038780243429662076,0.9731657399704454
1000,chunks,9002,44,-0.1562822839667935,-0.15026628000288128,-0.18606470033292422,0.007974674058463012,-0.032170563497399975,0.03288194874953511,0.974264016653766
1000,chunks,9002,45,-0.11775134138125595,-0.11574870748479721,-0.07587529609129612,0.0072946276324293,-0.0010065523465802376,0.02454212262526982,0.957768702618164
1000,chunks,9002,46,-0.08314090657557524,-0.06298779737786483,0.10014529656399332,0.0006877643096873652,0.053087897014663696,0.011186654906445277,1.0144798668712105
1000,chunks,9002,47,-0.03988439965569021,0.016515842112499915,0.26523716066380226,-0.009546286177894553,0.06783503208894998,0.005257570459839968,1.0200971718656762
1000,chunks,9002,48,0.02002572442871578,0.09398588878909653,0.4378966915684145,-0.024021367486485302,0.06354506870639005,0.005299930429593182,0.9819209446589415
1000,chunks,9002,49,0.13842278421467505,0.1903958174186747,0.6603050376245988,-0.03792501000228377,0.06182046909958898,0.0068474702512182,0.9410201895296977
1000,chunks,9003,0,0.6644573128281177,0.09876528977908161,0.4523204659560456,-0.0003177652022142215,0.08011095504549592,-0.0025846276470355145,-0.9660816792738602
1000,chunks,9003,1,0.6593095878837887,0.09697735949226682,0.43787783310728945,-0.0005688149922600163,0.07751611615957087,-0.0019477725368194365,-0.9652226300076581
1000,chunks,9003,2,0.6507720465912997,0.09662235205525127,0.40874262326277266,-4.90888377854895e-05,0.07368907218902558,-0.0007537970587516638,-0.9669619512779046
1000,chunks,9003,3,0.6486449833292715,0.09289783704646548,0.37159963240935157,-0.0005409736914707998,0.07112627752237023,0.0012402512006259858,-0.9677482537149487
1000,chunks,9003,4,0.6674585092037368,0.08873881535510905,0.3399046228932538,-0.0012573887931370247,0.07026675576164484,0.004087974584630366,-0.9698138156274654
1000,chunks,9003,5,0.6768421232326526,0.07908989193189381,0.28640205608811,-0.0015785261675489396,0.06840241828679923,0.00797862262895803,-0.9674348646194826
1000,chunks,9003,6,0.6742844036029494,0.07292340866682723,0.20836137702315582,-0.0013847916479550197,0.06448446499773654,0.011948290746879607,-0.9723580681824173
1000,chunks,9003,7,0.651396561523476,0.06504368849379669,0.09561200622091026,-0.0007351800445573314,0.05920742203980697,0.01686042557394777,-0.9702762355042216
1000,chunks,9003,8,0.6074160914556926,0.058626008033308544,-0.04459024949337105,0.00030289426061528646,0.05092453303821706,0.022387586423527187,-0.9709518259921901
1000,chunks,9003,9,0.549825363392237,0.05531972665514673,-0.18053224532829026,0.0013541549057801035,0.04239552802748126,0.026695434929423875,-0.9739113367842493
1000,chunks,9003,10,0.49327427771977717,0.054163192192175025,-0.2906259108926438,0.0014056894347662038,0.03518950586911574,0.029048010874186722,-0.9755550378301079
1000,chunks,9003,11,0.4399653393063854,0.054787483079015,-0.355613530856455,0.0014326003486519424,0.031182117403957987,0.02920684655480714,-0.9670151260266084
1000,chunks,9003,12,0.3686763260022922,0.05851711730405576,-0.43269943774356834,0.002205719055828461,0.026871991931731988,0.0282109436027307,-0.9715796653200144
1000,chunks,9003,13,0.27425727381119447,0.06432813895129737,-0.5411879367399846,0.006298418394369357,0.02026981101033177,0.024756872941436935,-0.9721322818325988
1000,chunks,9003,14,0.1902147288016053,0.06447313881528943,-0.6688275646017301,0.008911397904477578,0.011236709262831525,0.022352067167081553,-0.9750112641249578
1000,chunks,9003,15,0.1185143619246819,0.059748764118873005,-0.8036965473764452,0.009597587540090593,-0.0001865112926198991,0.020743782685497765,-0.9768215636628756
1000,chunks,9003,16,0.023604379531305397,0.04287218685447092,-0.9117243213727522,0.016079825107461945,-0.019899842599874575,0.019044488305014824,-0.9745868093681187
1000,chunks,9003,17,-0.043598363919335276,0.01981523684210966,-0.9510942238996071,0.022050513925988998,-0.04285653486123509,0.015908696582693345,-0.9726270074325143
1000,chunks,9003,18,-0.09474361973679338,0.011600507270803723,-0.9549396810787378,0.02099768310645307,-0.052169114279394524,0.011716633159738865,-0.9789016277795843
1000,chunks,9003,19,-0.13996826237069446,0.012762576402243667,-0.9496747770144597,0.016239750101293873,-0.061769155339049045,0.005126115116701156,-0.9732625105267814
1000,chunks,9003,20,-0.16561923904166004,0.02720766677679623,-0.9336653898910017,0.010023125105374396,-0.06694608042474691,0.0012589659060741748,-0.980297730217287
1000,chunks,9003,21,-0.20739135381524443,0.07197837458822158,-0.9131133388235769,0.003355911622911055,-0.07819747826691181,0.002508744557586838,-0.9718851548408391
1000,chunks,9003,22,-0.23752686268119033,0.10455746116234174,-0.8862459840961163,-0.0006586438087317562,-0.08593551881241124,0.004153680400885693,-0.9464829524932208
1000,chunks,9003,23,-0.254312313059145,0.1491123591528838,-0.8436994600187608,-0.0049125125628822815,-0.08006535213591495,0.004007979764028405,-0.957036076789227
1000,chunks,9003,24,-0.2715005038825765,0.1872457742389519,-0.7908314609600849,-0.010795767666739498,-0.06873861052632199,0.00276966641028302,-0.965294079891726
1000,chunks,9003,25,-0.25762206524234615,0.18804073852825107,-0.7527795367841829,-0.015115458755471937,-0.06139802740952108,6.050790308823745e-05,-0.9869695694742988
1000,chunks,9003,26,-0.22669938515239935,0.168437703302582,-0.7081353287773267,-0.016626077428220455,-0.053838752749425955,-0.002540409975585356,-0.9889332622451743
1000,chunks,9003,27,-0.19937991750927858,0.1406273039804388,-0.6634987976661496,-0.017445986550474742,-0.04952702545315049,-0.006822696506132046,-0.989616634403685
1000,chunks,9003,28,-0.18061021566015273,0.09063806571038979,-0.6366759466817568,-0.014919299449187509,-0.048065693754073255,-0.00866008150310901,-0.981366295067629
1000,chunks,9003,29,-0.16843965002720956,0.0360964992511562,-0.6153601557536098,-0.012475437093023078,-0.050411688887000074,-0.00753170693578897,-0.9798502841611194
1000,chunks,9003,30,-0.14320260906159327,-0.016523917592063564,-0.5869061869561033,-0.009526801954429776,-0.05416839962669716,-0.003976502994113385,-0.9530661278676928
1000,chunks,9003,31,-0.1390261451386844,-0.04026957470900955,-0.5294143602520409,-0.005564009937887859,-0.04827964173146252,-0.00038124481832020607,0.6029093162720609
1000,chunks,9003,32,-0.1355000897006246,-0.025697046128428963,-0.4665516549455199,-0.005119855260359146,-0.04597440412157206,0.0007452458209259855,1.0345648301566288
1000,chunks,9003,33,-0.1111603307569162,-0.02212057998038683,-0.34550136254175035,-0.0021851009319152157,-0.03651058775064586,0.0012214031777618983,1.0592915599203778
1000,chunks,9003,34,-0.07156758999995771,-0.010201579893738044,-0.1809112503301914,-0.00177024523944263,-0.021079705955651448,0.002272519209803009,1.0827271218946426
1000,chunks,9003,35,-0.03293054524182237,-0.002921040394115282,-0.04991754224246245,-0.0035347415784674962,-0.003334525024380478,0.0030473731441939753,1.0822989531586815
1000,chunks,9003,36,0.0019860618644996914,-0.004701738995794125,0.050106567341173885,-0.008563917909738743,0.010356555311903805,0.004209586294306761,1.0662388231529385
1000,chunks,9003,37,0.0639368922265144,-0.008123206260474108,0.15741641251727892,-0.012557060381338534,0.025772386151457605,0.005365037410242662,1.0593951386714564
1000,chunks,9003,38,0.220543987890828,0.04085996166343413,0.33263020794042797,-0.014105749923726851,0.057211146883592454,0.0066696510447863955,1.0565367895964437
1000,chunks,9003,39,0.3437856880453751,0.06800744008446674,0.44628909617678225,-0.012450504130136169,0.07682258825239645,0.008807157585796546,1.046409947570813
1000,chunks,9003,40,0.4630453064907669,0.09421092657820834,0.5731797260426966,-0.008057464025197122,0.0870917119913401,0.009584179567344413,1.0493593186103478
1000,chunks,9003,41,0.5562851366798781,0.12085558811462162,0.6817008240309101,-0.00545796770396718,0.09134286015925214,0.010617909697033509,1.0483405092898352
1000,chunks,9003,42,0.6577782930156837,0.15929526189749466,0.8169475323249132,-0.0030363557341770266,0.09067606801097094,0.009984109959726054,1.0556248013897358
1000,chunks,9003,43,0.6847055654258526,0.1866487060344251,0.8932783497663631,-0.002052928184206678,0.08092661623273165,0.0106886072670251,1.0541296595087708
1000,chunks,9003,44,0.6925800945377006,0.2180830738881813,0.9544793409364112,-0.001021120515255471,0.06977201654049303,0.012048458022379006,1.0553280957242954
1000,chunks,9003,45,0.6825934171390738,0.24935461264058975,0.9844567284888073,-0.0006606030113798862,0.05866605194077075,0.014158518659965307,1.0577940599574305
1000,chunks,9003,46,0.6710176267721619,0.3015704776099715,1.0361608434069027,0.00018230018182643893,0.038607051646610026,0.012863215389220396,1.0665526249127515
1000,chunks,9003,47,0.6576410607978921,0.34452327920116066,1.0450266565821542,0.0002734921596303109,0.02063727873321531,0.011865087566170447,1.0556595830989768
1000,chunks,9003,48,0.6490319781834438,0.38539820006849135,1.028128585339311,0.0008367676080553777,0.00908139503260448,0.01138610650275517,1.0576871209395269
1000,chunks,9003,49,0.6446797667374079,0.4199419672006999,0.9876474243480531,0.0007025622266584688,0.0028213544422332343,0.01156361973478983,1.064128103970458
1000,chunks,9004,0,0.39922744986256825,0.04799650120100182,0.17196618812747078,-0.01910205336558982,-0.0027435680243347773,-0.012756766149879396,-0.9442154208589082
1000,chunks,9004,1,0.3922123375146402,0.048099420684884306,0.1589790362883273,-0.02281570011204453,-0.0038508018145451944,-0.012606633255326339,-0.9348618528673682
1000,chunks,9004,2,0.3790090272153322,0.0504879751655089,0.13555033280609866,-0.025879694633675038,-0.004414645814526601,-0.012192958055918694,-0.9380976129636702
1000,chunks,9004,3,0.3597423461122224,0.05171086931759586,0.10341139845289962,-0.027117576361705756,-0.004192382087527888,-0.010723275605178446,-0.9424700864796065
1000,chunks,9004,4,0.3340938251756804,0.054063659700065075,0.06508032454860477,-0.026834001307920907,-0.004834079959652533,-0.008862339321747004,-0.9465253979689048
1000,chunks,9004,5,0.2902665495994423,0.051962943187603056,-0.008976421159179189,-0.02344418701129121,-0.005668100700856153,-0.004396503121416283,-0.9551246155342625
1000,chunks,9004,6,0.24528767903348353,0.0490078527193451,-0.09830290873434419,-0.021088402063170645,-0.006639076431003885,0.002177536014803798,-0.9575633439205002
1000,chunks,9004,7,0.2266391207303003,0.043642421174736476,-0.18457248982786095,-0.021216554852016633,-0.006824547536402683,0.005166053517654111,-0.9668447546033774
1000,chunks,9004,8,0.21595015745712504,0.040701089920456804,-0.3006615605841112,-0.022950227340128453,-0.010167889008262565,0.0038977808993654883,-0.9632701381261992
1000,chunks,9004,9,0.22742064015375266,0.04575934032351579,-0.4302630803293217,-0.02642918379488551,-0.017939623961333865,-0.00018758925130478443,-0.9654209447023812
1000,chunks,9004,10,0.23958647488655618,0.046104405073664756,-0.527574631143297,-0.02816334061539041,-0.026436050811450132,-0.002538797053406122,-0.9550892443045258
1000,chunks,9004,11,0.24999715469598205,0.03898136421224667,-0.5415191558477668,-0.028078710560331472,-0.029686925635855635,-0.0034899031682092234,-0.9486081738798933
1000,chunks,9004,12,0.2525318427870282,0.026599486985955365,-0.4993355041654502,-0.024981536145049978,-0.025919514788890936,-0.004789170992928561,-0.9468772238006844
1000,chunks,9004,13,0.23038686037070577,0.018010456095187394,-0.4504377674703709,-0.02279070543583657,-0.024216671357524963,-0.006971382578892894,-0.937663254262505
1000,chunks,9004,14,0.19118150269064096,0.018834234460023455,-0.40285984490564597,-0.021097074737731866,-0.02217784533178393,-0.006782237948703942,-0.9477069149462054
1000,chunks,9004,15,0.14583802779025484,0.024644213955950428,-0.3474870639277567,-0.019039010473999154,-0.017617057610658123,-0.005777894474329144,-0.9486212612348959
1000,chunks,9004,16,0.10231984069928614,0.02972556772700466,-0.279299805633827,-0.016809855011230217,-0.01081955088372871,-0.0035367500339434192,-0.9518297854843005
1000,chunks,9004,17,0.07460597488498062,0.033350134791467256,-0.21117034657620662,-0.015317792518586835,-0.007232045383961957,-0.0029404146760348693,-0.9562645123645732
1000,chunks,9004,18,0.025298565430554948,0.03200088683404455,-0.14819646535653447,-0.012861702331859733,-0.005293259847648314,-0.004151500679497235,-0.9628881288450442
1000,chunks,9004,19,-0.010399019393096648,0.032263030139051185,-0.11738328360190546,-0.012774497503304687,-0.005513034750203022,-0.006721231024976189,-0.9675856639622595
1000,chunks,9004,20,-0.014677612977035709,0.027620668526158257,-0.0900107974832056,-0.012382779619139504,-0.005985543826243256,-0.010071860484721116,-0.9619320445052646
1000,chunks,9004,21,-0.020977619072174228,0.01812669821614607,-0.08075004140306684,-0.011731979839016216,-0.00586663450726702,-0.014449134581329837,-0.9650544987623102
1000,chunks,9004,22,-0.032898349841253643,0.02176294723352061,-0.1375953956093907,-0.011091278389288611,-0.007835913704908772,-0.01891712571562902,-0.9511312036970032
1000,chunks,9004,23,-0.03184293477364705,0.04314999059544873,-0.2630384021578279,-0.011943070644270483,-0.0132055374499291,-0.019783802566602976,-0.9368098643930607
1000,chunks,9004,24,-0.022980523290842603,0.0647718982475668,-0.402504176554016,-0.012343596347358182,-0.020033230241539444,-0.017880501942355503,-0.9327751861211087
1000,chunks,9004,25,-0.03093771675703924,0.07580029553711043,-0.5535307717314444,-0.011999462558450393,-0.029703413976886528,-0.014914187253080819,-0.932268670111281
1000,chunks,9004,26,-0.06549789929138916,0.0749600680812543,-0.6926227703155418,-0.00941565860675619,-0.042749367415529656,-0.01260634257964905,-0.935695199039962
1000,chunks,9004,27,-0.17630585492163625,0.0647457317996941,-0.8446372095148782,-0.0039987179497735816,-0.07158870433058337,-0.013434523480399443,-0.9403932057735738
1000,chunks,9004,28,-0.2962047588194877,0.05529415169856071,-0.9794021647901724,0.0004330374993605701,-0.09704289951745261,-0.015753230244929833,-0.9420239373685291
1000,chunks,9004,29,-0.34431678537259475,0.04949160809309487,-1.0596193272246968,0.000916715262527039,-0.10995901815243429,-0.017183896588971372,-0.9471434512565018
1000,chunks,9004,30,-0.3000416632877162,0.04462476145378065,-1.0432922390054133,0.0005012033777799596,-0.10304002816099989,-0.016204127229750075,-0.9449664699703146
1000,chunks,9004,31,-0.25245975034644147,0.044296441540295106,-0.9901418636969723,-0.0010131493414829358,-0.08593691170288904,-0.013324062351967546,-0.9635195052958418
1000,chunks,9004,32,-0.2153653762849913,0.047452061637863766,-0.9205947518113469,-0.0021414254771880917,-0.06922036491290859,-0.011561173378569576,-0.9705799564635595
1000,chunks,9004,33,-0.18863582660966682,0.04997723652258579,-0.8362031382770632,-0.0032499492489544,-0.05185992354644582,-0.010334395259596531,-0.9648995727760641
1000,chunks,9004,34,-0.1733835309575057,0.051762279768596556,-0.746213065124208,-0.004735762486659831,-0.03849319710361712,-0.008296280130435884,-0.9415850983115974
1000,chunks,9004,35,-0.1803822115530403,0.053258914679846864,-0.6748841346255057,-0.007161181934004603,-0.038800963992966286,-0.006847856343702937,-0.26198410241139036
1000,chunks,9004,36,-0.14567437798646907,0.0584559402052619,-0.5824462999742427,-0.009693913816029966,-0.040551912444638995,-0.0022258202136300684,-0.14999366023708338
1000,chunks,9004,37,-0.12378981176027692,0.05817251729706062,-0.48078211619920036,-0.009903029795010522,-0.034889073646622235,0.0011978147372734838,0.6577430346027396
1000,chunks,9004,38,-0.10419803475596712,0.059320144182917436,-0.38613928796796454,-0.00961254128690512,-0.02881632265755135,0.003261223021420921,0.9123959629133251
1000,chunks,9004,39,-0.09018460294991965,0.06186471857353,-0.2694557584636862,-0.009927216729775834,-0.02124341798375997,0.004462286177845401,1.0254668782519856
1000,chunks,9004,40,-0.07617008773162648,0.062407468161563256,-0.17039359728646034,-0.011188724504413428,-0.016239492797259374,0.005041390806131904,1.0473453986932464
1000,chunks,9004,41,-0.06491229691570505,0.0632433580146504,-0.11711541279089643,-0.014388974227117355,-0.01573304676691997,0.005150046685620656,1.0444763203452134
1000,chunks,9004,42,-0.05779166021504353,0.06427785515036655,-0.07549047083424688,-0.014679251816277385,-0.014760200549299017,0.00612354356970049,1.049193309638784
1000,chunks,9004,43,-0.05104420486242134,0.06480756376384107,-0.029226722941184488,-0.012872751359872155,-0.009359445702099976,0.008691529861115724,1.0359998409470417
1000,chunks,9004,44,-0.04208044919246487,0.06921930010743194,0.04329214029521286,-0.010296101466332488,0.0018469076096691382,0.012555623698834076,1.0446968010105717
1000,chunks,9004,45,-0.0367377461576473,0.07445885667298452,0.10258043012530557,-0.009133927140790157,0.007745783306568863,0.013956448797028419,1.0477065979009064
1000,chunks,9004,46,-0.038594732803687526,0.08662823361297274,0.13199373273431728,-0.01117525850152329,0.004681381694878126,0.012912818210060295,1.0476280148188415
1000,chunks,9004,47,-0.04147973321595291,0.0858943055912087,0.14270152802030553,-0.012408614065222562,0.0033435568206389033,0.011520949419576654,1.0334647849118213
1000,chunks,9004,48,-0.04092289543539274,0.08042933451292718,0.1504314944131091,-0.01266592033613314,0.004027636287405614,0.008948390996455523,1.0441392325258239
1000,chunks,9004,49,-0.03802075002433877,0.06949446326230849,0.15352205685045237,-0.01212702008716166,0.006096419131269772,0.006624340607632145,1.0357944520063713
1000,chunks,9005,0,0.8588480494246105,0.20998145294232723,0.1116478730714936,-0.002477975167647168,0.01080540653009272,-0.01999005553665511,-0.9800250180360179
1000,chunks,9005,1,0.8787697615714845,0.19537080838157042,0.07049829367419683,-0.0033869229415093276,0.01857385077941023,-0.019294518908129575,-0.9816319330029506
1000,chunks,9005,2,0.882068029584881,0.1790302278463453,0.03006911861781003,-0.003083543770525888,0.024131905522094668,-0.01885867586364883,-0.9861324503705333
1000,chunks,9005,3,0.87443914614288,0.15522660458330462,-0.03058252947374497,-0.002024140091707121,0.031347302607203795,-0.01750169252550245,-0.9932900545159273
1000,chunks,9005,4,0.8777672441067753,0.13901194127651315,-0.10106626435449131,-0.0016895429638553014,0.0377575664356052,-0.015372292120485218,-0.9981763540958368
1000,chunks,9005,5,0.8764420142478068,0.1354488540980507,-0.1791891084550844,-0.0009733794025609654,0.0395801945789213,-0.012014496303252891,-0.9985693284582102
1000,chunks,9005,6,0.8575652893256743,0.13671996887312804,-0.262944874760287,-3.802418614748545e-05,0.03902020230802502,-0.009566331771290761,-1.0048405295864058
1000,chunks,9005,7,0.7800513323382005,0.12467900891641599,-0.358870815441266,2.780498377062072e-05,0.03513154614867862,-0.008141898562825333,-1.0071151354666659
1000,chunks,9005,8,0.6842528435621065,0.10120304365994479,-0.46535875992742703,0.0006449735427588883,0.029692560327004326,-0.006873564749657279,-1.0183624790983017
1000,chunks,9005,9,0.6153283955411749,0.07645849154949053,-0.5519360913579674,0.001751109048059488,0.024358795773506782,-0.005996845381862768,-1.008740089760764
1000,chunks,9005,10,0.5723068175383395,0.05201045965429976,-0.6186306245723047,0.002032388991246167,0.021952178951674166,-0.006001124652359968,-1.0025645088569564
1000,chunks,9005,11,0.5127941161509709,0.017922816802877495,-0.6898323299955119,0.002525978382482602,0.01816164805734818,-0.0048834657455342,-1.0088479720114605
1000,chunks,9005,12,0.4276919397944523,-0.021892602338748957,-0.7570855520743865,0.006347356276783534,0.008059589923795362,-0.00296862988651439,-1.0040064759892173
1000,chunks,9005,13,0.31822259416440846,-0.06449835345904098,-0.8262931004004046,0.012120962432754194,-0.009961171970294655,-0.0017766935092504432,-1.0054972554185149
1000,chunks,9005,14,0.2038530832881834,-0.10591967144400616,-0.8937076485479,0.02390175888370188,-0.02603988954472402,-0.0011916792040362334,-0.9912947634464873
1000,chunks,9005,15,0.13377004324011088,-0.12829587131790116,-0.9302782656357903,0.029608952132043585,-0.020955289882862653,-0.001330163216183726,-0.9909439987515996
1000,chunks,9005,16,0.06869254833598687,-0.12216565562273995,-0.955527074857554,0.025186766153579128,-0.010061864893490983,-0.0018158975716502587,-0.9979309956655642
1000,chunks,9005,17,-0.051395573510580134,-0.11572209037689657,-0.9866018690843231,0.021367661496800548,-0.00503199035084608,-0.0003430417293053406,-0.9996951947007253
1000,chunks,9005,18,-0.17999640845233827,-0.10421365565883373,-1.0077340820723153,0.018659235695642158,-0.004121252781080226,0.0010962530927356648,-1.002138639250928
1000,chunks,9005,19,-0.28285585597122526,-0.08842561248412384,-0.9999732412077585,0.015421759560261199,-0.003658994992042539,0.0035085290134441796,-1.0138526473068885
1000,chunks,9005,20,-0.32758568617563383,-0.07205004946422933,-0.9514884158038301,0.010697000199302755,-0.006972193927048922,0.007047258419364953,-1.004739132061161
1000,chunks,9005,21,-0.3717333628666738,-0.05912535927583834,-0.9047478033500864,0.008347113951021118,-0.010020956473986195,0.010298468055352075,-1.0058417711961491
1000,chunks,9005,22,-0.42087011683552733,-0.05306788292581302,-0.8754427004664083,0.007489900297961883,-0.01103992937215713,0.01355159658791557,-1.0047016385576402
1000,chunks,9005,23,-0.5104454134447046,-0.049234258899323396,-0.8646363572043643,0.007013247698038889,-0.016034161395131353,0.015755364070158713,-1.0154276102629591
1000,chunks,9005,24,-0.6239101667545263,-0.052167083945575565,-0.8744758010185815,0.009610149716240746,-0.023417489805754654,0.016951269372459908,-1.0055519629205074
1000,chunks,9005,25,-0.6586685595592312,-0.0507872756050077,-0.9074568018203021,0.016003580252253496,-0.03424196381462032,0.010162799007658305,-1.0039746418824544
1000,chunks,9005,26,-0.6611835205189699,-0.05319599712188294,-0.9565768068971656,0.02219175462598601,-0.0516976904971849,-0.001364830115380175,-0.9975527593155811
1000,chunks,9005,27,-0.7172685222433196,-0.061748440051631936,-0.9832231449106158,0.016559881314218233,-0.09385420951460022,-0.01244288231456895,-0.9960090409457778
1000,chunks,9005,28,-0.7341326283503138,-0.06998385773484583,-0.9711239679124523,0.009583351292459205,-0.130824463341836,-0.02084305533207672,-0.9958596564521904
1000,chunks,9005,29,-0.6762390504504369,-0.08170087763021894,-0.9011706481119756,0.004890348512861121,-0.13295836381553705,-0.011965481390361788,-1.0097618466837546
1000,chunks,9005,30,-0.6161257775415224,-0.09427420791119556,-0.8101205514289244,-0.00229770352621827,-0.13225456721022913,-0.004025513535941674,-1.009167374215982
1000,chunks,9005,31,-0.5608939990744213,-0.10075313588610693,-0.7326045993095789,-0.00672816065206646,-0.12038578614034258,-0.00018084470137916253,-1.009730484193388
1000,chunks,9005,32,-0.508306540989198,-0.10655324311079667,-0.642671324058814,-0.013962871086587442,-0.10975668533397376,0.004407202044233796,-1.0001635097824377
1000,chunks,9005,33,-0.4934136673495555,-0.1075607781020283,-0.5900875370293049,-0.014325023602880307,-0.09856677586812304,0.009397570153588941,-0.9418752602995364
1000,chunks,9005,34,-0.4571993851690478,-0.10306679630333704,-0.48533918822998523,-0.010865446693296617,-0.07750861654283801,0.01485985131778532,0.7900956915515501
1000,chunks,9005,35,-0.3958151974684171,-0.09749439914089356,-0.3964514727929195,-0.01081906327366529,-0.06281500328516099,0.018209077666366195,1.059234494336403
1000,chunks,9005,36,-0.3044403170053521,-0.10430551988890563,-0.31293227169696164,-0.009095039936713636,-0.051607860668787794,0.016176332387875435,1.064804048170724
1000,chunks,9005,37,-0.21097167014994417,-0.10448029148099397,-0.22460872464779846,-0.009774798888036618,-0.04110595784702313,0.014808880354283904,1.0708597206057244
1000,chunks,9005,38,-0.1752708892601677,-0.10086284343666038,-0.1623038181309536,-0.009488052238258387,-0.03460193701290529,0.011821779075786083,1.052814557187165
1000,chunks,9005,39,-0.13855951948445142,-0.08312173828270766,-0.0685769047468925,-0.011532707525334338,-0.029153448582860262,0.006263343271755706,1.0362117146131637
1000,chunks,9005,40,-0.09892643967821052,-0.0645603896285131,0.007453762762404545,-0.011153055767207041,-0.020152236289021082,-0.0034590981030110206,1.033537767549178
1000,chunks,9005,41,-0.053806761634049266,-0.04388426246067198,0.07456467021540011,-0.00786624842463785,-0.009742587311998924,-0.017419988619339296,1.0231198792548646
1000,chunks,9005,42,-0.008236366038796405,-0.027125610250770427,0.14220577022994996,-0.004220715608047465,0.00026144228503887854,-0.028204318510458022,1.0203266132425672
1000,chunks,9005,43,0.01119808145056364,-0.018870701521347816,0.19543929800082926,-0.0009989896496169046,0.0026642634803195047,-0.03178201157032371,1.026396139409215
1000,chunks,9005,44,0.021733362696683065,-0.012358312039361358,0.2452152048059939,0.0011207395019300374,0.00421919355036433,-0.031189527118756364,1.0230097568262848
1000,chunks,9005,45,0.07669367416874759,0.006622446186467623,0.3550355617582323,-0.0012811023320471668,0.00619901712238,-0.03806898498076018,1.0244323876862897
1000,chunks,9005,46,0.17031101032644566,0.034278233911210196,0.4931567668169845,-0.005033797205921906,0.005770654936205426,-0.047311886342454,1.036295308619441
1000,chunks,9005,47,0.28966153608768896,0.07335601412740497,0.6531044432555867,-0.016002004203201022,0.0007074612925896083,-0.057474476258575574,1.0372890043668406
1000,chunks,9005,48,0.36449838141598084,0.10569643396734937,0.7776806559632602,-0.03074731330224091,-0.003540502572924587,-0.06404040707327133,1.0253173758542988
1000,chunks,9005,49,0.382239581963371,0.11372850539607787,0.8204319528884065,-0.03685302930487055,-0.005291040895734383,-0.06658727238915797,1.0301477888912247
1000,chunks,9006,0,0.5014098730691028,0.25477655976932817,0.5731382819319648,-0.009161086470322669,0.03420460461968775,-0.002195618355100515,-0.9656831634188283
1000,chunks,9006,1,0.5885218152551794,0.2726049662205698,0.48996696103260007,-0.005830838027410102,0.0363614104034681,0.002714363723530601,-0.9713529357374029
1000,chunks,9006,2,0.6572688003502616,0.2870760962948622,0.3977898070563568,-0.0031061167847684585,0.03801875274589278,0.007920067871470246,-0.9782258014834175
1000,chunks,9006,3,0.6876368455978812,0.2931853844649756,0.2978701143798933,-0.002001229607151954,0.03647479168836059,0.010805266562530579,-0.9764376679161346
1000,chunks,9006,4,0.7029705235665669,0.29853325435162015,0.17381559680033198,-0.0015683872157267386,0.034345859190697,0.012379819552360616,-0.9778239843136101
1000,chunks,9006,5,0.7199536605656245,0.3197046428070496,-0.031664693616117325,-0.0029393345816680727,0.029398505670581,0.008212054867602209,-0.9821204096856126
1000,chunks,9006,6,0.7590632536316028,0.33662230759118716,-0.22038939430463905,-0.005363584991228585,0.029229811157159197,0.0035729584793571315,-0.9735424148580969
1000,chunks,9006,7,0.8100239321161311,0.35132214762966285,-0.40463381973400725,-0.00816360937504665,0.029350714050631777,-0.000792321420883535,-0.9740557693056737
1000,chunks,9006,8,0.8388214629723505,0.3624560556982497,-0.49597330200635686,-0.008730890721071242,0.029071501416077394,-0.002870884179815243,-0.9755154220528031
1000,chunks,9006,9,0.842065921510876,0.3883891461752229,-0.5215197578247258,-0.009787600886839472,0.024819594896683,-0.005073021255627894,-0.9768841707395093
1000,chunks,9006,10,0.8435170438727976,0.4122818733756643,-0.5344393335115047,-0.01004597425137738,0.01906116125134714,-0.008679178676553628,-0.9807017875649777
1000,chunks,9006,11,0.8289801072696167,0.42712472755738395,-0.5190986707573193,-0.009711849738199451,0.011339061563538033,-0.013278089698796618,-0.972903256736757
1000,chunks,9006,12,0.8115134072715513,0.43614465985049894,-0.497501755247181,-0.00930680255786798,0.0005248785003621262,-0.01981780943531415,-0.9814376270475977
1000,chunks,9006,13,0.778456477285013,0.43845389816620484,-0.46518288669779095,-0.01096877354109094,-0.0060423544120362,-0.021884190042176704,-0.9732867987712006
1000,chunks,9006,14,0.736205494298819,0.42856805079564064,-0.4287431662441987,-0.013758431258743932,-0.006977463696023246,-0.021428320973402866,-0.9738217296689167
1000,chunks,9006,15,0.684700076137141,0.3929086465979967,-0.3947185248526988,-0.016008633307535963,-0.0053855475473677,-0.01834945141660726,-0.9996700811276125
1000,chunks,9006,16,0.6141879235838437,0.3402649503477082,-0.3822955553088776,-0.018639876835950916,-0.005857061287087343,-0.014836939645458933,-1.0078108875555842
1000,chunks,9006,17,0.547804366189065,0.29517014756055937,-0.4039395613421496,-0.023504461396428537,-0.012244493319073561,-0.012968795479443334,-0.997427898874611
1000,chunks,9006,18,0.49253073189553737,0.26045439729518544,-0.47131878464358484,-0.026738100369366267,-0.01621339302828917,-0.013250300666941696,-1.0234304688949583
1000,chunks,9006,19,0.4251698283138919,0.2234151284244701,-0.551524209215875,-0.028351974021231425,-0.01812664465738921,-0.013406426288615967,-1.0214975490939535
1000,chunks,9006,20,0.33769172890250243,0.17996539669527667,-0.6274314622826771,-0.028427373638295825,-0.02151479851123192,-0.013904213849798567,-1.013362873679136
1000,chunks,9006,21,0.22029228414084037,0.11116808044729484,-0.6896705032597816,-0.019152850459448395,-0.015857047632599323,-0.012480058203821979,-0.9988620843363298
1000,chunks,9006,22,0.12439983192351829,0.056583271750067124,-0.6597668250318417,-0.01093484449459324,-0.004036209079130427,-0.009681666634762887,-0.8359306455679534
1000,chunks,9006,23,0.043319448849178495,0.010831681263125503,-0.5859698282019569,-0.006043065451425546,0.011792501582023236,-0.00403806722835022,1.023950042016782
1000,chunks,9006,24,0.020508980460920576,-0.017655172844092598,-0.5134597961770745,-0.0036835175530832735,0.013174755793363895,-0.0017992656776340543,1.0556201441778206
1000,chunks,9006,25,0.007535136875256754,-0.04346823283924717,-0.4690751562516612,-0.002600381587003664,0.013154798768129267,-0.0017057467886783181,1.0650683891609551
1000,chunks,9006,26,-0.050043980620298995,-0.07093884858344393,-0.47168212989089403,-0.001806357687615579,0.011159278094256896,-0.0023113640984773753,1.083962167332945
1000,chunks,9006,27,-0.11258109951908676,-0.0718983037829439,-0.5049789125645201,-0.0011769806323012994,0.002539520465182448,-0.004063058780002682,1.067626082783207
1000,chunks,9006,28,-0.18154025284562303,-0.06676863784858114,-0.5476214534675443,-0.0008913194339104589,-0.012151320553529745,-0.0051945258742652906,1.0446149166137313
1000,chunks,9006,29,-0.24119547711391648,-0.05358332533277785,-0.5764323422844546,-0.0011840499322870461,-0.023848141555652104,-0.0053905265164816835,1.0147899546519012
1000,chunks,9006,30,-0.2742762060561192,-0.04034335620546006,-0.5974148001770238,-0.0020315269418828457,-0.029994185667836498,-0.005429638786562354,0.94897830355608
1000,chunks,9006,31,-0.30162850109028533,-0.028416427318944587,-0.6253978637431941,-0.001901694613286667,-0.032548677159588105,-0.00567028983544773,0.9429170306763711
1000,chunks,9006,32,-0.35022456012104,-0.022429211683901412,-0.6557421290275053,-0.0010082919562891266,-0.032969759558446096,-0.0052707506531881505,0.9800732105695524
1000,chunks,9006,33,-0.4044352947740302,-0.02058601216959663,-0.6814231808538149,-0.0007072293783890325,-0.03144125958521742,-0.0037532597028941093,1.0314506881385714
1000,chunks,9006,34,-0.4305230671487298,-0.02330108392359498,-0.6892600674893389,-0.0012996069541878785,-0.03020081323193691,-0.0017702461915963322,1.0508297595825467
1000,chunks,9006,35,-0.4538230753602177,-0.03343096369929269,-0.6961221552626415,-0.0016300341363715486,-0.030375090914690542,0.0020598451484736616,1.1048630269842867
1000,chunks,9006,36,-0.46546188420608925,-0.047424098398317516,-0.6982934928869194,-0.0016165134507918695,-0.029593037079371838,0.008957255511847069,0.907959290615417
1000,chunks,9006,37,-0.5087474897732073,-0.07244640495880905,-0.7423440765909302,-0.0002963952071415557,-0.03706646712549243,0.019123302938656377,-0.9755055181084769
1000,chunks,9006,38,-0.5622243570846862,-0.09524133841429652,-0.7765044265839474,0.005474283081394819,-0.04474451278280107,0.01409114746877696,-0.9846264613124489
1000,chunks,9006,39,-0.5989325307942776,-0.12145595057747804,-0.8059039330326081,0.009683437800307578,-0.0478895588840159,0.009966114294111157,-1.00714543682014
1000,chunks,9006,40,-0.6262613157827116,-0.170833361527085,-0.8187968899180647,0.012579222119459397,-0.049392271037704286,0.005445757827272142,-1.0186401432517338
1000,chunks,9006,41,-0.6133824332803853,-0.2219680367569175,-0.7841779288527337,0.013051908662028103,-0.04584253608472707,0.005100408896278219,-1.0007098773777685
1000,chunks,9006,42,-0.5931522375534124,-0.28642326476031515,-0.702873261826669,0.012893613212344498,-0.03927747375998997,0.007375442186679085,-0.985770484786229
1000,chunks,9006,43,-0.559005972667541,-0.3314269919724411,-0.585263831947865,0.011103078538922713,-0.03197042641601207,0.008907831904582643,-0.9909419943819144
1000,chunks,9006,44,-0.506381317428548,-0.31565549647063235,-0.4609764485327015,0.009152429825799441,-0.02486316986537273,0.005912967618522988,-0.9947177552521946
1000,chunks,9006,45,-0.4034239294426476,-0.27017522444520387,-0.3112780397522922,0.006596549980110047,-0.017567528746751875,-0.005675019325415018,-0.9742588001643617
1000,chunks,9006,46,-0.28162278838062627,-0.21828445435348265,-0.18321043886385124,0.004366991427801064,-0.010357173151344325,-0.018968693329204867,-0.7909098495989934
1000,chunks,9006,47,-0.20688774768969082,-0.1753504678184603,-0.09620218603363716,0.003550803853160688,-0.004381692347306108,-0.026209191691330444,0.6442496178828312
1000,chunks,9006,48,-0.14637987798401325,-0.14221112633084632,0.0030475862354589073,0.002623634635371512,0.0005485499002042052,-0.03236730562355816,0.9267663503225024
1000,chunks,9006,49,-0.09977637658498031,-0.11472852584653134,0.0769061651198138,0.002564618733274908,0.005176244728516858,-0.03535481996749213,0.9678490314766913
1000,chunks,9007,0,0.6848140872191326,0.09130090211274514,-0.11182573961211703,-0.0045259637552412905,0.0034316958347615795,-0.024053203203967078,-0.8647521846942063
1000,chunks,9007,1,0.742352558698603,0.07281885554034345,-0.13486136378369934,-0.0022228788585753312,0.0010627605694935264,-0.021553017560661903,-0.29524532039007917
1000,chunks,9007,2,0.7977436709933085,0.07913240536812399,-0.13806679455412652,-0.004575553142842286,-0.0030961511648069946,-0.02071316264389475,-0.6819961148912728
1000,chunks,9007,3,0.8300915437787626,0.11053070633651851,-0.13654814604419702,-0.011827368322651728,-0.008630727964660162,-0.021696479120591514,-0.8945687165129494
1000,chunks,9007,4,0.8592065144229787,0.15130834097031612,-0.13512568820268264,-0.01978615099773725,-0.012348139847182353,-0.024172174791702403,-0.9252193019288808
1000,chunks,9007,5,0.850634051142436,0.1862925508226509,-0.1476396400862381,-0.024500353474889144,-0.011791525335694723,-0.025041552959496862,-0.9241402436137169
1000,chunks,9007,6,0.7983740724653533,0.2042778785039364,-0.176477467575124,-0.026982833527588783,-0.01032994214250344,-0.022967206090651518,-0.9449282690421992
1000,chunks,9007,7,0.7386484444579585,0.1987976483587711,-0.20706297096170212,-0.027154818398008367,-0.008140144200100433,-0.02067131627402246,-0.9474504735306153
1000,chunks,9007,8,0.6738673260020875,0.18693366400334657,-0.2544642275738676,-0.025976083029347872,-0.008038667292367819,-0.01964959673218698,-0.9531729489814973
1000,chunks,9007,9,0.5849522608154538,0.1789815002308235,-0.3260606255684074,-0.025047950615041493,-0.01296082787325176,-0.018673950377967204,-0.9512284745787787
1000,chunks,9007,10,0.4984676865471341,0.16871370440344802,-0.4137585056197162,-0.025081857007282098,-0.027567611820769257,-0.017059190166821,-0.9654184687162994
1000,chunks,9007,11,0.38780460119101096,0.1479933984697422,-0.5016465557281216,-0.02606759372911364,-0.06304132864210155,-0.016233092077502596,-0.9584422010753548
1000,chunks,9007,12,0.2764906017576574,0.13672048994878536,-0.5786697123375093,-0.023931125425116887,-0.09305683388402576,-0.016874772841067923,-0.9679789920369302
1000,chunks,9007,13,0.1696780899209296,0.11845447148571799,-0.6441975799273242,-0.01880900102052622,-0.11405475069614618,-0.018369289485199246,-0.96353990270499
1000,chunks,9007,14,0.06865887227201564,0.09805569035726379,-0.685716290058529,-0.012853506177878801,-0.11818032978748502,-0.01900848529955348,-0.9672437420748059
1000,chunks,9007,15,-0.0556011631660282,0.07480618176483614,-0.6929587735757037,-0.007941694521988358,-0.10256671623836482,-0.017816347853399982,-0.9649959004250466
1000,chunks,9007,16,-0.1664290896953381,0.047459131367052196,-0.6727729326840481,-0.002069205658520508,-0.07355367427330944,-0.015913888658744654,-0.9829728563222642
1000,chunks,9007,17,-0.23701014726746344,0.02390420202380908,-0.6393506216401315,0.0029503121474152207,-0.041797582137211235,-0.013740218129523463,-0.9941379028927131
1000,chunks,9007,18,-0.2520782086672393,0.0067076490980014225,-0.612497007443343,0.007011291620115875,-0.01939006789984301,-0.013259573876706576,-0.9806548617335273
1000,chunks,9007,19,-0.23515390095312444,-0.0010137204077091122,-0.6060041894781454,0.00799510351127557,-0.006312644809252263,-0.014333891510176857,-0.9799922406964621
1000,chunks,9007,20,-0.20233091578417928,-0.004058618969661448,-0.6176991612298957,0.00604713737466493,-0.0033052859317674373,-0.014699229311429928,-0.980373188840725
1000,chunks,9007,21,-0.18334111873733477,-0.01922268108630057,-0.6337770284879992,0.00671048058258767,-0.005235302061781298,-0.01398125164640527,-0.9807185299470531
1000,chunks,9007,22,-0.15565605363189472,-0.06535653690038565,-0.6365154550583185,0.013566788367846729,-0.011097935522276848,-0.013283970963816012,-0.9834159399267643
1000,chunks,9007,23,-0.14245426010973078,-0.12463389242955597,-0.6458455535331248,0.025352685932547324,-0.02426371429884237,-0.010752771537063152,-0.9810715348198242
1000,chunks,9007,24,-0.12770905555918038,-0.15759026594582337,-0.6489898542402224,0.02805352021403485,-0.034986808128480824,-0.007416697716496664,-0.9862465815384833
1000,chunks,9007,25,-0.13001535132039274,-0.1708928768170258,-0.6359937599302062,0.023305430092993053,-0.040867816135862614,-0.0034595395803554696,-0.9915607550941061
1000,chunks,9007,26,-0.13003752515768854,-0.16910161587094197,-0.6050252740196903,0.017113895077397592,-0.04224707563267602,-0.0007732635870042609,-1.0020096521664885
1000,chunks,9007,27,-0.11849169113937086,-0.14526265804508504,-0.5651664422455568,0.010201020393352094,-0.03667161749729958,0.00021992274953180901,-1.0131824804074796
1000,chunks,9007,28,-0.09288749982054975,-0.12370530744197045,-0.5113813601164506,0.00516963175669827,-0.0277427097612487,0.0005641002356909508,-1.0134491794796934
1000,chunks,9007,29,-0.06155971383505632,-0.09990645835860079,-0.443006671527107,0.0012541183935335966,-0.018758376591602243,0.0009299756776704332,-1.0228341099615996
1000,chunks,9007,30,0.016124338874995994,-0.06316507576635866,-0.360292237180012,-0.005665705679171299,-0.003835426818611482,0.001637454049810222,-1.0023322377816861
1000,chunks,9007,31,0.11783322064579575,-0.021395411662916003,-0.27214592628761636,-0.016881395592775572,0.01582539928862571,0.0028851804873306144,-1.0138550053888709
1000,chunks,9007,32,0.1913868002827701,0.008428438082214981,-0.1544170873031937,-0.03028010127807655,0.031434927025677725,0.0061861634156074735,0.46832724018897887
1000,chunks,9007,33,0.15715882805670042,0.021357592621507812,-0.12452998671954643,-0.035105476787790635,0.040650979133725985,0.009780038150019273,1.1288364674587457
1000,chunks,9007,34,0.12208389379331899,0.027438799038629738,-0.10125864569132159,-0.037791568616177884,0.043008012923689325,0.01267928106590853,1.0859871702353638
1000,chunks,9007,35,0.10717740075890425,0.01784084596873163,-0.03982599863118584,-0.03488105590518881,0.05193671559530874,0.013717565843052254,1.0951232051640236
1000,chunks,9007,36,0.09337869223152374,0.006082625888616022,0.039112028875631935,-0.0303243098890267,0.06566283486539,0.013695570654960396,1.0833378651280943
1000,chunks,9007,37,0.08441753675095699,-0.005240010149799634,0.1331677692912852,-0.027466986248972983,0.07992889652176773,0.012515296273290462,1.0815885220094223
1000,chunks,9007,38,0.07221730367935178,-0.017433997352251568,0.20139228556261446,-0.025605928092031306,0.08374217409142413,0.011109072912517934,1.0782457049911178
1000,chunks,9007,39,0.0762264977799564,-0.022579534969473625,0.26126545192855605,-0.024776702601841772,0.08116577552776899,0.010025447100780245,1.0743015770672915
1000,chunks,9007,40,0.09668456218751104,-0.013326949436930746,0.3158723513030879,-0.02548965238335365,0.07632381738713946,0.010189641704413492,1.0697752387020012
1000,chunks,9007,41,0.15593964619971742,0.0078005841645290425,0.36602648429465,-0.02606483928392333,0.07116334388564044,0.012445018325329245,1.0635163585521639
1000,chunks,9007,42,0.23773246762419167,0.047877893114896417,0.41898515972982653,-0.026650992407289836,0.06813841911157453,0.015767489398411265,1.0555784061267315
1000,chunks,9007,43,0.3276975037318971,0.09752447132853935,0.48596807719924306,-0.026353532637449224,0.06731699290541683,0.018320146372529565,1.0571279017973916
1000,chunks,9007,44,0.41871247464693284,0.1545024220846449,0.5985318395780564,-0.0251790562691227,0.07206828161422237,0.022385199823229465,1.0534580777601725
1000,chunks,9007,45,0.48154547343002757,0.1870593981511439,0.6905967328624112,-0.026336309152606333,0.07389063891772334,0.025987344608489796,1.0564907480457366
1000,chunks,9007,46,0.5240410186738229,0.19171347692476348,0.7393793995668209,-0.02959977362678234,0.06855263378654895,0.028993097212024962,1.0513018475954308
1000,chunks,9007,47,0.5631566788483771,0.20438024874590982,0.7617876461279246,-0.032379794692175626,0.05908877872422058,0.028654313617381202,1.0431220738626994
1000,chunks,9007,48,0.5959128174817612,0.2218404941205702,0.778970708215438,-0.033239094099250216,0.049280051717870685,0.025200457138165426,1.0427419510471303
1000,chunks,9007,49,0.6336346678021927,0.26751147983657564,0.7808927136191786,-0.034702687221355936,0.043116449447385644,0.020474293549681548,1.046254314159972
1000,chunks,9008,0,0.6364760969853092,0.30549230425380597,0.1539291826550045,-0.02550983966996967,0.03950802350647045,-0.011555737961957451,-0.9763625630049939
1000,chunks,9008,1,0.715236628102712,0.31885412058618,0.12921564220298878,-0.029006428948559898,0.0404168613283902,-0.010139039349145548,-0.9868838531942372
1000,chunks,9008,2,0.8061789742835428,0.3332505819270919,0.08654107251237536,-0.03279595183265929,0.042098904261954444,-0.005904629069626299,-1.0028615092826445
1000,chunks,9008,3,0.8732787394002275,0.3496020768848689,0.04184287590221,-0.0334370204375881,0.03893899292402937,-0.002381648603032825,-1.0082813249110807
1000,chunks,9008,4,0.8833338162253008,0.34480097027713147,-0.0114923151067398,-0.025463673418733946,0.027936953430511446,-0.0019334179665305498,-1.0019951499622965
1000,chunks,9008,5,0.8676350283298064,0.3250639904412809,-0.04577203248311673,-0.019089188872284633,0.02285541812770122,-0.0023160520633479093,-0.9952280441931942
1000,chunks,9008,6,0.8406602302357917,0.2825006999454971,-0.07656424184882504,-0.010409136835064196,0.020333802720365786,-0.0036495584231076954,-1.0007552704559306
1000,chunks,9008,7,0.8296797748979047,0.2528908010486341,-0.09617011552378892,-0.005531353435693908,0.01832750262185137,-0.005839286051584732,-0.9962979059886266
1000,chunks,9008,8,0.8172144669635125,0.22071046410049214,-0.12001875354412136,-0.0017513344030367557,0.015235506302139438,-0.007795690717988003,-0.9946550302714618
1000,chunks,9008,9,0.7916905745489703,0.19290024785898527,-0.1640944540481259,-0.0005150884686045965,0.011871259865691985,-0.007853751545377537,-0.9881038069078516
1000,chunks,9008,10,0.7323377848090704,0.17193721573007067,-0.22309899079390225,-0.0013849320652899485,0.008448771261571637,-0.005056013450209489,-1.0073752319093288
1000,chunks,9008,11,0.670918964030318,0.15532573570632716,-0.2750134832499308,-0.002021443453931465,0.00667856609904342,-0.0011884271333008692,-1.0016417913772282
1000,chunks,9008,12,0.6140875996098897,0.13979778674180934,-0.34293182767637337,-0.0017812571613442909,0.006302586267684467,0.003370980408739385,-1.002993561873661
1000,chunks,9008,13,0.5527716668807395,0.13027898788088244,-0.4496296073110991,-0.0013903138184173927,0.003230241311130087,0.005242704475201573,-0.9985231100513545
1000,chunks,9008,14,0.4619282723516848,0.11479654149606142,-0.5984295967783272,-0.0007433121416733736,-0.005549178323531687,0.006336458039484738,-1.0021141151983106
1000,chunks,9008,15,0.2856428711583696,0.07246678443507248,-0.783254086776325,0.00028280774638427854,-0.026480520774523838,0.008211176283976121,-0.9907033564852916
1000,chunks,9008,16,0.1466460637284213,0.025947142512375662,-0.9065389677492076,0.0010514862191700592,-0.04744024723814127,0.0096148993968177,-1.0039970436612875
1000,chunks,9008,17,0.009354709685078011,-0.03443286544017493,-0.9957472213957193,0.002155385983649707,-0.0683663682844118,0.010297349063271087,-0.9942059335579063
1000,chunks,9008,18,-0.04750401089455489,-0.070434095269017,-1.0037066045840373,0.0049459850247440835,-0.07880337014819165,0.009414704719829019,-0.9882771259335608
1000,chunks,9008,19,-0.030971501162235043,-0.07916835135379102,-0.9651139599298615,0.006774064051623514,-0.08051407954161695,0.007634882249080523,-0.9924176820865243
1000,chunks,9008,20,-0.02644327134001062,-0.07764734559321687,-0.9080538195335567,0.006942399243106868,-0.08242863071818708,0.00571731010473768,-0.9874553343626811
1000,chunks,9008,21,-0.04186708920754045,-0.06434921315604214,-0.8480045296044243,0.006175535454432574,-0.08531597660444902,0.003882735701151621,-0.9845734044678442
1000,chunks,9008,22,-0.085502492475061,-0.049165927572585894,-0.8026944343419161,0.005880912934997864,-0.09146032603321877,0.002120288205098103,-0.983688298395736
1000,chunks,9008,23,-0.11819640713179902,-0.037950619036451055,-0.757798057000902,0.005835771593600398,-0.090867093978726,-0.00039235605999936307,-0.9848436406630316
1000,chunks,9008,24,-0.16233359278092624,-0.031408697239508176,-0.7285748966341474,0.005042163282652825,-0.08248621126288302,-0.002815743222387028,-0.9812544040775621
1000,chunks,9008,25,-0.22563099622315025,-0.017885544617128962,-0.7055912723048559,0.0027712755535886716,-0.07105959553689198,-0.006415140794667287,-0.9814090942556102
1000,chunks,9008,26,-0.3022510658804194,-0.003476845039833143,-0.6904500975789718,0.0014463139860075736,-0.06407734123378417,-0.010275586980465403,-0.9699784097498396
1000,chunks,9008,27,-0.3231721897102315,0.005167335371854903,-0.6762449478291612,0.0006083658256549524,-0.0606189837652905,-0.011357883989106924,-0.9696478066559018
1000,chunks,9008,28,-0.31046282511061946,0.007791190719571517,-0.6465981118284012,0.00019809254256591144,-0.054086559572846284,-0.009846619617794771,-0.9630267840656115
1000,chunks,9008,29,-0.2884181305545094,0.010239471737025024,-0.6107206961684707,-0.0007315350527087769,-0.04406760283285478,-0.006441207627772571,-0.958928673388332
1000,chunks,9008,30,-0.28098812548708163,0.00334135952049322,-0.5802858657670165,-0.0024488089834084985,-0.034274383340490995,-0.0009672294994796451,-0.9722228321807245
1000,chunks,9008,31,-0.2882937909424419,-0.05550548893385451,-0.5491190044217757,-0.0020385919453715573,-0.028116731807658307,0.0025412652649404524,-0.9829015243422954
1000,chunks,9008,32,-0.33060219477765923,-0.1248494769204253,-0.4920259312556008,0.0028073579262823736,-0.02587734696424581,0.002354258084468694,-0.9909547280246196
1000,chunks,9008,33,-0.3687421338837153,-0.14913019423867768,-0.377452602358561,0.014311216630183584,-0.02737580693283671,-0.006537097818306178,-0.9857773232239779
1000,chunks,9008,34,-0.3558665016181263,-0.14324623608253795,-0.25640987559111295,0.027112690479217025,-0.023382912266928454,-0.01661070382314397,-0.9880922523061377
1000,chunks,9008,35,-0.336978220298706,-0.1306438663960105,-0.17022908641872628,0.020736851364429654,-0.015890380759203522,-0.022167981295528015,-0.8803109275184335
1000,chunks,9008,36,-0.281966266176262,-0.1307971471380161,-0.03289889367074505,0.012235542978056079,0.0012705217916772552,-0.04033661423713301,0.9237591473223484
1000,chunks,9008,37,-0.2238188809009537,-0.1271674186079209,0.05709668682031474,0.011005976143560726,0.01385801887154501,-0.04968648807274842,1.0946476979322648
1000,chunks,9008,38,-0.10916755644274534,-0.10984193466474268,0.14516339164229788,0.01432379364877804,0.0353143939770109,-0.053694979970604795,1.1061381598162903
1000,chunks,9008,39,0.00928398092230305,-0.08270915902712184,0.2137805700016822,0.015238003850327253,0.05176833448224445,-0.057230887855477613,1.1140202846507885
1000,chunks,9008,40,0.14325812529482046,-0.04152353623677313,0.2804435611881201,0.009036142399402597,0.05689906203376212,-0.06104582909182615,1.1087991374293726
1000,chunks,9008,41,0.22861038931139355,0.011754928746005075,0.320340805255489,0.0033266110754923695,0.05694293808381265,-0.06306122780753023,1.1002322255871744
1000,chunks,9008,42,0.17593250241739394,0.02043392264485204,0.30153955925519094,0.0038290168786453893,0.05709665128631773,-0.05882849601613247,1.0926032998055404
1000,chunks,9008,43,0.12336014890456315,0.022676871687072025,0.2760606656817668,0.005376480747606706,0.058377359912686944,-0.05541835453614299,1.0844610195763296
1000,chunks,9008,44,0.08128893109524075,0.020754032095953417,0.240309390318594,0.006234995848677018,0.0586712520652212,-0.053080745110463304,1.0791851648529214
1000,chunks,9008,45,0.07102428622810297,0.022262588373255524,0.21626835705401154,0.006388968241161759,0.05865172064541034,-0.05141736010378235,1.0782382770328731
1000,chunks,9008,46,0.06756110481403668,0.023008698298900024,0.18594047471011715,0.006511384034693606,0.05500243271467295,-0.049186521536751876,1.067595427717435
1000,chunks,9008,47,0.06044375897807154,0.027835922063569565,0.1485138698465768,0.006147028587193513,0.048151102378197426,-0.04581243913946584,1.0600858208841126
1000,chunks,9008,48,0.05185695402792597,0.03657594518838872,0.1071847595682606,0.005097363114200739,0.03943672685970845,-0.04077738346940778,1.0540010850886783
1000,chunks,9008,49,0.04699033844762068,0.04461886062403972,0.07020988160427807,0.003648041002293329,0.03140135449602266,-0.03557927404311153,1.0435442884416548
1000,chunks,9009,0,0.45806460760098694,0.18918874565850646,-0.0937351140829639,-0.0002543207834460673,0.033011760298485876,-0.021148701899509764,-0.9650490751737506
1000,chunks,9009,1,0.44046782590595174,0.2088299672799811,-0.11384552808382936,-0.0019304311478217995,0.038860178537827486,-0.016129141647135647,-0.9747298270403537
1000,chunks,9009,2,0.43260748949452277,0.22281479293474066,-0.12604405968839177,-0.00481313028995707,0.03987545640709205,-0.010808777964929003,-0.9872574912843546
1000,chunks,9009,3,0.43328436935190906,0.22273230806650043,-0.12248882254374185,-0.007014876054593526,0.035026495122671385,-0.00802289419211889,-0.979583113472509
1000,chunks,9009,4,0.43221843615708355,0.20411389458626703,-0.11100527138640304,-0.004545795604375293,0.025730162224279346,-0.009346810440059607,-0.9779734867112966
1000,chunks,9009,5,0.4292849891605636,0.18348096740704242,-0.10566256921627443,-0.0027559725870988224,0.017404279336608174,-0.010823412283238132,-0.9676233932739784
1000,chunks,9009,6,0.4212535819555349,0.16387127086283526,-0.12782598956082641,-0.0016204099830123132,0.012065546807073158,-0.013159142151906784,-0.9726121515160249
1000,chunks,9009,7,0.39917902133518446,0.1437062344160641,-0.18080366253132502,-0.0010738518139612428,0.007063321140412481,-0.016960736347945607,-0.9726326668292722
1000,chunks,9009,8,0.3732958152493481,0.12403573397589873,-0.2506054053643968,-0.0009322916108210545,-0.0021046249800439933,-0.02265059471214367,-0.980561717495221
1000,chunks,9009,9,0.34364013161016227,0.10647595434873768,-0.3303540685511945,-0.0012499316366461756,-0.015468233863143579,-0.02764429138583346,-0.9750796485024484
1000,chunks,9009,10,0.3157039676599051,0.08948315080689351,-0.40893769328157575,-0.0009814255697363002,-0.02873449034198091,-0.030811393031108435,-0.9765407160987671
1000,chunks,9009,11,0.3015866366194928,0.0783225411316508,-0.4742210128032331,-0.0009005582696037492,-0.03170756089887069,-0.030771181438729454,-0.9781451550796183
1000,chunks,9009,12,0.2825155655973483,0.07167409457060187,-0.5219443513484321,-0.0013051437717992356,-0.02767457807118346,-0.029452248202399372,-0.9811948625075058
1000,chunks,9009,13,0.25174490630234725,0.05605271110747727,-0.5651831311492073,-0.0018056218148506116,-0.019756769532963764,-0.03040552236435938,-0.984328517653968
1000,chunks,9009,14,0.21006283211481783,0.028851829473132876,-0.616196937382642,-0.0012116045395468115,-0.011775863056099964,-0.03371602765298165,-0.9828087338162865
1000,chunks,9009,15,0.1613994931836038,0.0013194028894779608,-0.6844546089425568,6.406195048021409e-05,-0.01109095559332701,-0.03505281886644792,-0.994006321918093
1000,chunks,9009,16,0.10552244341138525,-0.021506851437951863,-0.7411455351604355,0.0013258308349603665,-0.022308866026921604,-0.033161606416419055,-0.9890465680844305
1000,chunks,9009,17,0.02503181127878716,-0.043399183273090114,-0.7709860180732192,0.0010404832808531086,-0.03588281007773368,-0.029866817284152955,-0.9882313791431017
1000,chunks,9009,18,-0.02893092128272165,-0.06094749043383657,-0.769778575894111,0.00029125778428093843,-0.045068738994629515,-0.027370654111404526,-0.9887110130183294
1000,chunks,9009,19,-0.06645383002953223,-0.07780841430383045,-0.7683275869810643,-0.00029707795957954037,-0.05065775846646337,-0.026058163821665734,-0.992890241715805
1000,chunks,9009,20,-0.10356091612799886,-0.09799129407108317,-0.7635072196803545,-0.00014387581183604968,-0.053224584777223895,-0.02743172878660593,-0.99298220691312
1000,chunks,9009,21,-0.1532395929021631,-0.11170724468666862,-0.7603354935415914,0.00030381136743701893,-0.05200589846851871,-0.03141084277127363,-0.9912794359136012
1000,chunks,9009,22,-0.22562330399620562,-0.12311846358682771,-0.7524715152524748,-0.00012371586656480076,-0.04913813043175021,-0.03319697924226034,-0.9877737933344095
1000,chunks,9009,23,-0.29157522995228813,-0.11926543301288461,-0.7320876883338464,-0.0006026147532560162,-0.042476368620162325,-0.03468396017409628,-0.9844523169580459
1000,chunks,9009,24,-0.3256001887803801,-0.10301629421395517,-0.6985498900766688,-0.0012301693126460186,-0.035302742772826176,-0.03465642821537324,-0.9834928133993919
1000,chunks,9009,25,-0.3525204551246934,-0.0951310393724564,-0.6695319475951357,-0.001121614848555395,-0.029880622533353853,-0.03438451068097111,-0.9854411786373813
1000,chunks,9009,26,-0.36950900918497964,-0.08390563323507039,-0.6335358182005717,-0.001516734728367485,-0.02573339173336573,-0.0336832840214244,-0.9848972870281321
1000,chunks,9009,27,-0.36467966298592724,-0.06887779719500423,-0.5897081982493307,-0.0038297609379920185,-0.027031420565912293,-0.03135798787969837,-0.9871615173476693
1000,chunks,9009,28,-0.33865415070161514,-0.05549763054961718,-0.5462665370098453,-0.007503486196356602,-0.02971281018390132,-0.02827852604389114,-0.9857641179648764
1000,chunks,9009,29,-0.3117739706103936,-0.041730234275216355,-0.5082925778288301,-0.009655400016604884,-0.02964334750960174,-0.026911865172669365,-0.987046207138728
1000,chunks,9009,30,-0.2862833028380535,-0.031189662382799882,-0.49423253809625994,-0.010080817279971696,-0.028447848958211622,-0.025672675420829304,-0.9927797655749278
1000,chunks,9009,31,-0.2476364712559651,-0.0198572104056505,-0.4904905521197618,-0.010179068011814046,-0.027915797683385882,-0.024573836124959315,-0.9986555163546684
1000,chunks,9009,32,-0.22362047200502028,-0.012519958158135724,-0.4931483712854495,-0.010762315140822085,-0.028657082388247577,-0.023340059934417297,-0.9943357459710396
1000,chunks,9009,33,-0.2066201448649972,-0.01481021242016431,-0.4613885531935093,-0.01243499611938231,-0.027609700328039954,-0.021696618994601638,-0.998937542959768
1000,chunks,9009,34,-0.1822885115131317,-0.02302960350613431,-0.38324543207498096,-0.015177884513852068,-0.021948608446830758,-0.01886220331134162,-0.9834322106924431
1000,chunks,9009,35,-0.13231756622881288,-0.025357966706776203,-0.2755167788617685,-0.018266867462240304,-0.012583453216844905,-0.01575568896776403,-0.8373084139182425
1000,chunks,9009,36,-0.0935616892041925,-0.017203808659851577,-0.1647299396842946,-0.021296397828196884,-0.0006481306735219294,-0.01062677565138196,0.5577022907785378
1000,chunks,9009,37,-0.09601848898320656,-0.02694203670501122,-0.1609918477853149,-0.020017707190142918,-0.002138794324577394,-0.008613245565031857,1.0661667247963256
1000,chunks,9009,38,-0.08049772377655526,-0.019326093479588635,-0.10032348297527005,-0.01917963247842307,-0.0007407694977159263,-0.00775367606219728,1.068076712250051
1000,chunks,9009,39,-0.06093153335811527,-0.008895215054599726,-0.0142081560274522,-0.018001597048188704,0.0012801598199555508,-0.008394910977355338,1.0655023351977735
1000,chunks,9009,40,-0.04093725064764858,-0.0010348310133932725,0.05883511428390062,-0.016606038566047476,0.006394006312710393,-0.00915492952454762,1.0556748516798131
1000,chunks,9009,41,-0.00669639484429016,0.006517681813095727,0.12069295288679005,-0.015154713114749661,0.019930634440708327,-0.01149219363626481,1.0428411083944917
1000,chunks,9009,42,0.028520362596274135,0.016515504117478957,0.1944985166872154,-0.014083283150138246,0.03044214046848933,-0.01664858017521332,1.0397313877801513
1000,chunks,9009,43,0.042967303755576954,0.01907614031315008,0.2590887460402706,-0.01337804909612062,0.03245182219555262,-0.02256932791226215,1.0425785359657471
1000,chunks,9009,44,0.028540649490575304,0.017949391661400527,0.31723146780153905,-0.013248657353765887,0.024715375735822227,-0.024782677856964433,1.03813502523009
1000,chunks,9009,45,0.0170029139787944,0.018477966583242245,0.39007978390341547,-0.013129444403478591,0.019599745569427764,-0.02595145306513026,1.0390082819402364
1000,chunks,9009,46,0.013347101867438538,0.02347152614760198,0.47875674630221576,-0.012622514779537963,0.020909712634111094,-0.024927214698346863,1.0394064440829713
1000,chunks,9009,47,0.012584334504272543,0.03086904713229177,0.5527681955440086,-0.011097607520012355,0.033913076511825534,-0.01896764208859754,1.0411911584313795
1000,chunks,9009,48,0.02575935871553177,0.050555010844666085,0.6358330968677625,-0.007074807891739942,0.0674793807202864,-0.004536707146782011,1.038781670261724
1000,chunks,9009,49,0.05255629663254026,0.0751235590895181,0.6970111129804518,-0.0038270393024154295,0.09283528813824614,0.00788827713160696,1.0271654047039358
1000,executed,9000,0,0.3927629590034485,0.06052887812256813,-0.1952449530363083,-0.06254369020462036,-0.012991291470825672,0.012623296119272709,-0.9700722694396973
1000,executed,9000,1,0.5308895111083984,0.05829647555947304,-0.17994965612888336,-0.054378751665353775,-0.004735691472887993,0.006314829923212528,-0.9653139114379883
1000,executed,9000,2,0.7446995377540588,0.1770305186510086,-0.06614786386489868,-0.04134436696767807,-0.02009654976427555,0.0027506740298122168,-0.9515511989593506
1000,executed,9000,3,0.8877395987510681,0.23663564026355743,0.03132893517613411,-0.031539227813482285,-0.03132857009768486,-0.0021621468476951122,-0.9528722763061523
1000,executed,9000,4,0.9238216280937195,0.2658976912498474,0.10226645320653915,-0.025988223031163216,-0.03796597570180893,-0.005568221211433411,-0.952540397644043
1000,executed,9001,0,0.6564504504203796,0.2023240476846695,-0.046261031180620193,-0.00016201015387196094,0.005762570537626743,-0.016451770439743996,-0.9628046751022339
1000,executed,9001,1,0.7238369584083557,0.3014770448207855,0.0037027369253337383,-0.01995190605521202,0.012150992639362812,-0.017508314922451973,-0.9545431137084961
1000,executed,9001,2,0.7281582951545715,0.328378826379776,0.04518590122461319,-0.037914570420980453,0.014911283738911152,-0.019868476316332817,-0.9666762948036194
1000,executed,9001,3,0.7209141254425049,0.3236992061138153,0.0733490064740181,-0.051102735102176666,0.01659076102077961,-0.02250654064118862,-0.9680973887443542
1000,executed,9001,4,0.7190174460411072,0.3012767732143402,0.10056343674659729,-0.05809295177459717,0.02045402117073536,-0.02639610879123211,-0.9691745638847351
1000,executed,9002,0,0.679034411907196,0.2962781488895416,0.03582623228430748,-0.005214796867221594,-0.005551097448915243,-0.021804895251989365,-0.9388288259506226
1000,executed,9002,1,0.6476958990097046,0.26673761010169983,-0.029986124485731125,-0.004309320356696844,-0.005522210616618395,-0.018239006400108337,-0.9529432654380798
1000,executed,9002,2,0.6059136986732483,0.22972866892814636,-0.13434937596321106,-0.0010812488617375493,-0.005455953534692526,-0.014614999294281006,-0.9669137001037598
1000,executed,9002,3,0.5683979988098145,0.19192464649677277,-0.25228092074394226,0.0024631761480122805,-0.0064054676331579685,-0.010490616783499718,-0.9654065370559692
1000,executed,9002,4,0.5190948843955994,0.1211177259683609,-0.4009878635406494,0.014992816373705864,-0.009317127987742424,0.0005812501185573637,-0.9839503765106201
1000,executed,9003,0,0.6644573211669922,0.0987652912735939,0.4523204565048218,-0.00031776519608683884,0.08011095225811005,-0.0025846275966614485,-0.9660816788673401
1000,executed,9003,1,0.6593095660209656,0.0969773605465889,0.4378778338432312,-0.000568814983125776,0.0775161162018776,-0.001947772572748363,-0.9652226567268372
1000,executed,9003,2,0.6507720351219177,0.09662235528230667,0.40874263644218445,-4.908883784082718e-05,0.07368907332420349,-0.0007537970668636262,-0.9669619798660278
1000,executed,9003,3,0.6486449837684631,0.09289783984422684,0.37159964442253113,-0.0005409736768342555,0.07112627476453781,0.0012402512365952134,-0.96774822473526
1000,executed,9003,4,0.6674585342407227,0.088738813996315,0.33990463614463806,-0.0012573887361213565,0.07026675343513489,0.0040879747830331326,-0.9698138236999512
1000,executed,9004,0,0.39922744035720825,0.04799650236964226,0.17196619510650635,-0.019102053716778755,-0.0027435680385679007,-0.012756765820086002,-0.9442154169082642
1000,executed,9004,1,0.3922123312950134,0.048099420964717865,0.15897904336452484,-0.022815700620412827,-0.0038508018478751183,-0.012606632895767689,-0.9348618388175964
1000,executed,9004,2,0.37900903820991516,0.050487976521253586,0.1355503350496292,-0.025879694148898125,-0.004414645954966545,-0.012192958034574986,-0.9380975961685181
1000,executed,9004,3,0.35974234342575073,0.05171087011694908,0.10341139882802963,-0.027117576450109482,-0.004192382097244263,-0.010723276063799858,-0.9424700736999512
1000,executed,9004,4,0.33409383893013,0.05406365916132927,0.06508032232522964,-0.026834001764655113,-0.0048340801149606705,-0.008862338960170746,-0.9465253949165344
1000,executed,9005,0,0.8588480353355408,0.20998145639896393,0.11164787411689758,-0.002477975096553564,0.010805406607687473,-0.01999005489051342,-0.9800249934196472
1000,executed,9005,1,0.8787697553634644,0.19537080824375153,0.07049829512834549,-0.0033869228791445494,0.018573850393295288,-0.01929451897740364,-0.9816319346427917
1000,executed,9005,2,0.8820680379867554,0.17903022468090057,0.03006911836564541,-0.0030835438519716263,0.024131905287504196,-0.01885867677628994,-0.9861324429512024
1000,executed,9005,3,0.8744391202926636,0.15522660315036774,-0.030582528561353683,-0.002024139976128936,0.03134730085730553,-0.017501693218946457,-0.9932900667190552
1000,executed,9005,4,0.8777672648429871,0.1390119343996048,-0.10106626152992249,-0.0016895430162549019,0.037757568061351776,-0.015372292138636112,-0.9981763362884521
1000,executed,9006,0,0.5014098882675171,0.25477656722068787,0.5731382966041565,-0.00916108675301075,0.03420460596680641,-0.002195618348196149,-0.9656831622123718
1000,executed,9006,1,0.5885218381881714,0.27260497212409973,0.4899669587612152,-0.00583083787932992,0.03636141121387482,0.0027143636252731085,-0.9713529348373413
1000,executed,9006,2,0.6572688221931458,0.28707608580589294,0.3977898061275482,-0.003106116782873869,0.03801875188946724,0.007920067757368088,-0.978225827217102
1000,executed,9006,3,0.6876368522644043,0.29318538308143616,0.29787009954452515,-0.0020012296736240387,0.036474790424108505,0.010805266909301281,-0.9764376878738403
1000,executed,9006,4,0.7029705047607422,0.29853326082229614,0.17381559312343597,-0.0015683872625231743,0.03434585779905319,0.01237981952726841,-0.9778239727020264
1000,executed,9007,0,0.6848140954971313,0.09130090475082397,-0.11182574182748795,-0.004525963682681322,0.003431695746257901,-0.02405320294201374,-0.8647521734237671
1000,executed,9007,1,0.7423525452613831,0.07281885296106339,-0.13486136496067047,-0.002222878858447075,0.0010627605952322483,-0.02155301719903946,-0.29524531960487366
1000,executed,9007,2,0.7977436780929565,0.07913240790367126,-0.13806679844856262,-0.004575553350150585,-0.003096151165664196,-0.020713163539767265,-0.6819961071014404
1000,executed,9007,3,0.8300915360450745,0.11053070425987244,-0.13654814660549164,-0.011827368289232254,-0.008630728349089622,-0.021696479991078377,-0.8945687413215637
1000,executed,9007,4,0.85920649766922,0.1513083428144455,-0.13512568175792694,-0.019786151126027107,-0.01234813965857029,-0.02417217567563057,-0.9252192974090576
1000,executed,9008,0,0.6364760994911194,0.3054923117160797,0.1539291888475418,-0.02550983987748623,0.039508022367954254,-0.011555737815797329,-0.9763625860214233
1000,executed,9008,1,0.7152366042137146,0.31885412335395813,0.12921564280986786,-0.02900642901659012,0.040416862815618515,-0.01013903971761465,-0.9868838787078857
1000,executed,9008,2,0.8061789870262146,0.33325058221817017,0.0865410715341568,-0.03279595077037811,0.04209890589118004,-0.005904628895223141,-1.0
1000,executed,9008,3,0.8732787370681763,0.349602073431015,0.04184287413954735,-0.03343702107667923,0.038938991725444794,-0.0023816486354917288,-1.0
1000,executed,9008,4,0.8833338022232056,0.3448009788990021,-0.011492314748466015,-0.02546367421746254,0.02793695405125618,-0.0019334179814904928,-1.0
1000,executed,9009,0,0.45806461572647095,0.18918874859809875,-0.09373511373996735,-0.00025432079564779997,0.03301176056265831,-0.02114870212972164,-0.9650490880012512
1000,executed,9009,1,0.44046783447265625,0.20882996916770935,-0.11384552717208862,-0.0019304311135783792,0.03886017948389053,-0.0161291416734457,-0.9747298359870911
1000,executed,9009,2,0.432607501745224,0.22281479835510254,-0.12604406476020813,-0.004813130479305983,0.03987545520067215,-0.010808777995407581,-0.9872574806213379
1000,executed,9009,3,0.43328437209129333,0.2227323055267334,-0.12248881906270981,-0.00701487623155117,0.03502649441361427,-0.008022894151508808,-0.9795830845832825
1000,executed,9009,4,0.43221843242645264,0.2041139006614685,-0.1110052689909935,-0.004545795731246471,0.025730162858963013,-0.009346810169517994,-0.977973461151123
2000,chunks,9000,0,0.24691196678601318,0.1446400653680375,-0.0941288818108858,-0.06728487407785796,-0.0077931480981002586,0.006676972575003777,-0.9797309652128079
2000,chunks,9000,1,0.41314366347643283,0.15059165069462105,-0.06795688416143982,-0.05959989387875502,-0.0008687800017654762,0.0013733609910407812,-0.9909094528505566
2000,chunks,9000,2,0.6052092168248961,0.22679781076049485,-0.0009801415863739532,-0.050581955940497504,-0.0024577275525902217,-0.0033684204048859065,-0.9776296783582572
2000,chunks,9000,3,0.7354632846830156,0.27202506534648263,0.05469162110041266,-0.04298142143767161,-0.004672237693553435,-0.007631780233437819,-0.9813654697389351
2000,chunks,9000,4,0.7893791506364615,0.29658583970585256,0.09760246394445696,-0.03936224606803068,-0.006748886499476917,-0.011351172222152425,-0.982482375269917
2000,chunks,9000,5,0.761763550312843,0.31179808019610444,0.12137238596923824,-0.035531411193164254,-0.018600956752770147,-0.01663695642641895,-0.9826545152546349
2000,chunks,9000,6,0.6908800040417119,0.3157998989948995,0.10688100761440314,-0.032378413563674074,-0.03684033909470289,-0.025372394333003326,-0.974415730520293
2000,chunks,9000,7,0.6823761568700648,0.2570536885580428,0.0732582767450646,-0.0162562630859416,-0.04205852469166521,-0.03038089798198349,-0.9824184712481929
2000,chunks,9000,8,0.6675834988631518,0.18329575669790046,0.03947328105627493,-0.007383391292405137,-0.03936544833565346,-0.031149767384996023,-0.9866660843231589
2000,chunks,9000,9,0.6635150691980123,0.10993493377957209,0.0020636362910692874,-0.0013121230406425593,-0.032939317163225845,-0.031696120185982495,-0.9898329884255737
2000,chunks,9000,10,0.6595360932706279,0.047696910864297934,-0.03414780777542456,0.003952617724177719,-0.028365430467898446,-0.032574397837671035,-1.0042889742107135
2000,chunks,9000,11,0.64656475959,-0.007740342400481076,-0.0754258917308296,0.00932577395164476,-0.024641017376155226,-0.03258476818420282,-0.9941279989483869
2000,chunks,9000,12,0.6413268947468269,-0.05039689135579828,-0.11452479427724105,0.010184317175241122,-0.019822314219152017,-0.03158264411697302,-1.0000505576554788
2000,chunks,9000,13,0.6434183498597124,-0.08283162588971654,-0.17482105216556026,0.009632237616908958,-0.016594735971630158,-0.03101700126939516,-0.9914450911728676
2000,chunks,9000,14,0.6494379327519163,-0.11418967728436502,-0.2630231318109878,0.009513629300931732,-0.016455182855030937,-0.031664334363564875,-1.003579545246297
2000,chunks,9000,15,0.6446045779275547,-0.14653870191421803,-0.40173985258166595,0.008761841529763921,-0.01987631822736071,-0.033072020391232325,-0.9993278055278616
2000,chunks,9000,16,0.5935124454238785,-0.179973394717648,-0.5502798845596993,0.008371257920816076,-0.029018276300270717,-0.03192176756175076,-0.9988790625266035
2000,chunks,9000,17,0.47978207554514707,-0.23292741264655586,-0.6974730107537858,0.012395557026553834,-0.04936878535659258,-0.02748563928985134,-0.999943500733476
2000,chunks,9000,18,0.3251440816374353,-0.29166748284053184,-0.8360410333929387,0.021990319221342144,-0.0784986134499306,-0.020517922566608403,-1.0005850169367985
2000,chunks,9000,19,0.2459918789363328,-0.31151249433495687,-0.9007787926542636,0.024614610236372587,-0.09027017850274752,-0.01754865085333846,-0.9972923091606207
2000,chunks,9000,20,0.1871546850841726,-0.316204653880938,-0.9536599759468233,0.02711842434980605,-0.09928850206919237,-0.014717133184725686,-0.9957687523917673
2000,chunks,9000,21,0.16074252102623265,-0.29712725724536604,-0.9715831909112331,0.026449489446287094,-0.1005936094937643,-0.01242864139191329,-0.9994154082735092
2000,chunks,9000,22,0.1588645703532377,-0.274036479564657,-0.967392829723327,0.02429759749911463,-0.09729556211184413,-0.011200060209528503,-1.0046155685652811
2000,chunks,9000,23,0.16090512314744496,-0.2516029332022057,-0.9606144646166705,0.020732504871792415,-0.09170593905413657,-0.010179375516814793,-1.0033681431965713
2000,chunks,9000,24,0.1626917602249962,-0.20454568907398235,-0.9382095558362968,0.015011845620560571,-0.08133985466137754,-0.006412387025092989,-1.0035075058417333
2000,chunks,9000,25,0.12937419736587843,-0.16192753071979588,-0.9006912315397777,0.0111289231403624,-0.07017997746188417,-0.003308633007683918,-1.0050485124172568
2000,chunks,9000,26,0.06356730419575671,-0.13156997275344234,-0.8453536641485908,0.008349715284680715,-0.05645568055684471,-0.00026319989590194853,-1.0039745239783553
2000,chunks,9000,27,-0.02649722526984763,-0.08860018691244997,-0.7232125293725508,0.003975810215174662,-0.040152603632347086,0.004178097157777803,-1.004088301434008
2000,chunks,9000,28,-0.17051293992810845,-0.01476649839745342,-0.5243647986745319,-0.00536201052036044,-0.023684565914736194,0.009416907735488457,-0.9994191812046811
2000,chunks,9000,29,-0.23816416187786615,0.035871324151567116,-0.39256451587337793,-0.012471527280720887,-0.01530832616715253,0.012214348598384994,-0.9949582796144034
2000,chunks,9000,30,-0.28128747229057494,0.09099300273177596,-0.31437363667556995,-0.014636739149884288,-0.008379421503914375,0.01206986748805347,-0.9917887816218081
2000,chunks,9000,31,-0.2941922122318324,0.12657786494417228,-0.2592555283673862,-0.01649142052404419,-0.004226671375407989,0.011254576851548487,-0.9939332213766374
2000,chunks,9000,32,-0.28009001284911866,0.14137699102005513,-0.21516483566493572,-0.02264504793688719,-0.0028393485903842434,0.010502072161337507,-0.9918704891624994
2000,chunks,9000,33,-0.2480047591920279,0.15119688007059146,-0.17326141848974927,-0.031951507368789184,-0.005540538533429144,0.00896932838734582,-0.9950186465131536
2000,chunks,9000,34,-0.21129528538774167,0.16115376976962376,-0.14144752834998167,-0.04408217147923369,-0.009959100529351462,0.006562057333562021,-0.9876146228005949
2000,chunks,9000,35,-0.1904298128336182,0.15904010558331194,-0.12884840742813025,-0.05105601423739241,-0.01554088180712606,0.004894037907530041,-0.9890549392754682
2000,chunks,9000,36,-0.1677222144380917,0.15781435079628195,-0.11895316704604175,-0.05647886843665825,-0.021074187594418238,0.003947895134554902,-0.9910570687826574
2000,chunks,9000,37,-0.13262016326904336,0.16122372065583673,-0.1072401156486702,-0.06311799688977328,-0.023767326823958497,0.0030950483263318673,-0.9850913571752866
2000,chunks,9000,38,-0.10596755392003596,0.15794032083643764,-0.10053132936281638,-0.06721842367352761,-0.022993506519019647,0.0028240948844721683,-0.9993054037490283
2000,chunks,9000,39,-0.074359182219771,0.1574144956449227,-0.09289347181074342,-0.07162304244738635,-0.020243654399476903,0.0026385520100438847,-0.9960165868081217
2000,chunks,9000,40,-0.04511680229545778,0.1522735262416558,-0.09338653851538536,-0.07347051742424601,-0.020415777938415224,0.002053424057196447,-0.9962487399792928
2000,chunks,9000,41,-0.03598899995462804,0.1411402677572499,-0.10438439390052782,-0.06832910096678524,-0.02479387356410244,0.002150789481430569,-0.9979041135309643
2000,chunks,9000,42,-0.04894245733320152,0.10586779744297636,-0.15177857163606157,-0.05184039211034545,-0.03179795949087957,0.0034015035403859306,-1.0115631855101392
2000,chunks,9000,43,-0.0734753164528393,0.08041788493159213,-0.16214048939389478,-0.04204122289732735,-0.022386361036309796,0.004502338226431583,-1.008809771083345
2000,chunks,9000,44,-0.09634925474182585,0.05878313346867757,-0.13954007010725641,-0.03671690065516435,-0.007749539018724636,0.0032769326211828723,-0.7386785694961832
2000,chunks,9000,45,-0.07829350350576078,0.057573702784925546,-0.0863545646566312,-0.03843267784253321,0.0031503010051253198,-0.0011327266798321634,0.9295296686936227
2000,chunks,9000,46,-0.04265415209031678,0.042535909974866934,-0.016945915041625494,-0.037075700341407065,0.008167279703429974,-0.009890955307940975,1.0267054018612116
2000,chunks,9000,47,-0.006399747542975773,0.021561290954140028,0.04078716367212358,-0.03432332996857088,0.007428417080343554,-0.019646900879194996,1.0078803028269605
2000,chunks,9000,48,0.017283716376015085,-0.004440694174605603,0.072782809880064,-0.02975968143462613,0.006353836898986883,-0.026427015957423153,1.011180438561383
2000,chunks,9000,49,0.040353788395219026,-0.02017637628731836,0.09434563830449635,-0.026262450025024434,0.004316641715846933,-0.03133568016061514,0.9903002121273873
2000,chunks,9001,0,0.3611983618861205,0.1759045484743834,-0.01698824922721874,-0.001851461532311645,0.013036801598958977,-0.010686722592376748,-1.0077176254131788
2000,chunks,9001,1,0.48074584296520084,0.29813135010544634,0.0244379209332444,-0.02442511321880569,0.025907055445819054,-0.014724682010209517,-0.988831511007632
2000,chunks,9001,2,0.5237301877005249,0.3337781921548113,0.060391938660930455,-0.041405063235556774,0.03057306830426182,-0.01929555266448564,-0.9913059643359037
2000,chunks,9001,3,0.5518393906432948,0.3344095950202173,0.0885016431909681,-0.05155419541218774,0.033326247884390404,-0.024153696123646297,-0.9859659697825731
2000,chunks,9001,4,0.5835210010113706,0.3196204397974528,0.11696929688946792,-0.05592034257041047,0.038916938824797624,-0.029458790044286885,-0.983904062897129
2000,chunks,9001,5,0.6284630355609748,0.3004918087499536,0.15615973807240197,-0.051891984446746205,0.04773872554482565,-0.03798508953297749,-0.9864572761636141
2000,chunks,9001,6,0.6751032826920085,0.2712286223289667,0.1939720652215628,-0.037888331978864716,0.04574256646281762,-0.0515530499140245,-0.9873843560950097
2000,chunks,9001,7,0.7118173790552098,0.22988277581555688,0.17924616604818008,-0.015811499087015145,0.027101737608623576,-0.06573745472746667,-0.9876594263582612
2000,chunks,9001,8,0.7299074744594642,0.19610907400610345,0.11185556647742312,-0.003722000886438469,0.014242638493006506,-0.07263801225606785,-0.9841105129746914
2000,chunks,9001,9,0.7292226856926842,0.15177877722777117,0.004295721524634727,0.0060188023673072855,0.0073129193757528604,-0.0732646215950424,-0.983449542595014
2000,chunks,9001,10,0.7243218342854141,0.10602393705953425,-0.12260645149963792,0.010766025377129219,0.004813870728727809,-0.06919911355380962,-1.000417121499649
2000,chunks,9001,11,0.7042829330472943,0.057216146302126916,-0.2673514128801451,0.01534542252566181,0.0029813221098976325,-0.06409107643343842,-0.9994836747469007
2000,chunks,9001,12,0.674946837963726,0.017779211168346895,-0.40082869407203164,0.02063172311260559,0.0009426740646065416,-0.061211903252470425,-1.0044696032905682
2000,chunks,9001,13,0.6731687417860452,0.004577280564013048,-0.47100403192073786,0.018156292439769076,-2.673514739619763e-05,-0.061146850910106146,-0.9907993304219769
2000,chunks,9001,14,0.6678124238706731,6.791999186808728e-05,-0.5340247255151493,0.015726954587128042,-0.0014823443880938297,-0.05882324418415863,-1.0004245494578936
2000,chunks,9001,15,0.6418816379303787,-0.002935658678771824,-0.5915515432871989,0.015482566711030914,-0.003849844202341711,-0.05386274354702758,-1.0044986076989522
2000,chunks,9001,16,0.5990182742291604,-0.004184578447472748,-0.654933996683073,0.014900033581712026,-0.008723832052965143,-0.0503959410725155,-1.0027552776893356
2000,chunks,9001,17,0.5408588991916662,-0.0038692713422942004,-0.7198769738296192,0.01145440232032388,-0.01636794438329356,-0.051168645536766526,-1.0203923160687847
2000,chunks,9001,18,0.444348536342649,-0.015606641354554307,-0.7816833271647471,0.008618308062712578,-0.02958496605288106,-0.05627254763171345,-1.0071449652037436
2000,chunks,9001,19,0.32464145058290284,-0.03662908667074713,-0.8335477668172441,0.004954033535463255,-0.04933746079740307,-0.06431627140420519,-1.0085238536429744
2000,chunks,9001,20,0.2018364558477359,-0.06706725644959977,-0.8644890498148099,0.002287607164597553,-0.072494675119603,-0.07372508246530482,-1.0091692606815679
2000,chunks,9001,21,0.1522150554676289,-0.0749862544606911,-0.8690245375302069,-0.00019227936625528202,-0.08129718578307443,-0.08060916982921401,-1.008264346720807
2000,chunks,9001,22,0.11104479425341447,-0.07343159002927963,-0.8743817868613508,-0.0009982006565249545,-0.08376794134226928,-0.08290108853527442,-1.0054311112189074
2000,chunks,9001,23,0.06914891768762699,-0.06951363624506035,-0.8855144538194394,-0.0019128608184909618,-0.08340506241968203,-0.08213331572264593,-1.013571563934582
2000,chunks,9001,24,0.018206314130731385,-0.06756030668642593,-0.890702811445641,-0.0020428978165822798,-0.079953394694622,-0.07831550706908988,-1.0135576512508855
2000,chunks,9001,25,-0.016963116251565574,-0.06403272306829022,-0.8947408585728978,-0.002092692654859694,-0.07511533664733028,-0.07342219403850889,-1.0165537123136725
2000,chunks,9001,26,-0.032159209893479784,-0.0672754895487632,-0.8874528143487573,-0.0024605118601515753,-0.07084519873923764,-0.06831887766597936,-1.020989382426738
2000,chunks,9001,27,-0.021856753938966272,-0.06859702191446715,-0.8847676253810829,-0.0034164582339024,-0.0688004819475176,-0.06521664914949318,-1.02121740895444
2000,chunks,9001,28,-0.017955278100892674,-0.06713522161506458,-0.889238137631601,-0.005099125833935391,-0.07031140441674455,-0.06261248357114704,-1.0271229894712584
2000,chunks,9001,29,-0.029374118147140832,-0.06342952870400853,-0.8884513114541622,-0.004903389927904267,-0.07753070933347192,-0.05851016462440639,-1.0220185673079731
2000,chunks,9001,30,-0.03914918707730711,-0.05632860539177453,-0.8975738555972361,-0.0046536947061965326,-0.0847335704042809,-0.0544180805212502,-1.0318385639156393
2000,chunks,9001,31,-0.04581695745925635,-0.048607404883574484,-0.8860409330999315,-0.00401728194169151,-0.0823282110530185,-0.04959638735491507,-1.0049419271116506
2000,chunks,9001,32,-0.05305790708980543,-0.04073392353530583,-0.8346489006800991,-0.0032622108656073946,-0.06492384333768239,-0.04647813670767558,0.4825634822093802
2000,chunks,9001,33,-0.050275307191631646,-0.03238278480679058,-0.750425733813327,-0.0033853804990736287,-0.046496966330017826,-0.04444357306705322,1.0365146102438079
2000,chunks,9001,34,-0.052039752375016346,-0.027131595579266587,-0.6618832561631096,-0.00457514146030817,-0.03230515734352721,-0.04082426748917591,1.0063293923071108
2000,chunks,9001,35,-0.06312143453039545,-0.012096788391893126,-0.5637166215557656,-0.008299478672568167,-0.020489989015045004,-0.034180321945334,1.0063809753504767
2000,chunks,9001,36,-0.1188984582670276,0.01827217690641783,-0.4632914776174095,-0.018985597985217956,-0.008138608151434643,-0.024162610906260235,1.0115355657079381
2000,chunks,9001,37,-0.2264225372098756,0.018494176261122472,-0.3718321412020104,-0.02630720077578232,0.0034316455359387696,-0.017780723691446756,1.00606363646769
2000,chunks,9001,38,-0.29430871516198914,0.01931666601994113,-0.2901792462938598,-0.03403623022485447,0.012055254894098342,-0.01595616776383577,1.0076831671732287
2000,chunks,9001,39,-0.3357187174493113,0.012637518244488263,-0.24033651433699496,-0.034142464629369824,0.019444424739162892,-0.01711319901897978,1.0191138516789993
2000,chunks,9001,40,-0.34815192026748853,0.006597913381196224,-0.19536314552047354,-0.03190323036573718,0.027907903925768994,-0.017918518168434972,1.0298900505305442
2000,chunks,9001,41,-0.3362782637604858,0.007683356224759241,-0.1510495446949322,-0.02802733695468888,0.03796375678686119,-0.018797819741588243,1.0331618892811774
2000,chunks,9001,42,-0.31224677171442716,0.009175956320446835,-0.11463307744709289,-0.02380330385713326,0.04560864004337766,-0.019369948153619865,1.0301350552485196
2000,chunks,9001,43,-0.2887394706265909,0.00922447268908054,-0.08952239671787593,-0.018891081299889985,0.04731106947674051,-0.019853218322423673,1.0345529218426175
2000,chunks,9001,44,-0.2543838904948458,0.015000666766037327,-0.06222921070635502,-0.014134735655090035,0.048577322995262386,-0.02007492190676589,1.0315170091943273
2000,chunks,9001,45,-0.20933217851223285,0.02688952896331713,-0.02883625822544339,-0.009912352412396002,0.05042124301718767,-0.02107544070117638,1.0241118064407773
2000,chunks,9001,46,-0.18546047171554764,0.0213551703238576,-0.003988650247435957,-0.007314988716058163,0.05538016913569001,-0.01978493467187241,1.0126390301716202
2000,chunks,9001,47,-0.15978878381381795,0.013602184200561376,0.029447227484406535,-0.0046117175395702995,0.05916526388801238,-0.018095092714729817,1.0143976877141228
2000,chunks,9001,48,-0.10913454848299231,0.013579538534157012,0.09169628875741118,-0.00235504223210852,0.060631954346288916,-0.017437492540387355,1.010530433262924
2000,chunks,9001,49,-0.052158530470889114,0.01210754205162215,0.17113994832257767,-0.0005597532894217752,0.06308857206713414,-0.01832815341303461,1.0020732311849585
2000,chunks,9002,0,0.31135318270665935,0.23072693246353168,0.03887385040570096,-0.013777243666308631,-0.0012800618684560925,-0.013425881889211524,-0.9871223731867609
2000,chunks,9002,1,0.2949599997891395,0.207625437524033,0.016497145872496538,-0.012385409856506432,-0.0012907948634155435,-0.012035875171487645,-1.0012367907967445
2000,chunks,9002,2,0.26155153864260555,0.17076070083226613,-0.00781989404362448,-0.00825501774006485,-0.001341416759432841,-0.011007368461864082,-1.0026509325616126
2000,chunks,9002,3,0.2382363716881129,0.13093050849159854,-0.0411124488616591,-0.004467414218368345,-0.0007690277632841861,-0.00927315366054135,-0.9972802829425103
2000,chunks,9002,4,0.2166038703493236,0.08166153761121642,-0.0703642028833347,-0.000732800566381014,-0.00118314280789804,-0.007160496611642135,-0.9994043252881917
2000,chunks,9002,5,0.2102903938285966,0.050300641425141526,-0.09008934658972027,0.0010496832527777606,-0.0017401065092901725,-0.005642610080163216,-1.0051084076996109
2000,chunks,9002,6,0.25151004058434523,0.04616270921478044,-0.07725185249406195,0.000681876546386346,-0.0014838456144976742,-0.005459025441876653,-1.007016685543899
2000,chunks,9002,7,0.3098863508671748,0.056270112321584256,-0.05842404332212029,-0.000532066662525832,-0.0011735134851852298,-0.00510687076607768,-1.000550588939855
2000,chunks,9002,8,0.3561158041883718,0.07331225081375352,-0.03913552305748895,-0.002389512637232677,-0.0010080883952460276,-0.004903485213233069,-1.0021835607126934
2000,chunks,9002,9,0.3929198959954512,0.09579761603785583,-0.019420378785873924,-0.0050049130281250125,-0.0007613804076470713,-0.00475485814982024,-1.0163170787867348
2000,chunks,9002,10,0.446716478260643,0.13515257505631778,-0.004985867870227659,-0.010665684578952709,0.00013497363336544346,-0.004593806340351947,-1.0089223694980065
2000,chunks,9002,11,0.518754869758232,0.18138918663794704,0.0060591684362765325,-0.018097365185925886,0.0011592298425014587,-0.004275964507661299,-1.0122649507081127
2000,chunks,9002,12,0.5864548091453058,0.22698206029629597,-0.00033427406139266425,-0.026039913351667932,0.0009596112259025041,-0.0034155951003313305,-1.004188991534658
2000,chunks,9002,13,0.6307470130299252,0.26263729588868145,-0.016235218079672167,-0.032330833374323076,0.0007095893197084611,-0.0023193325459915787,-1.0052717048768947
2000,chunks,9002,14,0.6484015767113991,0.2855380499519813,-0.039834259638492804,-0.03386236426991467,0.00020237985964016714,-0.00011756919604972993,-1.001937494857826
2000,chunks,9002,15,0.6526056857034446,0.30411590402969946,-0.06874606069280925,-0.03321479311201815,-0.00014405134788845683,0.0016710565952108916,-1.0061702520163027
2000,chunks,9002,16,0.6379189131866803,0.3175947793043328,-0.10489334287847708,-0.03044134646827026,-0.0008607263864056722,0.003596251873105444,-0.995115681586731
2000,chunks,9002,17,0.6139271823700396,0.3262830680662562,-0.144400643758344,-0.027711758466259458,-0.002369905807965266,0.004118786206422795,-1.0014901667057574
2000,chunks,9002,18,0.5854411686482073,0.3284333923896071,-0.18294579457421464,-0.02484090476645071,-0.0045290059918937624,0.004103124688351827,-0.9931984430309095
2000,chunks,9002,19,0.5838356239275286,0.33452180936717624,-0.21338627138807056,-0.02493092965942352,-0.006800140999919547,0.0031402800843554207,-0.9914429688990833
2000,chunks,9002,20,0.5990031786852034,0.3316143198643702,-0.22326265330903408,-0.025715555948023324,-0.007730119803980048,0.002935229156577783,-1.0035528989198954
2000,chunks,9002,21,0.6255268439200989,0.3035377917125982,-0.2059104213681841,-0.023077703625986688,-0.005750083429252493,0.001508933875352593,-1.0004073354594218
2000,chunks,9002,22,0.6379269665510401,0.2682480132366263,-0.17429412784763754,-0.019881487923408336,-0.004824380025130778,0.00027293281383704987,-0.989967634906771
2000,chunks,9002,23,0.6356407139163737,0.22561499718464345,-0.14701400090322309,-0.017533646026534257,-0.0036669654208876974,5.584835012600875e-05,-0.9960705868855195
2000,chunks,9002,24,0.6286027596269316,0.177281385275392,-0.12097230186902777,-0.015443506459479289,-0.001373223026579263,0.002064122233439457,-0.9929083989470697
2000,chunks,9002,25,0.6151062599170601,0.12530013638110668,-0.11402341788932319,-0.012787285440844516,0.00033838013823595664,0.005410605740103082,-0.9943967023902855
2000,chunks,9002,26,0.5949355796361189,0.07520994498362524,-0.1269667335415449,-0.008971032876916144,0.0014709045634688882,0.009201611036469298,-0.997049780428727
2000,chunks,9002,27,0.5552112223481758,0.04234419638235294,-0.19629955990429884,-0.00766616251065373,-0.0013476944394334583,0.009633515753352515,-1.0038307988815256
2000,chunks,9002,28,0.48846053265706313,0.005926514438309882,-0.3481038858066764,-0.012947869751676057,-0.016253497150271533,0.004906067072400627,-0.9931776919094641
2000,chunks,9002,29,0.4032062813349865,-0.04478461078088147,-0.502522528465893,-0.014677830066349316,-0.0377289761355544,0.000751660355608974,-0.9916740609333623
2000,chunks,9002,30,0.27458574634722693,-0.11457668158336481,-0.6493311979495524,-0.011008477860785463,-0.06883291694994914,-0.003497248739272093,-0.9982505157741846
2000,chunks,9002,31,0.16200113908896,-0.1845124143528823,-0.7495330443570658,-0.004865371397410169,-0.09570134479204508,-0.0069824916350406385,-0.9950785417955077
2000,chunks,9002,32,0.10326157873701021,-0.23483229625218593,-0.8014464937566163,-0.0011653984480658526,-0.10735719159927896,-0.007749042735611951,-1.0031049812473312
2000,chunks,9002,33,0.04507464891473303,-0.27990979087763646,-0.8347712859735356,0.0010860886439303945,-0.11351237462065378,-0.006430022078025541,-0.9983688914897029
2000,chunks,9002,34,-0.0189019456643348,-0.30207668733480164,-0.8605727760545224,0.0019298277011054192,-0.11712510691462949,-0.003455220970292921,-1.0037426066153825
2000,chunks,9002,35,-0.07860245656449949,-0.31944219552171194,-0.8715037297971563,0.0019926018663360555,-0.11948498065351144,-6.42706415986058e-05,-1.0045373981475634
2000,chunks,9002,36,-0.12090719485495213,-0.32792240609885653,-0.8681953215374961,0.0024917063974033505,-0.12078099559857552,0.0026350682729792546,-0.9996257491863425
2000,chunks,9002,37,-0.1562838007439375,-0.3317044295521462,-0.8506955040586975,0.004567506991488721,-0.1184754755414493,0.006715538462232405,-0.998863145473222
2000,chunks,9002,38,-0.19236711644080806,-0.31768025564369645,-0.8291045131093551,0.007012964910415833,-0.1177012605842084,0.01008256377860145,-0.9976073489134745
2000,chunks,9002,39,-0.22982614900729786,-0.28993227273542393,-0.7980194830216804,0.00763899265099572,-0.11720274508220568,0.013178788640309365,-0.991317872649915
2000,chunks,9002,40,-0.2712223558453578,-0.24487210035479762,-0.7508334993591856,0.0065389113006086,-0.11412865127427362,0.016192452867542118,-0.9922935290701489
2000,chunks,9002,41,-0.293932482202791,-0.20542025119071772,-0.6900886715555825,0.0061180381687426545,-0.10343796149394498,0.018210507003907146,-1.0048645820226267
2000,chunks,9002,42,-0.32778272274938935,-0.1761354049221377,-0.6377363039900259,0.007944482964386086,-0.08797572418663932,0.020913659670792263,-1.0036184535990071
2000,chunks,9002,43,-0.3272755052496833,-0.15677121951128076,-0.5824896911237338,0.00945245811968593,-0.06909757774815078,0.020884203078472906,-1.0188814929426364
2000,chunks,9002,44,-0.2818679645718334,-0.12303920375441246,-0.5075846623508184,0.007747744021592522,-0.0413386305284882,0.01763903862236079,-1.0205602115059342
2000,chunks,9002,45,-0.23993481862479304,-0.0967705123878772,-0.42453898108110205,0.00719223663980741,-0.013970214976537316,0.01374608702792892,-1.035319918250412
2000,chunks,9002,46,-0.21804566595342734,-0.06716992243721653,-0.2790301546730953,0.00237161618053956,0.04389209598650649,0.003828162981889538,1.0404376333338914
2000,chunks,9002,47,-0.1677536333932177,-0.04209159320200079,-0.1793730340807318,-0.0034476226798531577,0.05808975124386363,-0.0009729774470831412,0.8999066764535885
2000,chunks,9002,48,-0.10751992115632036,-0.012672717824484009,-0.07752075940783927,-0.013524690883481736,0.057649613329441365,-0.0017004840290474402,0.7784995875947115
2000,chunks,9002,49,-0.029246672753302283,0.017746158071922133,0.035486726150489645,-0.024106025664070288,0.05703833560498073,-0.0010481378722102253,-0.12626658037773958
2000,chunks,9003,0,0.36330509311167064,0.10694927588660602,0.3758737162639041,-0.0026311616917650757,0.08484059204565218,-0.00425416383186477,-0.9945748554840588
2000,chunks,9003,1,0.38336129283198045,0.11393659766398258,0.3792895454333941,-0.002827816266980491,0.08515088935270268,-0.004221564445380455,-0.9970963525478802
2000,chunks,9003,2,0.39752977898726166,0.1190039316832299,0.3668948635812604,-0.0023144895495448323,0.0831344791908036,-0.004012301998579264,-0.9901428403980661
2000,chunks,9003,3,0.42942474934026187,0.12293703186932596,0.35144121694936153,-0.00278077665507467,0.08291718827626762,-0.003535607001016943,-0.9962414299251472
2000,chunks,9003,4,0.4855145903059758,0.12934869179350325,0.3288534534146581,-0.004162733208783188,0.08572251612822876,-0.0025543645936265402,-0.9929947047476269
2000,chunks,9003,5,0.536769342987735,0.13122945452529372,0.2888230597109982,-0.004910792401705574,0.08640574438414793,-0.0017403830904350534,-0.9973768463996913
2000,chunks,9003,6,0.5796143970220006,0.13799150614198155,0.24334487937389082,-0.00441652494511883,0.08477782685306666,-0.0003695740806005654,-0.98998520261754
2000,chunks,9003,7,0.6123451838088347,0.14547749028184484,0.1822127299314007,-0.0037493148898642536,0.08294277103137646,0.0013780511414427238,-0.9910424486743663
2000,chunks,9003,8,0.6334503432654536,0.1561993120042514,0.11847146510704262,-0.0022824783030874667,0.07813555003160703,0.0031970121086487835,-0.9917180391623348
2000,chunks,9003,9,0.6459745888260131,0.16916906819543712,0.055551210897767184,-0.0014823955616982264,0.07214222088375197,0.004571283000233822,-0.9903311332443638
2000,chunks,9003,10,0.6589467892364376,0.18645534471618394,0.0017458795655652115,-0.0012581762238664167,0.06694889064353786,0.005316426820662072,-0.9948724454302427
2000,chunks,9003,11,0.6586239323872121,0.19884727025278587,-0.0469711788863687,-0.0018519107115471613,0.06273845356897957,0.005528974121169747,-0.9882642743867567
2000,chunks,9003,12,0.6494320462120479,0.2112656298166521,-0.09934148006963966,-0.0017363341601143501,0.057492309564815755,0.004700919981241031,-1.0005557767202162
2000,chunks,9003,13,0.6195069721179629,0.22189330584259526,-0.18735112274855806,-0.00035699612605357214,0.04771458210987721,0.0038809566785853733,-0.9885520782927131
2000,chunks,9003,14,0.5754033180778408,0.21923339769264286,-0.3238487895379379,0.0005025376354047626,0.03266344868881223,0.0025766796158784994,-0.9923969309650789
2000,chunks,9003,15,0.519863417168056,0.19748849506070984,-0.4992054976060134,0.0002288117151875487,0.01606263949011588,0.0013001762863066868,-0.9964558974814499
2000,chunks,9003,16,0.4317208610263645,0.15454934706005494,-0.6510819195721608,0.002538816315624296,0.0004965312445688961,0.00036627248921732025,-1.0006653096283005
2000,chunks,9003,17,0.3375223735116251,0.08672923779173644,-0.7498945816398128,0.007589136099397252,-0.020827817189303138,-0.0008135210755428127,-1.0045007299727364
2000,chunks,9003,18,0.26869582984396534,0.05995092034922209,-0.8047804916685404,0.007709877040266582,-0.031471628466773566,-0.0032845746779427455,-1.0015995817097425
2000,chunks,9003,19,0.20788854110731142,0.060121544460740736,-0.849188885466816,0.005010337957339899,-0.04439974917470558,-0.00812275112215833,-1.0046532978770002
2000,chunks,9003,20,0.16524503786449193,0.0852382572555243,-0.8804033101874604,0.002317402980947224,-0.054331073757942716,-0.01080824469526541,-1.0073421008574754
2000,chunks,9003,21,0.10072067908242188,0.13681573412906683,-0.8916945773599069,-0.00039415848186571067,-0.06982577702080164,-0.008412615967292952,-1.0008612662410412
2000,chunks,9003,22,0.05232607153032409,0.1758410617429463,-0.8847114950351387,-0.0019161331868693576,-0.08137426679445951,-0.006275325793892214,-0.9947764714935574
2000,chunks,9003,23,0.0193431747139102,0.2235974485720265,-0.8792454896818728,-0.004400557599772825,-0.08130911047322044,-0.005847542989244812,-1.0024319846495433
2000,chunks,9003,24,-0.0066463682838438926,0.2560777842675227,-0.8637463936023659,-0.008762746512454057,-0.07488763387647279,-0.006646651951203682,-0.9924591843294153
2000,chunks,9003,25,-0.013957739710364972,0.2556757955225937,-0.8542338297809817,-0.01256408320103817,-0.07101776239287554,-0.009285313957296426,-1.0014576251743998
2000,chunks,9003,26,-0.01047455128349431,0.22392296594346328,-0.8469015599621678,-0.013339965727580354,-0.06810195124204377,-0.011982465154934705,-0.9985919660452416
2000,chunks,9003,27,-0.010039922404251708,0.17414198893882946,-0.8476090025879092,-0.013055972741811157,-0.06788693151281464,-0.015685113787531294,-0.9976718424556943
2000,chunks,9003,28,-0.025477138469887,0.10788572629999185,-0.8633958153663494,-0.008801437640029507,-0.07196447522837066,-0.016860055472565284,-1.002615443427777
2000,chunks,9003,29,-0.04439559282035063,0.050777200321570015,-0.8791071386706107,-0.005123683829808303,-0.07816153395430428,-0.01524827632625983,-1.0097922659413279
2000,chunks,9003,30,-0.05681622805647746,0.010732000898193886,-0.8849459741314271,-0.0026538065746853287,-0.0828730865930905,-0.011576697208161832,-1.0115163775827878
2000,chunks,9003,31,-0.08488673512520425,-0.010042905314522954,-0.8816419049867161,-0.0010972028847578551,-0.08346220188239334,-0.007813590220220944,-1.0195567297183077
2000,chunks,9003,32,-0.11590043990066254,-0.010583711431185694,-0.8548592742601208,-0.0011778020444163347,-0.0808439314833196,-0.005185132460272961,-1.0021539667838137
2000,chunks,9003,33,-0.13512367617271887,-0.013640960894528958,-0.8010915207759717,0.0004770648762539554,-0.0728302379122646,-0.0033082767660643844,-0.7328507467327355
2000,chunks,9003,34,-0.13354685993342263,-0.010201579893738044,-0.7077216664855114,0.0005975464649386041,-0.05777884138966493,-0.0016590594667369174,-0.13734826875010925
2000,chunks,9003,35,-0.12464211411711656,-0.004997681802896808,-0.602248129192902,-0.00011744219971187696,-0.040307905116910875,-0.0009630944740553829,0.5756999388451514
2000,chunks,9003,36,-0.10580854511610532,-0.0019328837840854318,-0.5025658361708658,-0.0029220142303465657,-0.02503598598040973,-0.0007486654310052687,0.9778239540706036
2000,chunks,9003,37,-0.0676950954394572,-0.0042006613772201384,-0.39480027266574647,-0.0075846978021379425,-0.011050437956984047,-0.001161973461136341,0.999782826155416
2000,chunks,9003,38,-0.018453864416374463,0.003941892173984857,-0.27868566788691107,-0.01291825438820187,0.0027930787655340017,-0.0018884003905850003,1.0142799604711494
2000,chunks,9003,39,0.026789087884479326,0.0028816581257351537,-0.17758929624373498,-0.014562318352962674,0.01578798470273606,-0.0021827433895749704,1.0073525640792909
2000,chunks,9003,40,0.07423263102510444,-0.003281258587703978,-0.08153088739003078,-0.010386859107345147,0.025351872516211384,-0.003539359558444779,1.0121733089800886
2000,chunks,9003,41,0.11980924721233481,-0.010491988032372529,0.008092168956712109,-0.007256209511889144,0.034407935676324046,-0.004833692453244463,1.0070882230890594
2000,chunks,9003,42,0.1605203854021179,-0.020680326863570492,0.10476662087383234,-0.003972273401111502,0.04071822479068174,-0.0077049168564809305,1.012160634289433
2000,chunks,9003,43,0.14341778414609851,-0.03485971090227047,0.18512416480289606,-0.0024408940546880625,0.03518929306640386,-0.008282784473990414,1.0182792675133647
2000,chunks,9003,44,0.11479721062334733,-0.03802882263442581,0.2572872623357255,-0.0016034692857924773,0.02995788661732314,-0.0076458004174212515,1.0200436434046747
2000,chunks,9003,45,0.08447127399834486,-0.03485683794459232,0.3159179954545718,-0.0012365523448780243,0.02242267414023192,-0.007487264154603764,1.0195214461496636
2000,chunks,9003,46,0.061431537522021164,-0.023175138528909567,0.3933968425781344,-0.0005984311369154815,0.013416658308814458,-0.009212258198915416,1.0346789023725294
2000,chunks,9003,47,0.04799951889764102,-0.013351256912188164,0.4602545932701727,-0.0002759595048787637,0.0064057762372477615,-0.012376756876283257,1.0237858605587546
2000,chunks,9003,48,0.037874218902174,-0.007519659818045588,0.5023008396457674,0.00018402503009082131,0.0029957636757542132,-0.014082153260457819,1.014947356624229
2000,chunks,9003,49,0.028344759528113175,-0.0043850799105317195,0.5220172216777365,0.0005129789043819984,0.0005867866783897772,-0.014938590896784482,1.0090734923100744
2000,chunks,9004,0,0.08705680120902161,0.0289173582578216,0.024199519944598097,-0.024755955989429874,-0.0020938000930044096,-0.007761585500363457,-0.9925089398592446
2000,chunks,9004,1,0.1180206329074351,0.038179492149706604,0.02857238820134142,-0.028786373306946004,-0.0015369940590760824,-0.008237004147583406,-0.9831553718677049
2000,chunks,9004,2,0.14899049560068311,0.04930183797195141,0.03153262420859458,-0.0323647241429381,-0.0010231741729485877,-0.00854056790358446,-0.9786641689239528
2000,chunks,9004,3,0.17673754994344926,0.05985880262288447,0.027534296672025907,-0.03351061396353509,-0.00021651550771067257,-0.008145117850589575,-0.9854513183899059
2000,chunks,9004,4,0.1962676085634944,0.07170609847414906,0.02464244344748036,-0.033532612028356196,0.0001037477372514365,-0.00757326044445257,-0.981296731649147
2000,chunks,9004,5,0.20582164333866237,0.07972360090916158,0.014998635306305214,-0.03076514298375643,2.2640585234448563e-06,-0.006133178831104619,-0.9836177917444611
2000,chunks,9004,6,0.22546614640559737,0.08823330155188494,0.003201228454690619,-0.029446065273569955,1.70828655510942e-05,-0.004299190149935957,-0.9795368950656533
2000,chunks,9004,7,0.2708677644298373,0.09948100127752849,-0.01003236981540067,-0.030445342991694435,0.0010994516261627688,-0.0033424803326022982,-0.991474449293549
2000,chunks,9004,8,0.3436067444561232,0.12254095099570077,-0.04453718747190002,-0.03318272718287124,0.0011475817958808993,-0.004767693775780443,-0.9946609254764178
2000,chunks,9004,9,0.44183343092794425,0.1538600625473094,-0.10182723663869155,-0.03743981518507318,0.00032519410837949896,-0.00788625476847989,-0.9914994449625627
2000,chunks,9004,10,0.5241881821705336,0.1713446294803531,-0.14101155855695374,-0.03867281609247171,-0.00018285108597547277,-0.009879385104666103,-0.9956558002648086
2000,chunks,9004,11,0.597613594138839,0.17139609626385727,-0.1509400654869854,-0.03844579856329796,0.000519359171843866,-0.011209270038882547,-0.9940040817402096
2000,chunks,9004,12,0.6497229062862829,0.1551926220005722,-0.1360478892035657,-0.03323041048815109,0.0012201823428957329,-0.014052187439320352,-0.9864779093809604
2000,chunks,9004,13,0.6700939094914584,0.14709390922021096,-0.12254842974461327,-0.029994073315075146,0.0015125539233250586,-0.015994934719953946,-0.9936837363028954
2000,chunks,9004,14,0.6636682636895574,0.14553820263748488,-0.10313247579319124,-0.02660978978190189,0.0008651442329564024,-0.01588118218122134,-0.9916540172365116
2000,chunks,9004,15,0.6549111869623435,0.1494301730544678,-0.08935466628247932,-0.023109852360349188,0.0014005403794989588,-0.014121099430151468,-0.9854752529220276
2000,chunks,9004,16,0.6451931596869145,0.1598329204355247,-0.07086741505065412,-0.019478420256438256,0.004553007491648265,-0.012032137912779666,-0.9856352487845361
2000,chunks,9004,17,0.6323731786970141,0.1649861263147848,-0.056157133909604307,-0.016549684148568965,0.0073164170785082125,-0.011538260267286288,-0.9823430126247548
2000,chunks,9004,18,0.5955333703995673,0.15879138173687185,-0.05272347542804773,-0.013578439280212972,0.005941361402539598,-0.01241301921340767,-0.987276355940214
2000,chunks,9004,19,0.5573251763220308,0.15391960600350196,-0.060414042100816606,-0.013683217562823972,0.003348967813231114,-0.017132332253692633,-0.9832810576373687
2000,chunks,9004,20,0.5300632017554164,0.1405668873704421,-0.07168237593816348,-0.013113515336015267,0.001827519348046279,-0.02440838702629778,-0.9868032067904378
2000,chunks,9004,21,0.5023700291150042,0.12403541006400365,-0.0989787745636371,-0.011972108714779372,0.0013640147285739548,-0.031766657119415585,-0.9966867537075306
2000,chunks,9004,22,0.4640452237660863,0.13309400053764103,-0.18612939764940903,-0.011232066004143712,-0.00019717851219567747,-0.03839653986141161,-0.9945953707973061
2000,chunks,9004,23,0.4349384509411961,0.17368997693079824,-0.3331282371901651,-0.013619723148453953,-0.004193350339866966,-0.04152805668429871,-0.986793656558409
2000,chunks,9004,24,0.4046154214723863,0.20458466531796154,-0.47724198251235406,-0.01473698579989489,-0.01047787775138083,-0.04026439990834414,-0.9830004458814587
2000,chunks,9004,25,0.3428828445072725,0.21185996589475942,-0.6233696056528791,-0.014559237373997672,-0.022486631739580043,-0.03519792886344215,-0.9921526336716981
2000,chunks,9004,26,0.25564051365742313,0.18765391730988762,-0.753461167238945,-0.010801136725671156,-0.040150295690208185,-0.030794439863975235,-0.9907196272509704
2000,chunks,9004,27,0.08359289752012482,0.12959796488185238,-0.8987537610853211,-0.004344287549872465,-0.07662935829787032,-0.02949485841549882,-0.9877208543939038
2000,chunks,9004,28,-0.06944050868105872,0.08009847963678443,-0.9971751796217283,-0.0016019834789995175,-0.10245003844600821,-0.03045930392125171,-0.985488104468832
2000,chunks,9004,29,-0.13110587797319614,0.050068452928867524,-1.0288619003156798,-0.0013102888269990948,-0.11175033721312175,-0.031113110013069583,-0.9793774887236404
2000,chunks,9004,30,-0.12327501037485081,0.03435692337702757,-1.0255192241738573,-0.0011626502523257724,-0.10677025076677757,-0.03021390808367919,-0.9884306370706175
2000,chunks,9004,31,-0.106165005801819,0.02814478613866106,-1.007459160199514,-0.0017842815046665537,-0.09345678690816366,-0.02771178278124926,-1.0036031260661213
2000,chunks,9004,32,-0.10294476152698534,0.026224171681430444,-0.9710513155518942,-0.0021222271660714873,-0.07844389606899457,-0.025112446134549486,-0.9936099283368451
2000,chunks,9004,33,-0.11733747790338972,0.02667270515737094,-0.9429266744530893,-0.002330005176816163,-0.06485528217305317,-0.022258374874570067,-1.0003500340672484
2000,chunks,9004,34,-0.1398052629983254,0.027880903567609056,-0.9052587619501835,-0.002670344182365119,-0.05617956323446321,-0.018582055338847738,-1.0056041944364185
2000,chunks,9004,35,-0.17061936712437997,0.030152673726928855,-0.8768243191699481,-0.0034367095773833105,-0.05626545814726055,-0.01522686904611677,-1.0086019061565932
2000,chunks,9004,36,-0.16372084799096243,0.0384971088875284,-0.8450005825770267,-0.004420177748780176,-0.061629750217063094,-0.010976338286930839,-1.0313805064905506
2000,chunks,9004,37,-0.16646527566434527,0.03913663771656334,-0.8128298836772131,-0.0041115392748348,-0.06186632879557631,-0.007794405625519998,-1.0261915470881953
2000,chunks,9004,38,-0.16750860165697662,0.03429949943127897,-0.7707370752604337,-0.0031875064998814467,-0.059804607132606526,-0.004573400033593834,-1.005943404529592
2000,chunks,9004,39,-0.21425408423081155,0.02506201805123527,-0.6713423598631337,-0.0031134161426409177,-0.049801509998360804,-0.0012188388028456024,0.9027409730923802
2000,chunks,9004,40,-0.2209856134234216,0.018370434875636235,-0.5910216149666192,-0.0037013831689376333,-0.04262641000860233,-0.0003029131871198701,1.0365095403675457
2000,chunks,9004,41,-0.2113549452887395,0.021825898806174512,-0.5341261662345046,-0.007695163084461218,-0.04167758075340901,-9.578819003587535e-05,1.0170395648631474
2000,chunks,9004,42,-0.2034276901142663,0.0216490217867681,-0.48347231183796996,-0.008478397308021563,-0.03935629394990218,0.00014364988891796965,1.0059706101334829
2000,chunks,9004,43,-0.19334505850441003,0.019533581366205477,-0.41052055234830026,-0.007270044232343045,-0.029201139605163864,0.0009990188003860326,1.0083970764934118
2000,chunks,9004,44,-0.19412565702745355,0.014505567434396585,-0.32272089779956337,-0.005065639717222973,-0.013525650765707838,0.0028840352688727297,1.0171694951803798
2000,chunks,9004,45,-0.18998481931055822,0.014629682022718457,-0.2486217483690876,-0.004526332472805053,-0.004330391417180886,0.003018301205402453,1.0113657248531531
2000,chunks,9004,46,-0.18792649855552113,0.02502120515245429,-0.1972342775829197,-0.008391503389615623,-0.0037497534140915126,0.00262928098581041,1.0196177737986463
2000,chunks,9004,47,-0.18433702738734503,0.02267211159052683,-0.15830042829361096,-0.010373593086862474,-0.002115026196229915,0.0013851191500167531,1.0158376504766986
2000,chunks,9004,48,-0.16952248445306833,0.006088456302727585,-0.12198837795294445,-0.009014841523051365,0.002094180491739643,-0.0014716632616745065,1.0123522874025557
2000,chunks,9004,49,-0.14130721545144215,-0.01568568994008146,-0.08504648838851094,-0.006783490159706714,0.008647946861615848,-0.003867329143680903,1.0019889887061357
2000,chunks,9005,0,0.6368172996152289,0.2552060951084655,0.10119483389972908,-0.011053220799730557,0.030520316446555562,-0.01546037559282883,-1.0138304813362535
2000,chunks,9005,1,0.7038891488097155,0.25132475745151694,0.07435053767414546,-0.012759698805152306,0.04754399171774952,-0.018132725380047156,-1.0113324471881575
2000,chunks,9005,2,0.7334804958183762,0.24525201499304491,0.057640077523172545,-0.01225313711759416,0.05414801048075238,-0.019950812134689952,-1.0184891081007588
2000,chunks,9005,3,0.7546224190638666,0.23576315685772475,0.03800307904290065,-0.010624983471945982,0.061121733329683695,-0.02063487035225976,-1.0106757213560484
2000,chunks,9005,4,0.7825055499846956,0.2319993288030635,0.01627408476778891,-0.009165685284513076,0.0673121023121837,-0.020009395304086037,-1.0083179930859076
2000,chunks,9005,5,0.8063270406237916,0.2331663692779367,-0.005788284265159774,-0.007117438907096832,0.06988156737657159,-0.01810628919213389,-1.0017310447802634
2000,chunks,9005,6,0.811773642892974,0.23362990128293235,-0.0417505908149922,-0.004901596335687318,0.06999114916577187,-0.01664395668351933,-0.9988038397113637
2000,chunks,9005,7,0.7958789740634529,0.22311758014101782,-0.0855412865669066,-0.004044036619321416,0.06638329972674888,-0.01614492992602829,-0.9981808344516034
2000,chunks,9005,8,0.764130661614782,0.20254026018430416,-0.1432228661054744,-0.0028043230211910715,0.059352089192486815,-0.015431616185028675,-1.0070135021332227
2000,chunks,9005,9,0.7472747172133722,0.1678235029754303,-0.21062244986936318,-0.0014998049676855575,0.05136378491952984,-0.01610358185731706,-1.0058424786207438
2000,chunks,9005,10,0.7533632051244041,0.1263946012271823,-0.28926017446241126,-0.0009017528910749027,0.0436976136535444,-0.01788929652074199,-1.001236437084447
2000,chunks,9005,11,0.7302392875165877,0.0801066900991686,-0.3823808912362101,-0.00026417616646393365,0.0328131225089317,-0.018078620364506415,-1.0127114535314874
2000,chunks,9005,12,0.6633315030498452,0.035128509677376976,-0.4968704140220854,0.0014165900383355848,0.01662778545578,-0.0165604671981957,-1.014148114979288
2000,chunks,9005,13,0.5715388227110879,-0.003150905174620189,-0.6106190607452395,0.004927995201066337,0.0022199952587165575,-0.015625339503517754,-1.0248146630186494
2000,chunks,9005,14,0.45946210105674523,-0.035858260859194885,-0.7255475851416393,0.015525695729453268,-0.010477155189445475,-0.015503587919831231,-1.0071108909190973
2000,chunks,9005,15,0.3780260472847876,-0.05655259750879024,-0.8021074856005307,0.021551260970478665,-0.007817299271329133,-0.016805543948182625,-1.020885980531808
2000,chunks,9005,16,0.3000527776757395,-0.05787628459275282,-0.8623326765741385,0.019135296941336827,-0.0020110817443244836,-0.01782196029805617,-1.0182142736457056
2000,chunks,9005,17,0.190237137378221,-0.05589607034682617,-0.9080046985271455,0.015736156902596533,-0.0007213348064104737,-0.015583993620337928,-1.0066977549557743
2000,chunks,9005,18,0.07817444591246045,-0.04758732182718972,-0.9498578542875048,0.01311387352345353,-0.0017242430344041777,-0.011651304693842644,-1.0091411995059767
2000,chunks,9005,19,-0.010333328497264302,-0.033509984118568065,-0.9458424484395338,0.009067118580665076,-0.0024862431159828526,-0.008272219615163303,-1.0080574250268481
2000,chunks,9005,20,-0.06890728928745532,-0.01789152994562515,-0.9159423861407181,0.0042463676641236086,-0.004171060223082035,-0.004849865385664946,-1.0068519735174257
2000,chunks,9005,21,-0.13158218211015754,-0.006747848187682204,-0.8846961968734591,0.0021329606126688975,-0.006045832769090471,-0.0022252935005606933,-1.0078942457536635
2000,chunks,9005,22,-0.21037727407819895,-0.00781440555944904,-0.8594925589509093,0.001630315768044455,-0.0076801537272293795,0.00012425111213901913,-1.0037357681776333
2000,chunks,9005,23,-0.3311271080107121,-0.010124179033938085,-0.851876243991965,0.0010617712518914625,-0.014132649221089475,0.0016471119131029402,-1.010115323172922
2000,chunks,9005,24,-0.46219456566917894,-0.019459981757266626,-0.8612599694771681,0.001885991713625428,-0.024782399628791606,0.0023238048898272107,-1.003891873204871
2000,chunks,9005,25,-0.5246698217287359,-0.026213685601093023,-0.894696688607903,0.0057010873480793645,-0.038964667315509335,-0.0017757253188366226,-1.0047292281168347
2000,chunks,9005,26,-0.5487628877040931,-0.03358327270561301,-0.9290343303873665,0.00964245859276547,-0.06038239357935664,-0.010084016410413375,-1.0096261390656651
2000,chunks,9005,27,-0.614111497494274,-0.04334708979048457,-0.9468226433806021,0.005899619101908598,-0.0966791152160548,-0.01715509784160587,-1.0066637985752271
2000,chunks,9005,28,-0.6419957840548317,-0.048294491909794374,-0.9324359739887538,0.001980820090283784,-0.12670596477709262,-0.021272748291174863,-1.000689008352224
2000,chunks,9005,29,-0.6214663498655901,-0.05049357201491886,-0.9007149297829613,-0.0008883431332368642,-0.13615173547805093,-0.01621219621170905,-1.01505149618676
2000,chunks,9005,30,-0.5828433533529076,-0.05056018520029984,-0.8463501585855577,-0.005753399527207098,-0.13890218344518696,-0.010958788469723205,-1.0183431428260459
2000,chunks,9005,31,-0.546157281253129,-0.050798373108195904,-0.7968395219039165,-0.009671901689945833,-0.13417750668278774,-0.006787373947513147,-1.0244600074884906
2000,chunks,9005,32,-0.5071231659069362,-0.05157993026166363,-0.7447522297580075,-0.015268356242516556,-0.12743512746565727,-0.003398886712715845,-1.038375756691454
2000,chunks,9005,33,-0.5119593737168782,-0.056928222642084386,-0.7050140031275878,-0.01524574260684747,-0.11898395021036826,0.00030352151142584716,-1.0287583193260792
2000,chunks,9005,34,-0.5000632183489059,-0.05818826808022526,-0.6421062934108895,-0.012964462042045388,-0.10333292981363881,0.003911632797430488,0.4819226734306526
2000,chunks,9005,35,-0.4425354004231852,-0.05215439504916369,-0.5685990715780549,-0.01188776925915628,-0.08730808082751058,0.006222434494857515,0.9844248150599441
2000,chunks,9005,36,-0.36257361792146603,-0.053665753868514576,-0.4947069201825232,-0.009837374633222349,-0.07300265840771451,0.004950603831436383,0.990914964100209
2000,chunks,9005,37,-0.28256586262678673,-0.05377563041657851,-0.42352977526252145,-0.010005178621435873,-0.060551451791958755,0.0036648382197567372,0.9874138018767837
2000,chunks,9005,38,-0.23932106558759086,-0.055868946246394074,-0.354844812139477,-0.009667236475346697,-0.05266716935371153,0.0015913939753829723,1.0001746214767981
2000,chunks,9005,39,-0.1962490547447171,-0.04666514466187652,-0.28401774478838226,-0.011289328935449882,-0.04417735099508436,-0.0018157795529542137,0.9975768994128946
2000,chunks,9005,40,-0.14796254464943637,-0.03808321166654871,-0.2097529858040155,-0.010737092359680608,-0.030108741236784572,-0.009250441618147611,1.0009396422239507
2000,chunks,9005,41,-0.1059677164318728,-0.03644296407920486,-0.14904349675389206,-0.00676774506043463,-0.01443359481623767,-0.021018667151786262,0.998490184564693
2000,chunks,9005,42,-0.06636966695491028,-0.03993156560492314,-0.09807883934170766,-0.0026152568409214044,-0.0015769255206763057,-0.030316975559357237,0.9932822426023789
2000,chunks,9005,43,-0.052704172991576814,-0.047366836408516466,-0.06191694567320841,0.0001401101433016348,0.0021571275339153147,-0.033214321433984194,1.0097952422528491
2000,chunks,9005,44,-0.05196048271237094,-0.05645088917373289,-0.02935508842509567,0.0020422584355270583,0.003632817612334487,-0.033266376421064066,1.0085217011261838
2000,chunks,9005,45,-0.02130457483106271,-0.04941802960884481,0.05568559829441222,0.0006771254018465025,0.008560368872824506,-0.039212035391486114,1.005356447681157
2000,chunks,9005,46,0.030085685637330314,-0.04149032822596374,0.1697676754050821,-0.00037500704162585566,0.008280334045974204,-0.04825072069840021,1.0145632250692898
2000,chunks,9005,47,0.10217054649182548,-0.02684914440675057,0.30459385114193394,-0.00655003569679269,0.005398468796828357,-0.057373766971286946,1.0121763744866659
2000,chunks,9005,48,0.12761997237134506,-0.01740225398653303,0.4101616251104894,-0.016166495982790914,0.0038605126449115443,-0.06306912194697656,0.9973071348341036
2000,chunks,9005,49,0.11035915681370859,-0.019984127536021162,0.460332586079899,-0.019900920588908688,0.0027597422534321164,-0.06564606017503968,0.9961853952350578
2000,chunks,9006,0,0.26118473136994524,0.2062819284404037,0.375285321150869,-0.007158387648569052,0.04466056913966669,-0.001210905323833937,-1.0028691730490873
2000,chunks,9006,1,0.36373257147009147,0.22818791386607615,0.3379136645025976,-0.005172295959629071,0.050165016944657116,0.00014515790558960323,-0.9993631767575981
2000,chunks,9006,2,0.43941684380011725,0.24539905691028863,0.2873421976604172,-0.0035156807552560233,0.05440756788300899,0.0013672480596921208,-1.001406690603579
2000,chunks,9006,3,0.48646308161336493,0.2571830561523154,0.23330052363768583,-0.0033339123704962566,0.05420721606433909,0.0023904461135252283,-0.9938233347562557
2000,chunks,9006,4,0.5256121831125705,0.2729213436433147,0.16151120191694707,-0.004601720372150266,0.05348157429337107,0.0023335086492794962,-0.9990731326737581
2000,chunks,9006,5,0.5708484363143715,0.2932274648450852,0.07884700116983989,-0.009092393294539848,0.052092839272168456,3.096170398114023e-05,-0.9961255301957104
2000,chunks,9006,6,0.6487134910969428,0.31037586756353186,-0.03543895871375936,-0.01535420650273354,0.05516307941644527,-0.0038392450650858757,-0.9938256928382383
2000,chunks,9006,7,0.7249688480785599,0.32254750484522277,-0.14125710795933033,-0.02128245530472646,0.05761958106308403,-0.007882255246002935,-0.9953049176658217
2000,chunks,9006,8,0.7682257432211663,0.33199864836945403,-0.20112354313413286,-0.022483280917599005,0.054168787763712825,-0.010538217918722777,-1.0025597926929914
2000,chunks,9006,9,0.7988727310083181,0.3474764261980481,-0.24179415099666246,-0.0243719178984201,0.046907742562334195,-0.014266660192998628,-1.0000650598596708
2000,chunks,9006,10,0.8169188398753963,0.35901025279206056,-0.2654515898108398,-0.02434203615212972,0.03535290352958171,-0.019815388959279603,-0.9947069080750754
2000,chunks,9006,11,0.8192172628409563,0.36655601980125624,-0.2805230188268849,-0.022861892923443743,0.02087559455568555,-0.026870556443523482,-0.9889608518043689
2000,chunks,9006,12,0.8193810025450267,0.3708458244410356,-0.28804221827400334,-0.02087698472414169,0.008916393613518939,-0.034704880080735315,-0.9949598123676919
2000,chunks,9006,13,0.8095200731943868,0.37305050963025765,-0.2855159354839203,-0.021711828470090934,0.0022936927069826547,-0.038098385295645784,-0.9921212711813319
2000,chunks,9006,14,0.7978889204617184,0.36817239649024475,-0.2842804559466794,-0.023604765072672517,0.001120863448118646,-0.03909720593215213,-0.9825145630889773
2000,chunks,9006,15,0.7832160517354408,0.35322893245728587,-0.2900172387616734,-0.0246446735914886,0.0010883597684482743,-0.037645350861108345,-0.9996700811276125
2000,chunks,9006,16,0.7606305900137489,0.3289587915665644,-0.3175835525888532,-0.025564067712006307,0.0007040100195168514,-0.03459274483524476,-1.0044303412255606
2000,chunks,9006,17,0.7399179147000139,0.30457271838365346,-0.3672542358565019,-0.028322639101836456,-0.002228558377590832,-0.034166981461618506,-0.998876704444621
2000,chunks,9006,18,0.7239914657779516,0.28175439285609033,-0.4456846286365329,-0.030193796370355096,-0.003747457079373259,-0.03620306623210096,-1.0079765428148504
2000,chunks,9006,19,0.6870470359713094,0.25279771158661124,-0.5358588916560099,-0.030866315333582833,-0.004281437120596725,-0.03805366058090893,-1.0000069331388037
2000,chunks,9006,20,0.6295416085653337,0.20846513686266888,-0.6283428989407056,-0.029880045846118905,-0.006241290125387013,-0.03947430189238117,-1.0017724291190553
2000,chunks,9006,21,0.5296281395112755,0.1323238647992566,-0.7102632752521134,-0.018624896903741767,-0.003559000932297744,-0.036999134027105356,-0.9969303435763164
2000,chunks,9006,22,0.43658899338381374,0.07075067104864888,-0.7502838781322984,-0.009127003531112975,0.0008469554048005333,-0.03217788343088037,-0.9948163230790605
2000,chunks,9006,23,0.36375523284289785,0.029954087568988666,-0.7580034974048387,-0.003787838844645966,0.004264702377586055,-0.02644756213819139,-0.9946586852985346
2000,chunks,9006,24,0.3073480062597993,0.005303251619658639,-0.749749777585806,-0.0010917455523416523,0.004985302658852501,-0.022191777361500208,-0.9917835938414465
2000,chunks,9006,25,0.26639843612003866,-0.011799451355328977,-0.7479747457935468,-0.00044617109379465627,0.004532992429310399,-0.021829700373108128,-0.9894586429108616
2000,chunks,9006,26,0.18938608094546397,-0.02732937899903201,-0.7720005365261285,-5.2911938965692195e-05,0.0015870871058778317,-0.023586201038200007,-0.9831211796789594
2000,chunks,9006,27,0.1055759504336709,-0.02990399973869537,-0.8073480238654793,-3.068147271403313e-05,-0.00823046347473488,-0.026084822933782635,-0.9780873820710485
2000,chunks,9006,28,0.020521042450589624,-0.028826668775635417,-0.8378606245579444,-3.379487070212018e-05,-0.02329955164097266,-0.026697077702468316,-0.9878177715633818
2000,chunks,9006,29,-0.060527384476719015,-0.021395383496664255,-0.8617120162473793,-0.0008384803321881634,-0.03518738435728326,-0.025451816544376345,-0.9857690699370394
2000,chunks,9006,30,-0.11431719541537505,-0.012203693400397786,-0.8758586992047345,-0.0020571246900383186,-0.041579072443507184,-0.02452188167232422,-0.9792084142454995
2000,chunks,9006,31,-0.1664278979418678,-0.00176619590624838,-0.8883473395844201,-0.0022344653393078133,-0.043816603968756175,-0.02334141277835896,-0.9848395140195623
2000,chunks,9006,32,-0.24534794345558258,0.003874912827331184,-0.889803335168562,-0.0012770683119215911,-0.04419014237263877,-0.020014590312243265,-0.9773234814128375
2000,chunks,9006,33,-0.33276714135454627,0.005718112341635967,-0.8925346967696692,-0.0009952040451381016,-0.04237637842955774,-0.015175930865586475,-0.9797328516783939
2000,chunks,9006,34,-0.4000511587804869,0.0023108267847104236,-0.8780556264812763,-0.0016243783839104396,-0.0409140600997254,-0.01031039375367197,-0.9836555210561799
2000,chunks,9006,35,-0.462661408005861,-0.00814893613144474,-0.8594402114231258,-0.0018652134475499551,-0.0399710539005573,-0.0055134932556311494,-0.96258252142012
2000,chunks,9006,36,-0.5058445227745337,-0.017543535905294533,-0.8391104565523247,-0.0019316857249561284,-0.040052715973958236,-0.0021386699631977465,-0.9808907878358701
2000,chunks,9006,37,-0.5643661186395147,-0.033689642555334465,-0.8221090253662067,-0.0013523023185548087,-0.040801301746407705,0.0004495630911828044,-0.9913820124798374
2000,chunks,9006,38,-0.632043486938136,-0.05689557795630995,-0.8173481818218501,1.796307612981986e-05,-0.04222468104910525,0.0005916270037768928,-0.982332519159933
2000,chunks,9006,39,-0.6825638666860024,-0.08938337770851901,-0.8089822569406077,0.0012745775312347635,-0.04161573448162481,-0.0001663589992057929,-0.9814291379524609
2000,chunks,9006,40,-0.7213843331373387,-0.14819760964334405,-0.7743394307430567,0.0026086992304952764,-0.038502717123118826,-0.0020738689569454044,-0.9745194861275202
2000,chunks,9006,41,-0.7269494607062033,-0.21377684008894599,-0.7193804789460191,0.00359994093680105,-0.03302150350512606,-0.0029205241546890887,-0.9753557799025918
2000,chunks,9006,42,-0.7230981468551066,-0.28895417147726765,-0.6346152008590024,0.00513109608419737,-0.025192565248529877,-0.0021692783305692145,-0.9821484708612036
2000,chunks,9006,43,-0.6896764680791749,-0.34114682745521013,-0.5341379040967387,0.005636759413284482,-0.017625016432082634,-0.0023481094380429987,-0.9820680602656027
2000,chunks,9006,44,-0.6347497785004693,-0.3510882186742188,-0.43878866238881986,0.005848620463280001,-0.011067487323346278,-0.0055835570215143696,-0.9796260305645894
2000,chunks,9006,45,-0.5162236120885614,-0.31963966911270814,-0.34465940735258643,0.00438234476466165,-0.006256019942189692,-0.015119312488926336,-0.9940138677804369
2000,chunks,9006,46,-0.3728905916000722,-0.2671648436247671,-0.25470125172796276,0.0023991645383490924,-0.0019894300356752097,-0.02655098366995756,-1.003280658355023
2000,chunks,9006,47,-0.2744880492638996,-0.2212096322623856,-0.20010596504888764,0.0018549530378606147,0.0009491780893097993,-0.034225650959505215,-0.9528653371868883
2000,chunks,9006,48,-0.20166570066530526,-0.18616670281672187,-0.15144092730037406,0.001416940788729927,0.0036943775677426884,-0.039931692091015096,-0.49922053195993443
2000,chunks,9006,49,-0.1456321610226274,-0.1501792462849839,-0.10532420169476206,0.0016750969848722285,0.00705423253004487,-0.04212472205744989,0.6185812470314449
2000,chunks,9007,0,0.47269410372369414,0.14910075465716413,0.01588932209412837,-0.017094458099578436,0.0063398035274231,-0.015727902121440512,-0.9284996297746506
2000,chunks,9007,1,0.5502019936025919,0.120379712249798,-0.003614485027593442,-0.013082723513534667,0.00422651009451297,-0.015458146350792491,-0.6487538794725426
2000,chunks,9007,2,0.6217027598301116,0.12735663363871708,-0.015556890637090814,-0.016209729679504674,0.001753336322683062,-0.01717267169965899,-0.9186343579929217
2000,chunks,9007,3,0.6768444706258516,0.15933899000333143,-0.016737839181653974,-0.025250587476492708,0.0011554110011081711,-0.02256481697543568,-0.9766676988135214
2000,chunks,9007,4,0.7201599422572101,0.190764527737165,-0.020740387620104245,-0.033236969286170905,0.00039365080622289286,-0.029238970934401365,-0.9826885895392812
2000,chunks,9007,5,0.7420408971092499,0.2203263961332369,-0.027194261333262623,-0.03746661282767344,0.0011523272963559414,-0.03211358291132051,-0.974365503374067
2000,chunks,9007,6,0.7338801304820819,0.23727340311013168,-0.03796757795035341,-0.03900657423162972,0.0017462325812463084,-0.03068153749696041,-0.985494825002482
2000,chunks,9007,7,0.7171997710919623,0.24183117442746627,-0.058612725285308045,-0.03846262208332592,0.0017608927535250982,-0.028907097990070244,-0.9906731730359164
2000,chunks,9007,8,0.7025641717469376,0.24369519584337482,-0.08675988249662119,-0.036995913610278916,0.0013375285292246668,-0.028426970615431386,-0.9918077641817666
2000,chunks,9007,9,0.6805097987080991,0.2461983447192309,-0.12041934286141037,-0.03599978873979712,-0.0002487522167061336,-0.028073483858239132,-0.9852395626278829
2000,chunks,9007,10,0.6567441037996579,0.25133140468692916,-0.1699990437893249,-0.03548334042196994,-0.004017486309624736,-0.02775521584692389,-0.9866676170764477
2000,chunks,9007,11,0.6183038789328289,0.2465184964197099,-0.2384122559312616,-0.03483722226125265,-0.016365011575009757,-0.028432077109566585,-0.988867118045567
2000,chunks,9007,12,0.564568473345779,0.23802886423135608,-0.31549237733177615,-0.031580052545824105,-0.03329600933060756,-0.030659636286719104,-0.9815011773570244
2000,chunks,9007,13,0.49725112293641155,0.214022338332295,-0.39742610476610424,-0.023517786786688425,-0.04906210956478435,-0.033908731967451665,-0.9794767639751012
2000,chunks,9007,14,0.4131180949474338,0.17377198297275878,-0.4692109204828574,-0.014229385141235463,-0.05587838162176183,-0.03621858350509899,-0.9913905015749742
2000,chunks,9007,15,0.3116334072840157,0.12516473592778804,-0.503721765267373,-0.007199359825479648,-0.047070245228416185,-0.03539123747734652,-0.9949378822052553
2000,chunks,9007,16,0.217654708000192,0.07526305245129367,-0.5155501091741296,-0.0015828484435665246,-0.02819076006741288,-0.03302103959283957,-1.0032561343024056
2000,chunks,9007,17,0.15370702247121423,0.033854775440887205,-0.5208923384919881,0.0032190885030476844,-0.009974801500348381,-0.030700221604968884,-0.9975184492227367
2000,chunks,9007,18,0.12869814812454722,0.008892448913490308,-0.5249990882726057,0.00706888655346569,0.0025534667810913677,-0.0314512379482909,-1.0019040100936754
2000,chunks,9007,19,0.13319932875437007,-0.0047055273566540545,-0.5422036234161494,0.008462262415112949,0.011740206282862476,-0.03357160336646674,-0.9964120371565766
2000,chunks,9007,20,0.14727323302059966,-0.00942327594234707,-0.5716716099994557,0.0072630304120498874,0.01342227630040823,-0.03464414416290218,-1.0028296751758816
2000,chunks,9007,21,0.1325645575196009,-0.019684156954918708,-0.6119595134864416,0.009385445264834579,0.008000748039388966,-0.032996878543122214,-1.0010018079271945
2000,chunks,9007,22,0.11620588128210732,-0.0433390905749885,-0.6602128081670599,0.017300859880026324,0.0008514552148718522,-0.030274746721488513,-0.998869866006872
2000,chunks,9007,23,0.08095400774212852,-0.07707303572010143,-0.7050889363049782,0.02708453358119103,-0.010044097801618667,-0.024963972058335226,-1.0023206831799722
2000,chunks,9007,24,0.05098058186236053,-0.09989136124766457,-0.7428678300171593,0.029607383520035037,-0.021191125586454376,-0.019618187367554416,-1.0057299981101815
2000,chunks,9007,25,0.025191677784078992,-0.10512715761860894,-0.768835652837862,0.0255564336337775,-0.029758369309945853,-0.014674078215984671,-1.010878162694241
2000,chunks,9007,26,0.006314095160585259,-0.10141608495346927,-0.7800211123611648,0.018763749938980803,-0.03444986045671161,-0.011585874254544753,-1.0171013768540937
2000,chunks,9007,27,0.004320454116617814,-0.08123288127432146,-0.7727461411115506,0.010533791119373241,-0.03206009760966032,-0.009580209895732664,-1.0156575232562468
2000,chunks,9007,28,0.014503788894714084,-0.0669942495250723,-0.7586602057634829,0.0052144278159703475,-0.025904341955533518,-0.0085847790184404,-1.012241841504685
2000,chunks,9007,29,0.027817462788119723,-0.05069258066663526,-0.7392235853863738,0.0014852980565627102,-0.01871083259662685,-0.007259367867016489,-1.0156504490102995
2000,chunks,9007,30,0.0746274445043167,-0.028554385619999956,-0.7008277585359153,-0.003425902715567429,-0.008407574335411748,-0.006195490517083051,-1.012473876771757
2000,chunks,9007,31,0.13388274519897223,-0.0011555938177573166,-0.6531834419495011,-0.012018423390458133,0.00020620643931388606,-0.005332697355421415,-1.0293089314689787
2000,chunks,9007,32,0.1657963141288574,0.025618414188239805,-0.6092239796594218,-0.020151392304807905,0.007960079506577577,-0.004108563729452262,-1.0156420778192619
2000,chunks,9007,33,0.12576240790544047,0.038605253211109886,-0.5923818162438076,-0.02544552657761909,0.011482738216322556,-0.002036518225179723,-1.0139771540355613
2000,chunks,9007,34,0.07671347804175588,0.04728226138920873,-0.5718269836924411,-0.029810870681486842,0.011652750171987941,0.0002331517711454817,-1.0056051376692114
2000,chunks,9007,35,0.041828285376342075,0.02981037631101402,-0.5231081798593338,-0.02840202586814968,0.015533863442483063,0.0018293961602016406,-0.5863363926301935
2000,chunks,9007,36,0.010024709874703955,0.013181647978857097,-0.42922044107376145,-0.02272177868685128,0.025757575082710385,0.002642306753003129,0.8105398496749433
2000,chunks,9007,37,-0.011879610568101884,0.002028234780935695,-0.33810194770058283,-0.02093316103228855,0.03964922777865689,0.0024712233543713186,1.0348645423765968
2000,chunks,9007,38,-0.03628339917553253,-0.012829603846713195,-0.2657617252703436,-0.019950425608931534,0.04163750929118495,0.0013514641518622902,1.0058657933893635
2000,chunks,9007,39,-0.03606643684489111,-0.022579534969473625,-0.20802117827221095,-0.020322694422789504,0.03826524406163964,0.00019622066141016664,1.0185829295206532
2000,chunks,9007,40,-0.021042768261883726,-0.016860124056038206,-0.16399904914892427,-0.022580308319558193,0.03479909414475075,-0.0003020280468995565,1.0161694326116275
2000,chunks,9007,41,-0.005193512462329158,-0.010168132469788843,-0.12946040343241103,-0.02406821492779645,0.03100847812934001,-0.00023092615359745355,1.0123252284118072
2000,chunks,9007,42,0.009230135333690603,-0.005725413249276584,-0.10298322136487761,-0.025540690081046206,0.028970091251013512,-7.743846833285079e-05,1.0098202968739125
2000,chunks,9007,43,0.024850556410077676,-5.2434401845630196e-05,-0.0668182558950502,-0.02561279780020023,0.029281796925102667,2.2390049798287626e-05,1.0125167636208308
2000,chunks,9007,44,0.039903016673515146,0.002071174231723538,-0.011525435626776034,-0.024462319320769463,0.033588351180909214,0.00010494849874203432,1.0148232625599032
2000,chunks,9007,45,0.05095275171029851,-0.0009920183107382796,0.05415760399843848,-0.023648545596281687,0.03764366668592375,0.00042061354215014446,1.0095554842672847
2000,chunks,9007,46,0.05790215961974118,-0.012489594938752763,0.1154743049004629,-0.022835568676698653,0.03674273351746549,0.001057459910240588,1.0022839258100893
2000,chunks,9007,47,0.059926425116521055,-0.022943485191418755,0.16069517015812013,-0.021887917666951216,0.033454637564181135,0.00037738373089647725,0.9943456196723593
2000,chunks,9007,48,0.05670057418331579,-0.03935484751728335,0.21957957461245287,-0.017880446768329096,0.02943835781480679,-0.0019060070316092442,1.0016924598968442
2000,chunks,9007,49,0.05139565515056782,-0.03367363004121646,0.26953583283639976,-0.015499576526972186,0.02942816263033738,-0.004913398783700545,0.9989266655396423
2000,chunks,9008,0,0.4403316771004059,0.3012164419086412,0.11020870546519923,-0.031720493316191256,0.05672488881779432,-0.007893276880894352,-1.0111338966852363
2000,chunks,9008,1,0.5315176826952998,0.30972555106007793,0.09140170179314178,-0.035770633898643586,0.05873715126138174,-0.00884996047185111,-1.0001042040205794
2000,chunks,9008,2,0.6319269573067423,0.3207907334744028,0.06440713589760577,-0.04038248444223755,0.0625903660963487,-0.008412570071133378,-1.0144519538427252
2000,chunks,9008,3,0.7094737416852614,0.3291612646672456,0.03705783344756031,-0.042247445380849895,0.060262474670493005,-0.007708050908520253,-1.0189058990911546
2000,chunks,9008,4,0.7396277046731262,0.3269890833325393,0.020863686253272423,-0.03630431820021412,0.04961701513929052,-0.007877503900721564,-1.0121367889523674
2000,chunks,9008,5,0.7501850514153169,0.3148538368481051,0.009013855383065927,-0.029745051471630046,0.04352120794367192,-0.008106556334423764,-1.0015062016632381
2000,chunks,9008,6,0.7584156620185925,0.2912687414492413,0.0050093390447268765,-0.019662722793267612,0.04195418681045179,-0.009857726488411107,-1.0046187519759575
2000,chunks,9008,7,0.7787946463606447,0.2690136142084795,-0.004570731391923349,-0.013004296037832248,0.039682680364965264,-0.01329624927926713,-0.9967808411786299
2000,chunks,9008,8,0.7932511215477099,0.24506593465088028,-0.01192806238105238,-0.007795602686247771,0.03271584845475882,-0.016317934406767886,-1.007452812806551
2000,chunks,9008,9,0.7998725038286715,0.22704946213672583,-0.03193613863399148,-0.005148280884745174,0.025595628349825456,-0.017127957912579175,-1.0058516751404754
2000,chunks,9008,10,0.7832229133463304,0.21508881824686954,-0.05995182900679839,-0.004677042652268028,0.018916374155320596,-0.014858384079635929,-1.0054434911493153
2000,chunks,9008,11,0.7701745851687731,0.20977988820326482,-0.09365182950003842,-0.005067575484432728,0.014665957254909396,-0.011877039490867238,-1.0141981063173158
2000,chunks,9008,12,0.759938578498664,0.20689745962295045,-0.1483401011872858,-0.004153048513874817,0.011767669440116327,-0.009215442518177124,-1.013618136053735
2000,chunks,9008,13,0.7415292376193364,0.19688663155182318,-0.2487717537980655,-0.0028093889817864164,0.007963840310867623,-0.008201635692804937,-1.0045597999263964
2000,chunks,9008,14,0.6848388973595596,0.17421155958064383,-0.3944386519384812,-0.001822717185963721,0.002435241332648325,-0.007270485665289865,-1.0035629207683208
2000,chunks,9008,15,0.5527897959789846,0.11469903697407724,-0.5858710855220252,-0.00034433708342480516,-0.010652332447299347,-0.006094018479332969,-1.0092209026769832
2000,chunks,9008,16,0.42938950232853434,0.057212132611253005,-0.731543129407733,0.0006803188709157033,-0.02776099435062492,-0.005618359423658122,-1.016553358601375
2000,chunks,9008,17,0.310935075864164,0.01362551994013353,-0.8339316116012039,0.0010290850648089038,-0.04631387861499215,-0.004978014019783188,-1.0164209522980612
2000,chunks,9008,18,0.24922729098260657,-0.009926677276690166,-0.8733141976948331,0.0019500985741183088,-0.05821149638690926,-0.005181427984536108,-1.005662792773682
2000,chunks,9008,19,0.249821217575712,-0.01882317097152522,-0.8858189706813808,0.002550435605970503,-0.06416092626987249,-0.006974680545787829,-1.0155985712066857
2000,chunks,9008,20,0.24240475516135576,-0.023510457755954173,-0.8704570573898804,0.002465193104788704,-0.069125226624135,-0.009089193110852583,-1.0126886980403569
2000,chunks,9008,21,0.21226270970819405,-0.019295828842086776,-0.8484602479334385,0.002271878860722971,-0.07631431355577467,-0.01090586364114288,-1.0077542935880057
2000,chunks,9008,22,0.15974274820587936,-0.012132489115982081,-0.8386961823340424,0.00246041422831345,-0.08455901801257192,-0.012828327004777217,-1.008800928275911
2000,chunks,9008,23,0.1095663157322884,-0.009569853116436933,-0.8252443696950119,0.0031864046595089634,-0.08798275828355218,-0.01584339871423684,-1.0097148029482048
2000,chunks,9008,24,0.05644287555223516,-0.007934717703785121,-0.8185792666144631,0.002687170452349328,-0.08274176023587576,-0.019354445086575987,-1.0118641946751974
2000,chunks,9008,25,-0.007963923972738554,0.004496035010849664,-0.8231666011905341,0.0009282376863946301,-0.07251761138280402,-0.022449318197107944,-1.0181121686958658
2000,chunks,9008,26,-0.09437459146902932,0.019712317358227177,-0.8202603955088492,0.00023682038566148387,-0.06952905265762921,-0.02475982047673205,-1.0049912110250836
2000,chunks,9008,27,-0.13282909932063106,0.03077924608016032,-0.8202519397976663,-0.00026195761163112286,-0.06796254998919804,-0.025251289666613625,-1.004419140336144
2000,chunks,9008,28,-0.15001382322487627,0.03386457729649506,-0.801656273275502,-0.00016667536864957595,-0.06182038275551016,-0.022862735503809423,-1.0026274696458874
2000,chunks,9008,29,-0.15617598316861725,0.03331326516793082,-0.7766021679296601,-0.0004755575711540489,-0.05072376212940976,-0.01808767829942759,-1.0043245812486483
2000,chunks,9008,30,-0.18520639348705475,0.02018522872505446,-0.7504966616538413,-0.0015592872350058188,-0.04112071861694754,-0.012371437292835762,-1.0069639824115915
2000,chunks,9008,31,-0.2288291930587834,-0.01347873736759378,-0.7281023781421251,-0.0008610955302198083,-0.0357554670003714,-0.00979226326614209,-1.008376355614973
2000,chunks,9008,32,-0.3089316385837389,-0.06367508208673633,-0.6872442704470829,0.0031465280893423877,-0.03548123394927514,-0.010782708946292314,-1.0085818624597425
2000,chunks,9008,33,-0.3762676597974743,-0.09234883335741975,-0.6374399090611943,0.011245886288565718,-0.03689054892728717,-0.01656326686392957,-1.0181339809542036
2000,chunks,9008,34,-0.398615926464836,-0.105520583823007,-0.5740455509140497,0.018972606565776675,-0.034064463138066686,-0.024255657720431808,-1.0187888203207267
2000,chunks,9008,35,-0.40663093803121264,-0.10987745230819529,-0.5109924808465564,0.015062950499843134,-0.025311303358051554,-0.030439570758167313,-1.0354538573070147
2000,chunks,9008,36,-0.3920941097692564,-0.11944096509377011,-0.43788295558771134,0.009761459842926114,-0.013063992693403647,-0.0400143445178094,-1.0360522206100584
2000,chunks,9008,37,-0.3576789419639965,-0.13169565056873617,-0.37520911304083443,0.008158226661264378,-0.0032132468243069364,-0.04692705360104002,-0.8795611753521173
2000,chunks,9008,38,-0.24052220863068258,-0.12909773633887828,-0.2931237112871634,0.014110212437605813,0.01206934243362515,-0.04862538744046907,1.0272310772871465
2000,chunks,9008,39,-0.12876411851780709,-0.11057076459494058,-0.21717231607020585,0.014367680413041178,0.02311762976014608,-0.05210814210872941,1.039316247447143
2000,chunks,9008,40,-0.00023650418698903386,-0.07345189789678902,-0.1389579333330902,0.006019007817983704,0.028615836641967936,-0.05607750425225384,1.0148682429737181
2000,chunks,9008,41,0.08497823870186023,-0.041084058210769187,-0.0884955006614259,0.0006120498765674648,0.029922100939464465,-0.05861211529353486,1.012941689994066
2000,chunks,9008,42,0.025401182627095703,-0.042817113597618445,-0.076706653826642,0.0010132645815433814,0.03433892956056997,-0.05544354497115359,1.0161486225381327
2000,chunks,9008,43,-0.0341073205378207,-0.04879420346515867,-0.08082373682010317,0.003098281161769627,0.03891601796942619,-0.05374154490278733,1.0209852255402623
2000,chunks,9008,44,-0.07965008009237223,-0.05861981730636251,-0.09179534195054549,0.005150291270588858,0.0448119337740606,-0.05392693041895423,1.02181397345299
2000,chunks,9008,45,-0.0838776630164085,-0.0667049117040042,-0.09916955654720087,0.006285177371687616,0.04808952501165825,-0.05435079675131818,1.0379131886675923
2000,chunks,9008,46,-0.0793992882143581,-0.06941626551277197,-0.10252922755590724,0.006773760953287201,0.046235518141189605,-0.05393755210159795,1.0308923532771794
2000,chunks,9008,47,-0.07705657174481867,-0.06667290075889407,-0.10475159150309629,0.006172626335348987,0.0424458229811503,-0.0520614504157252,1.0385952049289628
2000,chunks,9008,48,-0.075355867315224,-0.05871161112080503,-0.10335710843632595,0.004763392493734805,0.036599935159510016,-0.049147164487153484,1.0308201959685168
2000,chunks,9008,49,-0.06572613813782152,-0.0506759062456012,-0.0938487168408543,0.0030630924604592826,0.03190849044242685,-0.04583819344157975,1.0164923719391226
2000,chunks,9009,0,0.24481673778713844,0.22360475067279187,0.017442349745577734,-0.0028524922212265565,0.05495331784876982,-0.013736498355066754,-1.00658150151404
2000,chunks,9009,1,0.26370119104995715,0.2550730940677175,0.01631901964086767,-0.0076611270161282725,0.061538045078655235,-0.010167151839648881,-1.0000839245155304
2000,chunks,9009,2,0.295335979952147,0.2824821806349736,0.021152960583213115,-0.013720447100226118,0.06292463659617814,-0.007450682729893757,-0.9973991302744252
2000,chunks,9009,3,0.34645424074781583,0.2969722384304398,0.03837974759829073,-0.017625142665037,0.05904512708430258,-0.006485399072845836,-0.9984402234696717
2000,chunks,9009,4,0.394942121065835,0.2994663459394852,0.06165501051887343,-0.015031273973742118,0.0493634897266308,-0.007189393707921002,-0.998256764691438
2000,chunks,9009,5,0.4448167871152505,0.29757365832086147,0.07827674133210488,-0.011292821596949002,0.03930621302193908,-0.008455625039874393,-0.9985312454341939
2000,chunks,9009,6,0.4900649939654961,0.2919228885629328,0.07041148356037519,-0.008379015425686991,0.03103560080225485,-0.012335563980302007,-0.9928954294961663
2000,chunks,9009,7,0.5263918426783345,0.2835226138082454,0.05343555858200287,-0.0072685068675856605,0.023291671425346522,-0.017974648078825387,-0.9955720883544321
2000,chunks,9009,8,0.5653134637196797,0.2727571484787573,0.021145130705917115,-0.008507625205581286,0.01389491886178592,-0.026410408104252443,-0.9998791250953556
2000,chunks,9009,9,0.5983616180670277,0.25969990790964625,-0.025051270507205965,-0.010497118157810724,0.006520863812975546,-0.03266185187696909,-0.9907750421775579
2000,chunks,9009,10,0.6287066588612964,0.24330964210633999,-0.07626331310116848,-0.011444505128285808,0.0018838424221719937,-0.037318331982034776,-0.9919946421788748
2000,chunks,9009,11,0.6643280978609444,0.2262255570237569,-0.13647676621254218,-0.011957985738433461,0.00029747171873116887,-0.03936504062069236,-0.996496692299746
2000,chunks,9009,12,0.6846781912097774,0.21080906895896379,-0.19713111234352065,-0.012619598629822865,0.001406498855431747,-0.03990811020712091,-1.001478140487647
2000,chunks,9009,13,0.6765419096993627,0.17229055431667023,-0.2712448089350117,-0.011468771743541594,0.0026661670973058237,-0.042544348458881984,-1.001110515506585
2000,chunks,9009,14,0.6473199340390106,0.11419241764547208,-0.3682861663988865,-0.007015893933800269,0.005942199071396384,-0.04739011088261534,-0.9996586444299975
2000,chunks,9009,15,0.6005795796164721,0.06110215955686542,-0.48234353002473407,-0.0026802966271569206,0.004947218711705465,-0.05055155855813737,-1.0089773128081974
2000,chunks,9009,16,0.5306869221852792,0.026313585447600374,-0.5876539054693212,-0.0003636205433008382,-0.0022373761481433146,-0.04985095368227628,-1.001602883024518
2000,chunks,9009,17,0.4386214025293073,0.0056614700093733095,-0.6653003091855341,0.00041413838067388357,-0.012718484033995297,-0.0469057097013078,-1.0034438376282075
2000,chunks,9009,18,0.3626506579446416,-0.008259925246452637,-0.7169152497284572,0.0002080651027756516,-0.021662236935591543,-0.044427450401855126,-1.0075454854284607
2000,chunks,9009,19,0.30238939092296135,-0.019229821231118382,-0.7555674737686651,-0.00029707795957954037,-0.029512566701157466,-0.04394665097630825,-1.014139390075953
2000,chunks,9009,20,0.23336353551583008,-0.03468978390548255,-0.7883438686116315,-0.00025906567853567724,-0.03467153123797221,-0.04587271828123467,-1.0060214570432109
2000,chunks,9009,21,0.1530326705757346,-0.04744671589847013,-0.8141102563652736,0.00018862150073739115,-0.03749705600186137,-0.05006667874545144,-1.0038357508536888
2000,chunks,9009,22,0.05518791400583714,-0.055728565647688466,-0.8308408266451452,-0.0004372882814693425,-0.038266403580710415,-0.05171406019839604,-1.0075741361245474
2000,chunks,9009,23,-0.04786467883115614,-0.054096387691470044,-0.8355357490200827,-0.0010733733404277581,-0.0335380975647885,-0.05242669861019053,-1.0085990764582142
2000,chunks,9009,24,-0.11826915826409934,-0.043716645096527285,-0.8170366556203755,-0.001601336660900374,-0.02760061558681256,-0.05169783809151887,-1.0036553575820324
2000,chunks,9009,25,-0.1734980115181371,-0.04211899896495033,-0.8015193686358897,-0.0015944232065798194,-0.023850459170641547,-0.05058080206114443,-1.0110367437075598
2000,chunks,9009,26,-0.2240555703629027,-0.03510456012870464,-0.7816442751302051,-0.0021310806840988323,-0.02205665612193536,-0.04913432667566188,-1.00614643538828
2000,chunks,9009,27,-0.254182014679726,-0.02526832761059228,-0.7565011066685486,-0.00407293954546901,-0.02641731063081347,-0.04565199272219761,-1.00877286710032
2000,chunks,9009,28,-0.24738634748216914,-0.015961845955332093,-0.7323135448299155,-0.007401095203734711,-0.03218509792262174,-0.041778046508891206,-1.0121444527188102
2000,chunks,9009,29,-0.23889470675515728,-0.0068888061945486245,-0.7224802202803701,-0.009335428164661473,-0.03495242694852059,-0.03959675940271253,-1.008416089296377
2000,chunks,9009,30,-0.2224550093385544,-0.0007322550540042327,-0.7248260125774737,-0.01004562037625792,-0.036387696119102204,-0.03819307781496771,-1.015477719505086
2000,chunks,9009,31,-0.1920178423896577,0.0048894330489959725,-0.7328080926747564,-0.010175868293294612,-0.03774155664496704,-0.03674091676952679,-1.0183653087966806
2000,chunks,9009,32,-0.17850427893691612,0.0068620283238251395,-0.7416946557202132,-0.010723918518588876,-0.04001848762503654,-0.03491438949258563,-1.0123250817986649
2000,chunks,9009,33,-0.17733161157901617,0.0006492291785425708,-0.7282685996224832,-0.011932640311831156,-0.040565438958834465,-0.0328328281845619,-1.0189189864461572
2000,chunks,9009,34,-0.17755501118408423,-0.008211901787224501,-0.6842473883888974,-0.013245254528113872,-0.03674215772714934,-0.029280718955360295,-1.0336876539021682
2000,chunks,9009,35,-0.14326378573973508,-0.010590738910996489,-0.6200113532009831,-0.015259132053972248,-0.02865332351852764,-0.025423780547472297,-1.0430388638117256
2000,chunks,9009,36,-0.12462528511356633,-0.011435360302125108,-0.5475333360562702,-0.01690223438457841,-0.01782736085796383,-0.020464534405369543,-0.9834948177690768
2000,chunks,9009,37,-0.16712269021505005,-0.02301949182175725,-0.5185028768969993,-0.015223528935993312,-0.01892182455089102,-0.015824030534897608,0.8739056981385794
2000,chunks,9009,38,-0.1663663781831815,-0.02126933952009774,-0.4458078205603125,-0.014616833869710045,-0.013579629140862599,-0.01237287537250234,1.0331544613229324
2000,chunks,9009,39,-0.14539492985455557,-0.013740711675089945,-0.356680480281666,-0.014456309709836999,-0.007872059212807545,-0.011868262396732013,1.0274711889850083
2000,chunks,9009,40,-0.11577647948288106,-0.010386927913357297,-0.2742949842255209,-0.01382548317265924,-0.0015933848431555798,-0.012861031296769125,1.0136594901495202
2000,chunks,9009,41,-0.0701918550734677,-0.0076456615452344945,-0.19284125747501846,-0.013081296295337644,0.009629435529373238,-0.01681188198926633,1.007586839524246
2000,chunks,9009,42,-0.027837875696446968,-0.004250909970336253,-0.11867654846803596,-0.012425666471365317,0.020614648132091365,-0.023360294676959874,1.0073747300499258
2000,chunks,9009,43,-0.011172106257903158,-0.0147269670631269,-0.06680682399604965,-0.010664687791640502,0.024115775076533764,-0.029999435330000913,1.0075657346905031
2000,chunks,9009,44,-0.015096306667830794,-0.029524938322688127,-0.0201140252512644,-0.009386597100808927,0.017805648466065152,-0.03309455103451918,1.0168255099711916
2000,chunks,9009,45,-0.026781964064894415,-0.03937957748631696,0.03610057184159168,-0.008377862402118953,0.01376768218577959,-0.034925769008245136,1.0225884854801222
2000,chunks,9009,46,-0.04449035527810988,-0.048489867115035445,0.11896712554546024,-0.006961812753844112,0.019483392784849313,-0.03441626754509758,1.0191231661028297
2000,chunks,9009,47,-0.04585405530023698,-0.04812984608520898,0.1913835606357031,-0.005162129666462099,0.03974513989547371,-0.028420887188756735,1.0102229393724138
2000,chunks,9009,48,-0.04065756777641513,-0.043932173254893125,0.2682393275414771,-0.002510209441359734,0.07098079785024501,-0.017458827697993944,1.0088396884815154
2000,chunks,9009,49,-0.027848493136455044,-0.03821924057935944,0.3301578581239753,-0.001100879123857576,0.09342562607585726,-0.008811560685009507,0.9981892933037338
2000,executed,9000,0,0.24691197276115417,0.14464005827903748,-0.09412888437509537,-0.06728487461805344,-0.007793148048222065,0.0066769723780453205,-0.9797309637069702
2000,executed,9000,1,0.41314366459846497,0.1505916565656662,-0.06795688718557358,-0.059599895030260086,-0.0008687800145708025,0.001373360981233418,-0.9909094572067261
2000,executed,9000,2,0.605209231376648,0.22679780423641205,-0.0009801415726542473,-0.050581954419612885,-0.0024577274452894926,-0.0033684202935546637,-0.9776296615600586
2000,executed,9000,3,0.7354632616043091,0.27202507853507996,0.0546916201710701,-0.04298141971230507,-0.0046722376719117165,-0.0076317801140248775,-0.981365442276001
2000,executed,9000,4,0.7893791794776917,0.2965858280658722,0.0976024642586708,-0.03936224430799484,-0.006748886313289404,-0.011351171880960464,-0.982482373714447
2000,executed,9001,0,0.361198365688324,0.1759045422077179,-0.016988249495625496,-0.0018514614785090089,0.013036801479756832,-0.010686722584068775,-1.0
2000,executed,9001,1,0.4807458519935608,0.2981313467025757,0.0244379211217165,-0.024425113573670387,0.025907054543495178,-0.014724682085216045,-0.9888315200805664
2000,executed,9001,2,0.5237301588058472,0.3337782025337219,0.06039194017648697,-0.04140506312251091,0.03057306818664074,-0.019295552745461464,-0.991305947303772
2000,executed,9001,3,0.5518394112586975,0.33440959453582764,0.08850163966417313,-0.05155419558286667,0.033326249569654465,-0.02415369637310505,-0.9859659671783447
2000,executed,9001,4,0.5835210084915161,0.31962043046951294,0.11696929484605789,-0.05592034384608269,0.0389169380068779,-0.0294587891548872,-0.9839040637016296
2000,executed,9002,0,0.3113531768321991,0.2307269275188446,0.03887385129928589,-0.01377724390476942,-0.0012800619006156921,-0.01342588197439909,-0.9871223568916321
2000,executed,9002,1,0.29495999217033386,0.20762543380260468,0.01649714633822441,-0.012385410256683826,-0.0012907948112115264,-0.012035875581204891,-1.0
2000,executed,9002,2,0.26155152916908264,0.17076070606708527,-0.007819893769919872,-0.008255017921328545,-0.001341416733339429,-0.011007368564605713,-1.0
2000,executed,9002,3,0.23823636770248413,0.13093051314353943,-0.041112449020147324,-0.004467414226382971,-0.000769027741625905,-0.009273153729736805,-0.9972802996635437
2000,executed,9002,4,0.21660387516021729,0.08166153728961945,-0.07036419957876205,-0.000732800574041903,-0.001183142769150436,-0.007160496432334185,-0.9994043111801147
2000,executed,9003,0,0.36330509185791016,0.10694927722215652,0.37587371468544006,-0.002631161594763398,0.08484059572219849,-0.004254163708537817,-0.9945748448371887
2000,executed,9003,1,0.383361279964447,0.11393659561872482,0.37928953766822815,-0.002827816177159548,0.08515089005231857,-0.004221564624458551,-0.9970963597297668
2000,executed,9003,2,0.3975297808647156,0.11900392919778824,0.3668948709964752,-0.0023144895676523447,0.0831344798207283,-0.004012302029877901,-0.990142822265625
2000,executed,9003,3,0.4294247627258301,0.12293703109025955,0.3514412045478821,-0.0027807767037302256,0.08291719108819962,-0.003535606898367405,-0.9962414503097534
2000,executed,9003,4,0.4855145812034607,0.12934869527816772,0.32885345816612244,-0.004162732977420092,0.08572251349687576,-0.002554364502429962,-0.9929947257041931
2000,executed,9004,0,0.08705680072307587,0.028917359188199043,0.02419951930642128,-0.02475595660507679,-0.0020938001107424498,-0.007761585526168346,-0.9925089478492737
2000,executed,9004,1,0.11802063137292862,0.038179490715265274,0.028572387993335724,-0.028786372393369675,-0.001536994008347392,-0.008237004280090332,-0.983155369758606
2000,executed,9004,2,0.14899049699306488,0.049301836639642715,0.03153262287378311,-0.03236472234129906,-0.0010231741471216083,-0.008540567941963673,-0.9786641597747803
2000,executed,9004,3,0.17673754692077637,0.05985880270600319,0.027534296736121178,-0.033510614186525345,-0.00021651550196111202,-0.00814511813223362,-0.985451340675354
2000,executed,9004,4,0.19626760482788086,0.07170610129833221,0.024642443284392357,-0.03353261202573776,0.00010374773410148919,-0.007573260460048914,-0.981296718120575
2000,executed,9005,0,0.6368172764778137,0.2552061080932617,0.1011948361992836,-0.011053220368921757,0.03052031621336937,-0.01546037569642067,-1.0
2000,executed,9005,1,0.7038891315460205,0.25132474303245544,0.07435053586959839,-0.012759698554873466,0.04754399135708809,-0.018132725730538368,-1.0
2000,executed,9005,2,0.7334805130958557,0.24525201320648193,0.05764007568359375,-0.012253137305378914,0.05414801090955734,-0.019950812682509422,-1.0
2000,executed,9005,3,0.7546223998069763,0.23576316237449646,0.03800307959318161,-0.010624983347952366,0.061121731996536255,-0.02063487097620964,-1.0
2000,executed,9005,4,0.7825055718421936,0.23199932277202606,0.016274085268378258,-0.009165685623884201,0.0673120990395546,-0.020009394735097885,-1.0
2000,executed,9006,0,0.2611847221851349,0.20628193020820618,0.3752853274345398,-0.007158387452363968,0.04466056823730469,-0.0012109053786844015,-1.0
2000,executed,9006,1,0.36373257637023926,0.2281879186630249,0.3379136621952057,-0.0051722959615290165,0.05016501620411873,0.0001451579009881243,-0.9993631839752197
2000,executed,9006,2,0.4394168555736542,0.24539905786514282,0.2873421907424927,-0.0035156807862222195,0.05440756678581238,0.0013672480126842856,-1.0
2000,executed,9006,3,0.4864630699157715,0.2571830451488495,0.23330052196979523,-0.0033339124638587236,0.0542072169482708,0.0023904461413621902,-0.9938233494758606
2000,executed,9006,4,0.5256121754646301,0.2729213535785675,0.16151119768619537,-0.004601720254868269,0.053481575101614,0.0023335085716098547,-0.9990731477737427
2000,executed,9007,0,0.4726940989494324,0.14910075068473816,0.015889322385191917,-0.017094457522034645,0.006339803338050842,-0.015727901831269264,-0.9284996390342712
2000,executed,9007,1,0.5502020120620728,0.12037970870733261,-0.0036144850309938192,-0.013082723133265972,0.00422650994732976,-0.01545814611017704,-0.6487538814544678
2000,executed,9007,2,0.6217027306556702,0.1273566335439682,-0.01555689051747322,-0.01620972901582718,0.0017533362843096256,-0.017172671854496002,-0.9186343550682068
2000,executed,9007,3,0.6768444776535034,0.15933899581432343,-0.016737839207053185,-0.025250587612390518,0.0011554110096767545,-0.02256481721997261,-0.9766677021980286
2000,executed,9007,4,0.7201599478721619,0.19076453149318695,-0.020740387961268425,-0.033236969262361526,0.00039365081465803087,-0.029238970950245857,-0.9826886057853699
2000,executed,9008,0,0.44033166766166687,0.3012164533138275,0.11020870506763458,-0.031720492988824844,0.05672488734126091,-0.007893277332186699,-1.0
2000,executed,9008,1,0.5315176844596863,0.3097255527973175,0.09140170365571976,-0.035770632326602936,0.05873715132474899,-0.008849960751831532,-1.0
2000,executed,9008,2,0.631926953792572,0.32079073786735535,0.06440713256597519,-0.04038248583674431,0.06259036809206009,-0.008412569761276245,-1.0
2000,executed,9008,3,0.709473729133606,0.32916125655174255,0.03705783188343048,-0.04224744439125061,0.06026247516274452,-0.007708050776273012,-1.0
2000,executed,9008,4,0.7396277189254761,0.326989084482193,0.020863685756921768,-0.03630431741476059,0.049617014825344086,-0.007877503521740437,-1.0
2000,executed,9009,0,0.24481673538684845,0.22360475361347198,0.01744234934449196,-0.002852492267265916,0.05495331808924675,-0.013736498542129993,-1.0
2000,executed,9009,1,0.2637012004852295,0.25507310032844543,0.016319019719958305,-0.007661127019673586,0.06153804436326027,-0.010167151689529419,-1.0
2000,executed,9009,2,0.295335978269577,0.28248217701911926,0.021152960136532784,-0.013720447197556496,0.06292463839054108,-0.0074506825767457485,-0.9973991513252258
2000,executed,9009,3,0.3464542329311371,0.29697224497795105,0.03837974742054939,-0.017625141888856888,0.059045128524303436,-0.006485398858785629,-0.9984402060508728
2000,executed,9009,4,0.39494213461875916,0.2994663417339325,0.061655011028051376,-0.015031274408102036,0.04936349019408226,-0.007189393509179354,-0.9982567429542542
3001,chunks,9000,0,0.18271386857330724,0.12119132279387948,-0.06574617463196664,-0.06095103126863817,-0.010582395803323298,0.010745627781464345,-0.9980825024329358
3001,chunks,9000,1,0.37882580414770967,0.13259409181851453,-0.048360996013826776,-0.0570177210335717,-0.001439307941470189,0.003306979306982434,-0.9947729343705836
3001,chunks,9000,2,0.6083155764158336,0.2502898166973358,0.02499580316743867,-0.05174025404453265,-0.0034403034487483376,-0.002242154875374755,-0.9940494748183717
3001,chunks,9000,3,0.7499041587337424,0.3201916091334985,0.07988429997623203,-0.04774260259458955,-0.005052589653356577,-0.007882434459578404,-1.001165812529073
3001,chunks,9000,4,0.8075226943781717,0.3596926647393799,0.1269037283802955,-0.04692958036649233,-0.006159043811813452,-0.013607060257417689,-0.9979363013500246
3001,chunks,9000,5,0.7830643017935566,0.3818270573420294,0.1532726690002362,-0.0446570084105903,-0.01482913315138899,-0.021873839365427597,-1.0019719228547697
3001,chunks,9000,6,0.7127724430635562,0.3924247222267364,0.14533224162498104,-0.0420543623664428,-0.03475236531536689,-0.034270619360994084,-0.9927672677404207
3001,chunks,9000,7,0.6979449352960725,0.32384871526029146,0.09763920734732731,-0.02339803482131851,-0.043684925519781766,-0.04099677585428585,-1.0017358788483275
3001,chunks,9000,8,0.6758671244389848,0.22707106565181556,0.05454047526301864,-0.010251938945077808,-0.04316599643399892,-0.04274979879252447,-1.0057275221241
3001,chunks,9000,9,0.6670651944447978,0.1314224039121031,-0.001012462429776942,-0.0027327980632712995,-0.037590704671651765,-0.04339406340059711,-1.0096333312157117
3001,chunks,9000,10,0.6565776555649733,0.05208093161617003,-0.057047653808390955,0.0010316746807493148,-0.03475415479271684,-0.044491943248178914,-1.0100841964907539
3001,chunks,9000,11,0.6332517899145541,-0.019407029203982795,-0.12710363818115722,0.0044406037020987485,-0.031677528632513344,-0.043832876582261565,-1.0095819250284945
3001,chunks,9000,12,0.6182510806427206,-0.07691012211999845,-0.18182157439464322,0.0045000172254664435,-0.025860897314617076,-0.04178001895098708,-1.0130898077855697
3001,chunks,9000,13,0.6093963162446839,-0.12758036402477946,-0.2527488864269981,0.0036263659559311523,-0.020733787409201454,-0.039763043374372,-1.0061142475692197
3001,chunks,9000,14,0.6050613671670965,-0.173950802270411,-0.3448245718690468,0.004106105003088102,-0.01804097318743935,-0.03956273996719576,-1.007443026766324
3001,chunks,9000,15,0.5917756633665012,-0.222169369124403,-0.4634896861630977,0.003787429130886817,-0.01835491038814814,-0.039315296833076635,-1.0060888981879086
3001,chunks,9000,16,0.542109590288129,-0.2629236821017543,-0.5757716285889343,0.004431704484966572,-0.022330421007065476,-0.036943804021210336,-1.0133671182267046
3001,chunks,9000,17,0.43767518638763425,-0.3181886846539763,-0.6814089396560332,0.009221436255275205,-0.03580289685571042,-0.030521464805562976,-1.0128620170660663
3001,chunks,9000,18,0.28993867294014497,-0.37793459986407907,-0.7913806371495415,0.019284257274734488,-0.056045961822801395,-0.021789097570607083,-1.0102437207368657
3001,chunks,9000,19,0.22054006954987262,-0.39509302976814764,-0.8398763103408428,0.022048434421423877,-0.06458057321771032,-0.017405419866972412,-1.0090676273481247
3001,chunks,9000,20,0.17317606692495435,-0.3947251785203355,-0.8820552335004582,0.024037095415591014,-0.07119792890703808,-0.012984933443361286,-1.0160520303719087
3001,chunks,9000,21,0.1560829816398266,-0.36897328154084896,-0.8973011032819094,0.023593640676488427,-0.07280612543043789,-0.009644589094423225,-1.0134205287836067
3001,chunks,9000,22,0.1658908599041675,-0.34510379149809856,-0.8979990332325701,0.02187221086138358,-0.07033019296163391,-0.008038557895721266,-1.0154816103403568
3001,chunks,9000,23,0.18321590375110458,-0.32361480038797324,-0.8939033537580406,0.01863988896008251,-0.06579446179254754,-0.007457986775859873,-1.0207538100366924
3001,chunks,9000,24,0.19175841068305316,-0.27406991290548033,-0.8789661730644436,0.013584771160892963,-0.05956470496264769,-0.0046245174276995996,-1.0181162953393352
3001,chunks,9000,25,0.15980912526280067,-0.2224962384759236,-0.8562586944608876,0.011164120044076175,-0.05258869932098888,-0.0024581990261355047,-1.0176048273573444
3001,chunks,9000,26,0.09135523929392815,-0.18301011098346792,-0.8234507019603432,0.009991170885150408,-0.04288979592510277,-4.8353416352876766e-05,-1.0179796444884528
3001,chunks,9000,27,-0.004013098706872276,-0.12622489132572073,-0.7458845162410099,0.005985233445379277,-0.03173731652170258,0.004460083162185963,-1.0151958108040853
3001,chunks,9000,28,-0.16146196957237124,-0.03899398149990449,-0.5781395614982142,-0.0008594066162942671,-0.020705142229611586,0.01169069964404948,-1.005455871079723
3001,chunks,9000,29,-0.24237993560842408,0.014989541096597378,-0.46456801185763047,-0.006955212553216499,-0.014531774249221117,0.015557896936367437,-0.9983388259444268
3001,chunks,9000,30,-0.3065959823506675,0.07368765765859661,-0.3975422317206718,-0.008427985336533612,-0.00912724892488149,0.015676658713087578,-1.000964550231872
3001,chunks,9000,31,-0.3285389806106456,0.11042620954253822,-0.34678192993368684,-0.010066385737020518,-0.006453315140088881,0.014548889537967603,-1.0074554066967316
3001,chunks,9000,32,-0.31335047988288683,0.12561470588256762,-0.28272507794129925,-0.01657838162404014,-0.006135732242011471,0.013610632162313147,-0.9951887821281866
3001,chunks,9000,33,-0.2768495268221608,0.13044939370395003,-0.22133970220075333,-0.025987232048564027,-0.007600778315696161,0.010994704053928224,-0.9968296534756664
3001,chunks,9000,34,-0.23215227121260695,0.13268647712424375,-0.17015778307787982,-0.03797580865850491,-0.009959100529351462,0.006875375116237752,-0.9948586506506454
3001,chunks,9000,35,-0.2035024094454797,0.12436632303304061,-0.14127029219321416,-0.04402583268538077,-0.013435326654648121,0.003963036496150728,-0.99219401801049
3001,chunks,9000,36,-0.17514662187558322,0.12003822461362088,-0.11832655434364717,-0.04865875949988643,-0.017189447004970528,0.0024708255876550317,-0.9916607377701616
3001,chunks,9000,37,-0.12951380367810597,0.12199827182329688,-0.08923924165260708,-0.05506270551709793,-0.018886143339818178,0.001591122969488358,-0.996198866545364
3001,chunks,9000,38,-0.09295042801515549,0.1176846631800101,-0.06531284724868336,-0.05843839605620044,-0.016750633303787222,0.0012664579077413946,-0.998822468559025
3001,chunks,9000,39,-0.05499167155032589,0.11356707756575454,-0.04977112492776939,-0.06250384466699915,-0.013112055153167997,0.0006959817574543545,-1.0098707900713433
3001,chunks,9000,40,-0.02411189458530974,0.10836391707863091,-0.041946442053039795,-0.06435451936237827,-0.0123016027959482,0.0006748258134232354,-1.0081108355837503
3001,chunks,9000,41,-0.015649740728252315,0.09753079817283795,-0.05357180021543822,-0.05847828004758917,-0.015524280293743843,0.0006289602512913051,-0.9933464126753075
3001,chunks,9000,42,-0.027050018311357088,0.0703918400429587,-0.09000025565906643,-0.04288118025592996,-0.021084712623091077,0.001953527787591662,-0.93562162688211
3001,chunks,9000,43,-0.05080628753326055,0.0551520811247503,-0.08337242446333687,-0.03356836825786585,-0.012402122091477329,0.0021927385712790515,0.07272358692919151
3001,chunks,9000,44,-0.055069225810248895,0.04731653971758447,-0.03526601994968183,-0.02841043137871343,-6.127883124550614e-05,0.00024110491993982464,0.9769788764401472
3001,chunks,9000,45,-0.034041747011648305,0.045113854332236414,0.04819627198482805,-0.029136395640336092,0.01018582176158812,-0.006329325903925362,0.9790305256689678
3001,chunks,9000,46,-0.0040465400315235905,0.034400595150360855,0.14335300718913926,-0.02664541946004432,0.016297302844222126,-0.01850271836319964,0.9756825208703018
3001,chunks,9000,47,0.02880566115431457,0.022253504757067208,0.2352356020159525,-0.02302532229649398,0.015043380275568952,-0.0304429364765359,0.9764895154767418
3001,chunks,9000,48,0.055299640893677345,0.010326533621174111,0.300983763133953,-0.017797533749721747,0.01220967228012275,-0.038758308689875134,0.9792312573977228
3001,chunks,9000,49,0.08325113512721145,0.004104566360947998,0.34721236002370165,-0.013660458627436962,0.008595601263632277,-0.04428857299405416,0.9698282875886509
3001,chunks,9001,0,0.313049788226591,0.1526721227136401,-0.0001337916525820937,0.0011050783796454637,-0.0009332089246439131,-0.005387176096832955,-1.030415579343337
3001,chunks,9001,1,0.4695037796837132,0.3303769764251372,0.05451533064818534,-0.0237595717667634,0.01089900103192009,-0.012981432222045394,-1.0083903862027683
3001,chunks,9001,2,0.5311262819646615,0.3852111198243897,0.10857881150501997,-0.04317450757680383,0.01676549976349152,-0.022321307251468414,-1.006276955226008
3001,chunks,9001,3,0.5740276734357046,0.3970306085436174,0.14811529710514554,-0.05475791357977113,0.019918841301329662,-0.02973522862359825,-0.9980393495326572
3001,chunks,9001,4,0.6119220029856552,0.38664979563110824,0.18578276457062065,-0.060029181114178785,0.025858188204889755,-0.03573374794942408,-1.0010482621422485
3001,chunks,9001,5,0.6527222247473429,0.36752117866673495,0.22787128950212976,-0.05756588531133272,0.0340529884911798,-0.04413730799423166,-0.9990135911037017
3001,chunks,9001,6,0.6916705338436745,0.33451165543342154,0.25446867339820534,-0.04553965888846151,0.0317329359434019,-0.05650794684862499,-0.9931795783750501
3001,chunks,9001,7,0.71832594200765,0.278337742020459,0.21114644907917807,-0.023234846052102257,0.014930474894923045,-0.0704691127419107,-1.002147482058362
3001,chunks,9001,8,0.7296116306888988,0.22659532357668774,0.10896460332773894,-0.008911094399728856,0.003909743585021157,-0.07666351633040544,-0.9976326982947856
3001,chunks,9001,9,0.7236016540519403,0.16031067287687092,-0.02669312484833472,-0.0002782436789390238,-0.0006110797868125913,-0.0769282016681865,-1.00011080665013
3001,chunks,9001,10,0.7154465211684501,0.09039144201009558,-0.20121786325459717,0.002353965389536969,-0.0013985446147235046,-0.07016228598751724,-1.011041695679723
3001,chunks,9001,11,0.6843134785341254,0.02886782790412501,-0.3941835064165056,0.00727493249001915,-0.0016789798975861726,-0.06171881322175074,-1.0168693415870218
3001,chunks,9001,12,0.6222866468030732,-0.023097456006592132,-0.5686042451381865,0.017732778133998296,-0.002337861588695556,-0.05699777907548184,-1.0194405941806726
3001,chunks,9001,13,0.6092664873439048,-0.027102316760575895,-0.6301209347356218,0.01608207490954592,-0.0028804891583019965,-0.05668878645946289,-1.015489392010899
3001,chunks,9001,14,0.5937035593440241,-0.022581351692711277,-0.6798545907997116,0.015125407505474434,-0.0036059761636613695,-0.05312949775958543,-1.0180733782472549
3001,chunks,9001,15,0.554903569384132,-0.017991308892437857,-0.7254188024351368,0.01792670169946177,-0.004907698090544198,-0.04707717556793604,-1.0180207930190464
3001,chunks,9001,16,0.5067150178127353,-0.014163994106339506,-0.7630104466483602,0.018854885671732574,-0.008575257068667042,-0.04298038055182954,-1.0178470023769408
3001,chunks,9001,17,0.448712809778354,-0.01606953961888563,-0.8028177097102139,0.0154348521584999,-0.01481484054743073,-0.042592690228099375,-1.0252216679688184
3001,chunks,9001,18,0.35847988193602276,-0.04052633825993257,-0.8359992555041338,0.013353891471475046,-0.02375290266923289,-0.047397821437423375,-1.0148719282437975
3001,chunks,9001,19,0.24184679785480837,-0.08377894143471368,-0.8627707046652833,0.0068852636443492,-0.041347100076421235,-0.05417148919799741,-1.0230119093430754
3001,chunks,9001,20,0.11752098123657835,-0.13513494707077184,-0.8685905147759382,0.0025819812683854897,-0.06223972017213069,-0.06450906368631439,-1.0275207979016956
3001,chunks,9001,21,0.07185649128778444,-0.1479701953267411,-0.8630343337132812,-0.00019227936625528202,-0.07102372473794855,-0.07189306076240351,-1.0275817543209418
3001,chunks,9001,22,0.044110141162978005,-0.14617172382021015,-0.8625331103069801,-0.0004350501971045527,-0.07371833327348587,-0.07500548041184599,-1.0276461299590622
3001,chunks,9001,23,0.0116812652552854,-0.13846101524078575,-0.8663742840008406,-0.0012729171146041416,-0.07357583670846725,-0.0746562106375058,-1.0299913603946962
3001,chunks,9001,24,-0.03502707433539198,-0.12870585927832628,-0.8612520144330947,-0.000990190423688461,-0.07012763573304083,-0.07023862222854192,-1.0257517647984704
3001,chunks,9001,25,-0.0659345144264156,-0.12575510641283733,-0.866942040503028,-0.0008240042619040732,-0.0666059520466303,-0.06608891440427783,-1.0320076383937802
3001,chunks,9001,26,-0.07239396269038303,-0.12716099670252268,-0.8528182213436739,-0.0014494008080103997,-0.062414063630267996,-0.061157328347676926,-1.0345115677468322
3001,chunks,9001,27,-0.05321619361890556,-0.13008417480755158,-0.8471708632374068,-0.0027637156559378435,-0.060274258848597176,-0.058986101242570074,-1.034739594274534
3001,chunks,9001,28,-0.03777681072877884,-0.125479471473244,-0.8436663047301752,-0.004996734841313499,-0.06181687731447438,-0.05709494343082641,-1.033401146941302
3001,chunks,9001,29,-0.04165163462560764,-0.11651367471598614,-0.836499421946537,-0.005063375853875971,-0.06962652016881288,-0.054181903255157364,-1.0303491993355314
3001,chunks,9001,30,-0.04702602746861262,-0.09880331302581496,-0.8349125853577758,-0.0049192713433095624,-0.07652331677196776,-0.05047643091598142,-1.028940952775619
3001,chunks,9001,31,-0.046852410656235466,-0.07601474514322226,-0.8090316560954129,-0.004052478845405285,-0.07475682985318723,-0.0458365739628063,-0.9804027827696047
3001,chunks,9001,32,-0.04671113369939317,-0.05111713057921344,-0.7426365218125643,-0.0033454035471126814,-0.05560522032250542,-0.04330915113432676,0.9640196831933602
3001,chunks,9001,33,-0.03208091530185553,-0.033467974154087865,-0.6499398422656834,-0.004220707015053393,-0.03807375522021075,-0.042192161000111895,1.0019847441585674
3001,chunks,9001,34,-0.02068955781290721,-0.01798139437182303,-0.5247120669446579,-0.005509859232797856,-0.021972262435541866,-0.039374613248260165,0.9772929140081585
3001,chunks,9001,35,-0.014159290501811,0.00029591171663181925,-0.39851872728809756,-0.008721841517133469,-0.010790518790117231,-0.034636870714375774,0.9779557119013723
3001,chunks,9001,36,-0.039612327755482984,0.025194314935689577,-0.2517242572799606,-0.017667313955211105,-0.0019816608021212875,-0.026311075701750963,0.9813521163327278
3001,chunks,9001,37,-0.1301854831567128,0.02749295569917573,-0.13918793424023246,-0.021801997100419107,0.005428493324905265,-0.022865423707441476,0.9814943086762689
3001,chunks,9001,38,-0.18329334025729838,0.028084707523685318,-0.054772246962432956,-0.027124038293246954,0.012368252861019679,-0.024070818587116953,0.9816876713988287
3001,chunks,9001,39,-0.22094057958774105,0.015406373456196956,-0.01412932877254336,-0.024443216313768917,0.02146999509052358,-0.02799875398279946,0.9915846593832215
3001,chunks,9001,40,-0.2300362948692266,0.003944427136642059,0.02235628616608755,-0.02053532884225139,0.032515709438800805,-0.030468014356678987,0.9989821983703286
3001,chunks,9001,41,-0.21814414812656352,0.003331782994899335,0.06729649969402346,-0.015249361038532533,0.0471357858175307,-0.03291054841335081,1.0057553172484863
3001,chunks,9001,42,-0.18784448424851985,0.009060587353292293,0.12120115781778487,-0.010442879179236177,0.05977972204573065,-0.0341926767543844,1.0035736197983343
3001,chunks,9001,43,-0.1623217294168356,0.01315603077289347,0.1766171074264499,-0.005537055277850487,0.06574823452823968,-0.03518564781607677,1.003041400694898
3001,chunks,9001,44,-0.11807273562394974,0.03245022304815984,0.24846389460542495,-0.0023221752015598353,0.06862504087655298,-0.035662201846863265,1.0088190552641692
3001,chunks,9001,45,-0.06407288716458953,0.07442154343098306,0.34058041223173835,-0.00044118559487106536,0.07441510861229564,-0.03741272508355378,0.9989991765606022
3001,chunks,9001,46,-0.04303365334312284,0.08930749197787514,0.39385345098201,-0.0002807321319037838,0.08245251227459488,-0.03595213225794013,0.9916615328558489
3001,chunks,9001,47,-0.027842462141620505,0.10214786649166234,0.45184116064320545,0.0005830754723328284,0.08735290990904833,-0.0337587438643544,0.9853763011398579
3001,chunks,9001,48,0.02122623548133082,0.14556163695893815,0.5462753219491321,0.0015294160504844782,0.08912665533487428,-0.03249492973013845,0.9894020187002766
3001,chunks,9001,49,0.0997572457144772,0.20350826384120924,0.6492881360281653,0.0015840581185990717,0.09191211902096597,-0.03224309914171741,0.988287883915624
3001,chunks,9002,0,0.39618349481698456,0.2913461141427895,0.12893518517714342,-0.013841238036697314,-0.0033719976473733718,-0.02013983437512005,-1.007405651166902
3001,chunks,9002,1,0.3999845383398796,0.26330538529698755,0.08542454313590284,-0.012385409856506432,-0.003477818632283608,-0.016376690233145218,-1.009929624216805
3001,chunks,9002,2,0.3914269539208447,0.21605744156131307,0.030773751944770375,-0.006904736524863659,-0.0036809775121802914,-0.012994698397693006,-1.0103778956016665
3001,chunks,9002,3,0.40169004589709695,0.1658873055394208,-0.03721036066947453,-0.0028835535512484653,-0.0031724757592798206,-0.009416384646907399,-1.0011437644625372
3001,chunks,9002,4,0.41000249023866625,0.09642876540699613,-0.11593603578476036,0.0013406170342122829,-0.0035298846848865646,-0.005831134019432246,-1.0187217328883262
3001,chunks,9002,5,0.416345580027443,0.04880084485213265,-0.16323213839650846,0.0037550452609592926,-0.004402570227912164,-0.004004405673601535,-1.0128693271202118
3001,chunks,9002,6,0.4624466489975218,0.035736238808189894,-0.16440798291803854,0.0028128890803294565,-0.0038927413599175714,-0.004313177550948264,-1.0195730004839865
3001,chunks,9002,7,0.5168290683777177,0.038344659049949326,-0.14227621586074352,0.0006278313007690292,-0.003949296582456253,-0.0043370042143601704,-1.0175740543874736
3001,chunks,9002,8,0.552958230469453,0.05064585404811216,-0.10169710491247735,-0.0013534037841584226,-0.004279399534630424,-0.0042947535211773635,-1.011600796917759
3001,chunks,9002,9,0.5754555024343432,0.07152686957272181,-0.06909367664842789,-0.003201071712794038,-0.003867588079372729,-0.004880185262890534,-1.0211464306867684
3001,chunks,9002,10,0.6055845830542977,0.10961998051293109,-0.04508908082348224,-0.009162616804448541,-0.0027572860609709465,-0.005388290717851123,-1.024617763173116
3001,chunks,9002,11,0.6512928789715604,0.156878689037945,-0.03977256980152,-0.01763980543764681,-0.0016934098560221038,-0.00576198599120905,-1.024338330458197
3001,chunks,9002,12,0.6932544103194387,0.20488890308620367,-0.052991102859211846,-0.02686064115190278,-0.002035660457547236,-0.005420828909456006,-1.0173489754622498
3001,chunks,9002,13,0.7070747058358152,0.2396932925458245,-0.08641584074786768,-0.03376750698954899,-0.0030543102825101275,-0.005134017251698604,-1.013964538296955
3001,chunks,9002,14,0.6898197045905642,0.25779181335131707,-0.14621778721748102,-0.03456870213307975,-0.003046459797011668,-0.004163844560890598,-1.0115961986578932
3001,chunks,9002,15,0.6440262163570462,0.26575932773104216,-0.23328885986251927,-0.03226267687007904,-0.0040109629392203975,-0.002706440425601468,-1.010516668726333
3001,chunks,9002,16,0.5577452513634392,0.26350115482975306,-0.3415339929214532,-0.025488182200186272,-0.006043022322366004,-0.001460193592844411,-1.013467218806859
3001,chunks,9002,17,0.447810905197531,0.25735732075187234,-0.44327352709647727,-0.01995344096866909,-0.012512624736049043,-0.00017478640831570386,-1.014046481645845
3001,chunks,9002,18,0.33693240137321656,0.24348218152297738,-0.5226838088543428,-0.014115448289307607,-0.02204104414116341,0.0004104508211021374,-1.0163793321510712
3001,chunks,9002,19,0.3082016989956876,0.24793739951770222,-0.5680917845367608,-0.016163700916174084,-0.029748042574709095,7.871775078113763e-05,-1.0151369766586236
3001,chunks,9002,20,0.31085134615444043,0.23774904660337837,-0.5714314566759261,-0.019060141427600395,-0.03279744352978202,-1.565559966699992e-06,-1.0267337880400569
3001,chunks,9002,21,0.35032742146940526,0.19981027440000593,-0.521951082539571,-0.018000150300459702,-0.0278818130902978,-0.0006663867300817708,-1.016827131919536
3001,chunks,9002,22,0.3653901380354356,0.15282857215896722,-0.4541507981990356,-0.01524829550726776,-0.02211640338515232,-0.002233609447568792,-1.0189437463069728
3001,chunks,9002,23,0.3630206973971683,0.10421800149629037,-0.38421539115514364,-0.013704382888401498,-0.01688419602404687,-0.0029161946169694933,-1.0129733185356373
3001,chunks,9002,24,0.3591069970575888,0.06502738023403534,-0.3073610984358587,-0.012384576336081568,-0.008220239271713845,-0.0012704741678951081,-1.0141575473072177
3001,chunks,9002,25,0.34485297550550775,0.03708614163096571,-0.2586427813624411,-0.010309103447542805,-0.002538031557775303,0.0018119272076561124,-1.0030895358103462
3001,chunks,9002,26,0.331447410196794,0.015679557931888313,-0.23565555501144508,-0.007390371928315699,-5.842727490624339e-05,0.005165406600357296,-1.003810873088774
3001,chunks,9002,27,0.30601829829688176,-0.0014960111363680473,-0.2751388308237652,-0.006539861591812927,-0.0022332013458501478,0.00535449003566682,-1.0183188545816266
3001,chunks,9002,28,0.2670399606244729,-0.02905912485130102,-0.37733394425360645,-0.011981554758806958,-0.015094612272746338,0.0015938505126857558,-1.0079072152045667
3001,chunks,9002,29,0.21001105403790765,-0.07716002718862117,-0.4774580203701088,-0.013589925769741721,-0.03156410478707848,-0.0007522650012345353,-1.016303755623534
3001,chunks,9002,30,0.11721996868675724,-0.14553882814346153,-0.5759605469782572,-0.009811783134517109,-0.05574247033339101,-0.0026904554488820856,-1.0097655017108274
3001,chunks,9002,31,0.04684799613540342,-0.21807757323440302,-0.6505424785765003,-0.0034830929970146385,-0.07764471741907943,-0.004887738459437182,-1.0057031159755818
3001,chunks,9002,32,0.017392924330383974,-0.27460574767870977,-0.6943526864382659,-2.629865514731304e-05,-0.08663147653964137,-0.005887039912853321,-1.014695425807412
3001,chunks,9002,33,-0.013502417657229052,-0.32464410789180503,-0.723576013694057,0.001784527202000619,-0.09123008897551974,-0.005409501300167444,-1.012856947189804
3001,chunks,9002,34,-0.0655597440737492,-0.3471282690086452,-0.7498901868951848,0.002640165212419789,-0.09319462944368183,-0.0036879713231377474,-1.0175062595304785
3001,chunks,9002,35,-0.11331094017841814,-0.36003765083921185,-0.760992035011199,0.0019038096774217591,-0.09489433500233255,-0.0017886374383961068,-1.019191462819228
3001,chunks,9002,36,-0.1473112513779199,-0.3674939336666082,-0.7538100209549177,0.0017493717008946392,-0.09529444279207908,-0.0007308599066228813,-1.0232593900471323
3001,chunks,9002,37,-0.17211144246918986,-0.3665602787537082,-0.7287338862562571,0.0031388326725613957,-0.09287303424720032,0.0011575047959811319,-1.0036472221991928
3001,chunks,9002,38,-0.20360919777916647,-0.35391329372441394,-0.6981994231000099,0.005784272998953139,-0.09156692084617223,0.0032880438628620223,-0.7571056832438482
3001,chunks,9002,39,-0.22538849244881587,-0.3120470616268577,-0.6305429971089411,0.005465583846670108,-0.08884671407896522,0.004879224375645447,0.9819553137038355
3001,chunks,9002,40,-0.2528199488044029,-0.2549885166621604,-0.5610837801158746,0.0039491387333509854,-0.08913858654030665,0.005499364541651813,0.9505094651393269
3001,chunks,9002,41,-0.25576863579984604,-0.19007617855916537,-0.47692642315916395,0.0027374355617567955,-0.07607837338539711,0.006162319267944305,-0.6521370196927468
3001,chunks,9002,42,-0.2908392319000269,-0.16454082372310752,-0.38481263138711347,0.004016128543354602,-0.06283882171233128,0.0073861644037675825,0.8426125943344832
3001,chunks,9002,43,-0.2743864974227338,-0.13594712093988826,-0.30054244353430626,0.004438099234917765,-0.04510123203416429,0.007081435759525967,1.0115138124016503
3001,chunks,9002,44,-0.21589480373573466,-0.08242934139914412,-0.19768551772278775,0.003341481642322435,-0.0220615215657571,0.00464362408984436,0.9926155538738939
3001,chunks,9002,45,-0.16331128204833756,-0.050509359199022885,-0.09250545480087105,0.003480563157263853,0.0029554472347024883,-3.0383977114877003e-05,0.9056117020978006
3001,chunks,9002,46,-0.12648201896341588,-0.02252213214841381,0.03921789215445445,0.0014652959099098516,0.04883667146394733,-0.011282706079728578,0.9676351534408841
3001,chunks,9002,47,-0.06916369685227647,0.0026715660539564368,0.16366893808474986,0.00020005643230171645,0.06735563013961478,-0.01875152362976891,0.9775988751453799
3001,chunks,9002,48,-0.023315387959124856,0.03370560697163662,0.2900160659884488,-0.003883938984426792,0.06576378847190839,-0.02050402586514953,0.9657426157938287
3001,chunks,9002,49,0.023857284063198703,0.07958392446674964,0.4569407333019868,-0.006830745377645583,0.06826515666849299,-0.021250420902308966,0.9584058563698189
3001,chunks,9003,0,0.38021614708264617,0.17487275529883495,0.4909995591311307,-0.002666358595478851,0.07812500275537795,1.5909949173054105e-05,-0.9939862782212423
3001,chunks,9003,1,0.4210629014002876,0.19192601946044416,0.4937602932026627,-0.004974827393520773,0.07798140348539775,-0.0008019246458910445,-0.9961304821678734
3001,chunks,9003,2,0.4605445021177057,0.20783803639221718,0.4769864430326576,-0.006038961906166125,0.07471919208015909,-0.0013625287508073694,-0.9901428403980661
3001,chunks,9003,3,0.5235030683800798,0.21253996258599148,0.4374509309519117,-0.009487386671808543,0.07328160529458803,-0.0015885607801034707,-0.9896010710626009
3001,chunks,9003,4,0.6150941618136495,0.21449098955354562,0.3890171735931535,-0.015451340145346692,0.07586109917041606,-0.0015338438157684459,-0.994443510317637
3001,chunks,9003,5,0.6902290538507398,0.20151799424340902,0.3180139548640286,-0.0175760782312556,0.07309342579103797,-0.0009699570426770499,-0.9993085871597047
3001,chunks,9003,6,0.740553372095872,0.18298540333224786,0.2345224573481305,-0.01556674405571681,0.06854669078717703,-0.0004232857004878299,-0.9926413461625585
3001,chunks,9003,7,0.7639651162236355,0.15719465100847668,0.13491059149949905,-0.011435038773544962,0.06368547206655177,0.0008543628475418605,-0.9963547357644034
3001,chunks,9003,8,0.7713135403489604,0.1307027702631005,0.02735628169975471,-0.005232618778005706,0.05490238448696513,0.0027885799990893523,-0.9902692335923247
3001,chunks,9003,9,0.765495472134461,0.10955936673917217,-0.0760374566050994,-0.001772170070114477,0.04471230728263634,0.003927862553667588,-0.9961263555244042
3001,chunks,9003,10,0.7601253587698267,0.09326966677733675,-0.16459131052463843,-0.0005021427324463782,0.036552433725077,0.004403329282578514,-1.0083946307503369
3001,chunks,9003,11,0.7428654460557282,0.08161076794244299,-0.2273857860300685,-0.0008923951205318605,0.03083742344038639,0.00474036445209574,-1.000820589326844
3001,chunks,9003,12,0.7044589875372244,0.06670831397202731,-0.2968953756973199,-0.0008660107228282748,0.02448785868369511,0.004092188289185325,-0.9986240359602028
3001,chunks,9003,13,0.6351866919579325,0.04979164908982671,-0.41313108628697853,0.0019340023338612435,0.015608518502952643,0.0023054158285588378,-1.0098012266528613
3001,chunks,9003,14,0.5517358164326036,0.0300931866032398,-0.5548979823481659,0.0059164613702872605,0.004888843058695108,0.0015589541326914563,-1.0136460793252269
3001,chunks,9003,15,0.4809645838976124,0.015288448401696422,-0.680837734113758,0.007114605969009733,-0.00108984719715236,0.0014881669559121263,-1.007118200973243
3001,chunks,9003,16,0.3746230133072297,-0.007659420759212776,-0.7888797493078467,0.017873267337604755,-0.010105779634943676,0.0008043578889228506,-1.0141874949483947
3001,chunks,9003,17,0.28706252039455293,-0.04046504849613172,-0.8581276847806988,0.02588992617130059,-0.025772392666743978,-0.00017793357354347478,-1.0228522671928644
3001,chunks,9003,18,0.22017745147122908,-0.047702747126847744,-0.8833919034234996,0.02579148795595124,-0.03330999627248875,-0.0012077253756350437,-1.018019378169857
3001,chunks,9003,19,0.15914827990665106,-0.03453870013111321,-0.8938492817102132,0.020669760391450385,-0.04408278920820296,-0.004076475757317458,-1.0230048350971281
3001,chunks,9003,20,0.11136449115025661,-0.01097946135135286,-0.9079173043016961,0.011309811915001834,-0.05287305791203067,-0.005902583412228251,-1.0189325454175562
3001,chunks,9003,21,0.045307754087835744,0.03090702228120927,-0.8980746339661065,0.0029079510301902806,-0.06871245513846119,-0.004366340602452081,-1.0172810627011555
3001,chunks,9003,22,0.0001466264968401909,0.07790722974964555,-0.881589112421502,-0.0005786508457459036,-0.08031344140657105,-0.002945205360881588,-1.0082986568136516
3001,chunks,9003,23,-0.042044407678423795,0.14951615053792464,-0.8610167565213025,-0.0032934549920486268,-0.07933634421295893,-0.0030995781863665042,-1.0198176514896644
3001,chunks,9003,24,-0.08889093650104318,0.21029072542806904,-0.828200363939254,-0.008897934619900148,-0.07121089826504243,-0.0034661967090247672,-1.0077018262638964
3001,chunks,9003,25,-0.09170918066210126,0.2207694723979015,-0.8068391235634991,-0.013903965331051201,-0.06656447486351375,-0.005310654085638581,-1.0159456808745007
3001,chunks,9003,26,-0.07507943468072775,0.19610822901855107,-0.7956332479480639,-0.015931738509503253,-0.06353772772440608,-0.007904858011826263,-1.026481473267936
3001,chunks,9003,27,-0.05944583208868437,0.15372168175247783,-0.7865427464999989,-0.0171324141355702,-0.06344949198177799,-0.01171045391587345,-1.0234183247727486
3001,chunks,9003,28,-0.07166574714942023,0.0876961570479493,-0.7973166576592822,-0.0126666976115059,-0.06679802777437799,-0.01374478151910373,-1.0257963325479384
3001,chunks,9003,29,-0.09047326008592183,0.03569270786611535,-0.8099518822426973,-0.008146617901043669,-0.07369239842661737,-0.012419464345530373,-1.0266949975914457
3001,chunks,9003,30,-0.09675513708281525,-0.00045878891579542724,-0.8118031823246389,-0.004154474560299922,-0.080042237892264,-0.009025395263516593,-1.0352103853423278
3001,chunks,9003,31,-0.120979675134191,-0.017657257146721866,-0.799327781808516,-0.0008924208995140727,-0.08105330613697344,-0.005573368074089466,-1.0156932481982808
3001,chunks,9003,32,-0.14940474691720146,-0.011391294201267388,-0.7540591862864185,-0.00043546734790762365,-0.07887286764475318,-0.003498601583213752,-0.8538928634527807
3001,chunks,9003,33,-0.1628960101345519,-0.010468314297779419,-0.6685344518239498,0.0016545612914057044,-0.0705402021542832,-0.0028964876802619957,0.9912278815792785
3001,chunks,9003,34,-0.14449307944434486,-0.0004961655318632963,-0.5473088146724931,0.0009879121243095645,-0.053132282568228696,-0.002004163618213123,1.0040690528228446
3001,chunks,9003,35,-0.12641717674050934,0.0063084769782470185,-0.4199608254020388,0.0007400823634964616,-0.03393700979020825,-0.002135798174927407,0.9816069660429798
3001,chunks,9003,36,-0.10621417466090408,0.007988847391204063,-0.31136351475382174,-0.001464542444744333,-0.018798312889627737,-0.00183576623768196,0.9877618547773916
3001,chunks,9003,37,-0.06597030314426597,0.005951807732378411,-0.19152141552982466,-0.004456972949391109,-0.006652618421760223,-0.002839412527537548,0.993323567989121
3001,chunks,9003,38,-0.01889763007222267,0.014325099217892462,-0.059029433302039434,-0.007673515770034451,0.004191664617726805,-0.005111097583821087,0.9976186964160333
3001,chunks,9003,39,0.022721236039204173,0.015918351414196924,0.025888937661130554,-0.007772515654723514,0.014916344794853858,-0.007004480266538271,0.9915666200560558
3001,chunks,9003,40,0.0806672330349033,0.010842426688166873,0.11964027247420012,-0.0028803194607527486,0.02300240676451072,-0.012330161346661001,0.9988925912549961
3001,chunks,9003,41,0.13213761183886755,0.011312746759833445,0.22438748086510363,-0.0011681450814433748,0.03208323242200641,-0.016175796186105925,0.9948941095414745
3001,chunks,9003,42,0.1977967004933665,0.013930363282788183,0.3496368961311959,-0.0001918059704001118,0.04013977285181446,-0.022565131691958458,0.9967067082093253
3001,chunks,9003,43,0.1934569844018979,0.011864720795313755,0.43498241958329853,-0.0005656590198922151,0.032717005327683436,-0.022879755329650572,1.0063568050101566
3001,chunks,9003,44,0.1717933620463502,0.012272047044948817,0.5144975354709282,-9.96015816584503e-05,0.028906966228387898,-0.022577630746081802,0.9991416047123415
3001,chunks,9003,45,0.14339040993002325,0.016886143824213926,0.5715759780315697,-0.0004434221168732968,0.021363829752134113,-0.02053918778720993,1.0027394482970466
3001,chunks,9003,46,0.12119197917624511,0.029548479460710153,0.6579573539184148,1.5914818815865707e-05,0.012140894443641422,-0.022405174833725658,1.0095662724923544
3001,chunks,9003,47,0.10606810398894372,0.04981325260491644,0.7240585409783005,-7.60770886178647e-05,0.004694192418133621,-0.023906851278750158,1.0054343233386267
3001,chunks,9003,48,0.1005930982620526,0.08431403803695946,0.7789361065552028,0.0003248126449459216,0.0017596198063940024,-0.024607393866966115,0.9999763657341246
3001,chunks,9003,49,0.10073403213835042,0.11780507918739949,0.8126515860065786,0.00021860480059406094,0.0009156326436362446,-0.024674101749372086,0.9974830477499935
3001,chunks,9004,0,0.05622433324540204,0.026523452189365124,0.07637926861673047,-0.01947002099532474,-0.005025679783153627,-0.0023725196383408836,-1.0031335140393187
3001,chunks,9004,1,0.12935514736722448,0.04803452564085989,0.08749534402310663,-0.025746642275846165,-0.0044688737492253,-0.0035003106687749447,-0.9928140756677721
3001,chunks,9004,2,0.2084550934843416,0.07788810486470954,0.0965864156753797,-0.031786774985365314,-0.003622245898270055,-0.004458484792152079,-0.9902546134840335
3001,chunks,9004,3,0.2880302783830452,0.11243820940356104,0.09634776435317866,-0.03463691488237589,-0.002997839213771147,-0.004474823824959583,-0.9922124110499531
3001,chunks,9004,4,0.34888601370395367,0.14162149520990538,0.09322805196412598,-0.03517631743090987,-0.0029796165306383866,-0.0045296019841740386,-0.9909554354492143
3001,chunks,9004,5,0.38589804843472886,0.158151064252788,0.07817258866590654,-0.031456282183954194,-0.0034280847039459047,-0.003608732696403015,-0.9918276899745182
3001,chunks,9004,6,0.42131472251993524,0.16656883024981012,0.05571565222840269,-0.029702042755124683,-0.0033426927793766582,-0.002079109861262203,-0.9923346776007425
3001,chunks,9004,7,0.4718936065290708,0.16870238157024586,0.023462927367147196,-0.030022980147129133,-0.0023237160120655066,-0.0014239684097539368,-1.0025819586636264
3001,chunks,9004,8,0.5376802398901975,0.17341866551084803,-0.03052740741572959,-0.032389196990051584,-0.002608393807175124,-0.0029414986996133263,-0.9975585366164381
3001,chunks,9004,9,0.6225939747434434,0.1804093461137454,-0.1167288699675132,-0.036120331260621544,-0.003327769505563174,-0.0064181371582278934,-1.0006752135726267
3001,chunks,9004,10,0.6889731623754977,0.17360874546076072,-0.18738089853415435,-0.03683617766231654,-0.0036535627191791407,-0.008912575946695277,-1.0009680873548457
3001,chunks,9004,11,0.7437604167981786,0.14676482177636532,-0.23000719557095894,-0.03645557364420995,-0.003537728399389645,-0.011135709422746248,-1.0123556189603375
3001,chunks,9004,12,0.7741044102939432,0.09595065736672159,-0.24767039741649516,-0.02903237979065355,-0.002504221075996944,-0.01534126631661479,-0.9990342243210479
3001,chunks,9004,13,0.7758580213548706,0.060855606272200574,-0.251744576020155,-0.023717823876842598,-0.0019026897157406516,-0.019360862899556085,-1.0052741808629762
3001,chunks,9004,14,0.7367416389054858,0.04210992358344967,-0.2503081342681236,-0.017686174796015114,-0.0030334633550258006,-0.018437660557006838,-0.9993809802765654
3001,chunks,9004,15,0.7004711276294251,0.03298322711308872,-0.24574794697532393,-0.011962433003455711,-0.0029101151649366473,-0.01460450400913688,-0.9929607483670799
3001,chunks,9004,16,0.6647188485442352,0.03110999533285902,-0.22720728429810752,-0.006346774671499429,-0.0009937919221475518,-0.0099821444204156,-0.9952939525846034
3001,chunks,9004,17,0.6275194918361745,0.029196851973904217,-0.21208178323423513,-0.003907596278284835,0.00042253780707626927,-0.008374799717337327,-0.9900699756648088
3001,chunks,9004,18,0.547606679567962,0.02357895223176394,-0.20652841147035933,-0.001470704402674337,0.00010298358205875803,-0.009968021516455983,-1.0027302820203217
3001,chunks,9004,19,0.470938795316915,0.01841875408050772,-0.21948822132235554,-0.0017674657964513833,-0.0020027031211865276,-0.016648927674707218,-1.0064619467575304
3001,chunks,9004,20,0.42760880596146383,0.01077679932159703,-0.23512860287868292,-0.0017589142049884328,-0.0026099201829903745,-0.024623233505846852,-1.0022571328705454
3001,chunks,9004,21,0.3814808503108203,0.0012828290115848573,-0.2762532045501829,-0.001213255175589674,-0.001818956685039055,-0.032514143829513405,-1.0138309529526501
3001,chunks,9004,22,0.32337151086220767,0.0035346504231050235,-0.37605001126610044,-0.0004938106529228715,-0.003275652186852355,-0.03992732102819875,-1.0081175561174003
3001,chunks,9004,23,0.280544983177344,0.020883779934624633,-0.49952239207149557,-0.0012560107893605887,-0.010683724716442647,-0.041886134150213826,-1.0036963882085268
3001,chunks,9004,24,0.24259473149864333,0.03396838401730756,-0.6107674807283706,-0.0017205308628369693,-0.02032889446029267,-0.03929353440407975,-1.0100448165216471
3001,chunks,9004,25,0.1758050795946438,0.03879569932229528,-0.7151968489492518,-0.002643485607625084,-0.03332468159417894,-0.032851629764883566,-1.010504170891826
3001,chunks,9004,26,0.10091422165168493,0.03515777441294181,-0.794247957685721,-0.0019603144564747372,-0.0485180388058773,-0.02759412251235884,-1.0143834515611354
3001,chunks,9004,27,-0.030602797918144686,0.025116491582113404,-0.8862215070374291,-0.00033823996354097156,-0.07485859211001077,-0.025130859236663347,-1.0128334842740787
3001,chunks,9004,28,-0.18326639940612138,0.015491858030248232,-0.9579834033265023,0.0003690431289718882,-0.09639238871120076,-0.02516759037027481,-1.0057713824489734
3001,chunks,9004,29,-0.2337266858880918,0.014765548979581655,-0.9730292287828636,-0.0003183760859745237,-0.10366884856720031,-0.024981033409273136,-0.9995702163556561
3001,chunks,9004,30,-0.2136552822826004,0.016820840369539167,-0.969465814075425,-0.0003947178076615884,-0.09873581086588387,-0.024135543099770007,-1.0096797854307658
3001,chunks,9004,31,-0.19107216795410747,0.018338423930526093,-0.955962989020903,-0.0009267569414582149,-0.08562787573554899,-0.021674261008296024,-1.0142277002461952
3001,chunks,9004,32,-0.18060375130041995,0.02184015092955835,-0.9187291549019448,-0.0009645290092587367,-0.0707576207504463,-0.018745102538491695,-1.0087393823361692
3001,chunks,9004,33,-0.18331063873948844,0.022865529241271484,-0.8840820452191235,-0.0008700586089215555,-0.05651923505403431,-0.016278481193787542,-1.0157888684226686
3001,chunks,9004,34,-0.20134074921907136,0.022227824177037142,-0.8391796042431163,-0.0012104726078733105,-0.0473046841723899,-0.01330488868492364,-1.0150817975402344
3001,chunks,9004,35,-0.22461085525257735,0.024355383127413782,-0.7932000057958319,-0.002745570377185545,-0.04662987516558096,-0.010500246496037171,-1.01246538767662
3001,chunks,9004,36,-0.20691403849352036,0.02719095010638456,-0.7421221698020583,-0.004847340171124629,-0.052057559228684026,-0.007288140388005092,-1.035455272156204
3001,chunks,9004,37,-0.19102030862127883,0.02956101344273744,-0.6862541177935033,-0.005013859897315217,-0.05167606587251714,-0.005319195142381723,-1.016985595028756
3001,chunks,9004,38,-0.17756728985620246,0.02835799762282072,-0.6143900854140895,-0.004115424870517336,-0.046875116749038014,-0.003668694936117659,-0.9708249611815349
3001,chunks,9004,39,-0.20386257178969963,0.02390832837968998,-0.4724213092484107,-0.004434099961537342,-0.03406444766150582,-0.00222257469948893,0.9672430044072047
3001,chunks,9004,40,-0.18799903300537224,0.021767397501296595,-0.34538943562793484,-0.005378035673121102,-0.024512147922977706,-0.0024424260459627173,1.0036850391720045
3001,chunks,9004,41,-0.15396127185591002,0.026325288525201135,-0.2483124473547664,-0.010203742403697553,-0.023309751661867342,-0.0029783117906525963,0.990568679761088
3001,chunks,9004,42,-0.12538040539196457,0.028801897750348887,-0.17338446438562188,-0.010493220063227723,-0.021162791872651902,-0.0033655092770502187,0.9916032882308827
3001,chunks,9004,43,-0.10429608356420506,0.02531645084482624,-0.10829385302515801,-0.007437229524983477,-0.013416533273333487,-0.0034780685156339634,0.990007809961565
3001,chunks,9004,44,-0.09141239793425615,0.021658443397977373,-0.04400640210658066,-0.002928027763833529,-0.002970883881170656,-0.0029971073607628906,0.9927812680852098
3001,chunks,9004,45,-0.0781558740368124,0.024068305648048363,-0.0015939316477971421,-0.0008402567384169703,0.002832903825778282,-0.003288338163027621,0.9879433681379898
3001,chunks,9004,46,-0.07347193981800682,0.027559322429853914,0.022037444661846192,-0.0016720944988040123,0.0009729500867974965,-0.0035952523386774023,1.0022321069585252
3001,chunks,9004,47,-0.07319684339194693,0.025440966802235523,0.044722087282240364,-0.0021183193067224955,0.0006326205133896558,-0.005677958865159011,0.9868615390764967
3001,chunks,9004,48,-0.06503416273647813,0.017281950076884586,0.07448318664332693,-0.0014579063097778797,0.003583892334301947,-0.011927525266396042,0.9902919588404487
3001,chunks,9004,49,-0.050282096575038154,0.0067265345697975765,0.10521591397494118,-0.0009983990765698608,0.0074751949855561585,-0.016106865618257842,0.9846033218660146
3001,chunks,9005,0,0.6318619164582574,0.30481475098491295,0.1803224890742748,-0.014995274015673368,0.017905309779751362,-0.02131494216054106,-1.0273526666563477
3001,chunks,9005,1,0.7182005550970784,0.3128759040685699,0.14567045616487662,-0.01991746913312639,0.03480220106434427,-0.024418943142999257,-1.0176106046582014
3001,chunks,9005,2,0.7533759893889037,0.3036287123732365,0.11141484034685484,-0.020878778316358638,0.03893393595776693,-0.027103409516344497,-1.0238013951907958
3001,chunks,9005,3,0.777106545626842,0.2904588631296422,0.07628341868009819,-0.01940501108927315,0.04376024729536257,-0.0284409591092094,-1.0251637770561495
3001,chunks,9005,4,0.8046938327771055,0.2797620812050385,0.040676377166724176,-0.01835127722417852,0.04749616140639813,-0.027708060821261142,-1.015562020935958
3001,chunks,9005,5,0.8246693543988505,0.2753914112564943,-0.003053974291074235,-0.015263322310353657,0.047234777769959525,-0.02511117961909845,-1.0160229080594256
3001,chunks,9005,6,0.8274227382801312,0.2717016604439269,-0.060719866260210635,-0.010840273907757008,0.045723905599555394,-0.023286293676244827,-1.011782722942704
3001,chunks,9005,7,0.8017958494747622,0.24754695893598933,-0.12900542219664132,-0.0075221306499462836,0.04212447540964263,-0.022697747552275008,-1.0124274225567027
3001,chunks,9005,8,0.7582137862034727,0.19930992910397732,-0.21585564501670562,-0.003585054339932992,0.034898627776809826,-0.022595403487493067,-1.0164307383382882
3001,chunks,9005,9,0.7395827791786702,0.13991142348448143,-0.3103341988063424,-0.0010454449379259153,0.025943595606019873,-0.024070805473928508,-1.0188817287508347
3001,chunks,9005,10,0.7406419229900891,0.08160259972943643,-0.3985186438435793,1.6566324002684034e-05,0.01891183952298733,-0.027163502887943627,-1.021881916457091
3001,chunks,9005,11,0.7178138491528382,0.03730119800461479,-0.48363580746406526,-0.00013618742568656961,0.010950808819413623,-0.02712343335510618,-1.0165749350515143
3001,chunks,9005,12,0.6494268458332684,-0.006795491402511761,-0.5711524738365699,0.0019477433125616454,0.002220593040879945,-0.02534623352204749,-1.0238068187793554
3001,chunks,9005,13,0.5632551971352548,-0.0521322422921649,-0.6468255259554777,0.006950217305348689,-0.004671902529282216,-0.023493183728702446,-1.0296440149186832
3001,chunks,9005,14,0.44940341285751945,-0.10359246305968589,-0.7310162050898104,0.020146889201145966,-0.012188739008559612,-0.022489454388653345,-1.0219611480117008
3001,chunks,9005,15,0.37262689847196784,-0.13719370290969418,-0.7918538231977099,0.027345951209173817,-0.007341859321575206,-0.022933144583655134,-1.0266812028118486
3001,chunks,9005,16,0.2997511557065302,-0.14766219736389086,-0.8365845909848331,0.025003082312322865,-0.0019159937543736984,-0.023479584259515088,-1.0327023293458064
3001,chunks,9005,17,0.18639440054073636,-0.14112489483223445,-0.8706776290664603,0.022071599571076052,-0.0010699907695633538,-0.01907273227359385,-1.0246870907833996
3001,chunks,9005,18,0.07647334423170903,-0.1136883461695253,-0.9051974580441077,0.020618813310786212,-0.0015340670545026056,-0.013907192729107908,-1.0221804496360676
3001,chunks,9005,19,-0.005451906282934127,-0.07538891919566207,-0.9018941120852215,0.015837722967787633,-0.0021692831494802348,-0.009167413279951107,-1.033170054907023
3001,chunks,9005,20,-0.05463282735767161,-0.03660834222633566,-0.8742441590359136,0.007113315457536563,-0.0035926082842147565,-0.005082895486530018,-1.0162692097224912
3001,chunks,9005,21,-0.11000407709453894,-0.01609273452719906,-0.841858673946119,0.0027431069378434873,-0.004231236960862982,-0.0025207074099406687,-1.0235896394287727
3001,chunks,9005,22,-0.18441700126795013,-0.011765792684491655,-0.8157435993655406,0.0015598219694131729,-0.004510554062203198,-0.0008509504864391906,-1.0201555646377478
3001,chunks,9005,23,-0.3041319417664778,-0.011393237672637918,-0.8058486927615252,0.001100167874124672,-0.009234627238728706,0.00023270592273821195,-1.0212228325429995
3001,chunks,9005,24,-0.43631285830361577,-0.014037640301003768,-0.8115866716146141,0.0019000279788493517,-0.018637337310937044,0.00019324396763223395,-1.0053406787748809
3001,chunks,9005,25,-0.4957903849067399,-0.016407323392958056,-0.8377318974811209,0.0056068956341635235,-0.03016902824506168,-0.0012800118269603727,-1.006706244050911
3001,chunks,9005,26,-0.5209535732709394,-0.021584900121542017,-0.8665653163179592,0.00946327435567716,-0.04827452285895663,-0.004408488575658703,-1.0221824540057527
3001,chunks,9005,27,-0.5719537601886953,-0.024426579177141833,-0.8735089572004335,0.005498054427719619,-0.08018729195896544,-0.00856109878563284,-1.0182542431353079
3001,chunks,9005,28,-0.5861552723606002,-0.02510532951173408,-0.8491338677144485,0.0014816640012520641,-0.10594124878407676,-0.010745270793270301,-1.015177064052325
3001,chunks,9005,29,-0.5641604869952765,-0.023994762371612993,-0.8068369540060245,-0.0015538845852791571,-0.1156325396465877,-0.0072401177063732974,-1.0186433266624102
3001,chunks,9005,30,-0.5197546692798222,-0.019111325810019952,-0.745636407873407,-0.008108392357510597,-0.1197485155319102,-0.003850950771308051,-1.029450652196123
3001,chunks,9005,31,-0.4821810658683472,-0.01797590195273241,-0.6856442496244379,-0.012743631468602568,-0.11569874063568511,-0.0022218862570953513,-1.0342394450860588
3001,chunks,9005,32,-0.4381915673651827,-0.016381579438861565,-0.6235311542402153,-0.020029537399434496,-0.10935256137668291,-0.000570074731986385,-1.031373196436405
3001,chunks,9005,33,-0.4398844351128667,-0.020251706927614938,-0.5649892060887893,-0.0203908899860975,-0.09972318449590994,0.0010062485382842726,-0.9826606462677894
3001,chunks,9005,34,-0.42484609532236517,-0.023173786548825737,-0.48397203324294247,-0.017008906250610092,-0.07975110830584403,0.002882160082924516,0.9742298244650207
3001,chunks,9005,35,-0.3627962591379621,-0.018812763541504823,-0.3974768390332016,-0.01562504048985531,-0.06451866310511256,0.004038161952775281,0.9807877094102312
3001,chunks,9005,36,-0.2562177824031813,-0.020252016756384134,-0.31222021180787685,-0.012550735937702465,-0.04927523341530759,0.0025156770632135603,0.9731369124182101
3001,chunks,9005,37,-0.15032369718402383,-0.019741785105992476,-0.22255799216723432,-0.012641746681449573,-0.03627231835785821,0.0017471677265005273,0.9746009276170069
3001,chunks,9005,38,-0.10071825907767049,-0.02183510093580804,-0.15136657823461142,-0.010716744149721081,-0.028329101175839408,-0.0005296555141236295,0.9772351999516383
3001,chunks,9005,39,-0.05882962331705857,-0.0106988691514521,-0.07438731344182427,-0.01108884657196659,-0.02084909746049167,-0.004342463671817787,0.9908158067528474
3001,chunks,9005,40,-0.027165844108860276,-0.0024450166564700115,-0.01094586477154607,-0.009316417337051866,-0.009492971665527572,-0.01371438077721604,0.998524966273934
3001,chunks,9005,41,-0.01213900654503415,-0.00448576017740035,0.040385795539330874,-0.004181772549509483,0.0010340515490900905,-0.027920610307300225,1.0009048605147097
3001,chunks,9005,42,-0.0005444280040943078,-0.00820509963742766,0.09800109231556706,-0.0002690632365463506,0.012432704998739413,-0.03950725752048502,0.9952139833623923
3001,chunks,9005,43,0.002174846448316961,-0.011602456590612487,0.1511206905041928,0.0020087457586511494,0.014740438204069253,-0.044350530623944465,0.9933150788939843
3001,chunks,9005,44,-0.001250722503951987,-0.014694533624240558,0.20739058349781064,0.0034245368359225896,0.017785080116676382,-0.04390127715874317,0.9901701639060558
3001,chunks,9005,45,0.025956467516770332,-0.004078025517114947,0.3197173912596274,0.001265873609422377,0.026349746992783946,-0.05031691334956166,0.9860390400810222
3001,chunks,9005,46,0.08837384227709956,0.010328364427537637,0.45168639887668716,0.0015448240700346046,0.027059099683442195,-0.05946749731819138,0.9889676599991114
3001,chunks,9005,47,0.17065837937773065,0.04284092231503206,0.5877088630420408,-0.000707349680306023,0.021563427088461873,-0.06794824213659287,0.9976883187865648
3001,chunks,9005,48,0.21533765034400545,0.08273800950359811,0.705545428899527,-0.005505033876036493,0.018789327067184856,-0.07345113047435312,0.9876484310340363
3001,chunks,9005,49,0.2121294138882286,0.09561557755281683,0.7636950209261315,-0.006171728351646823,0.018734524565164064,-0.07623955820572234,0.9850235320752851
3001,chunks,9006,0,0.22686685398435127,0.22085356978405424,0.4884031551308765,-0.006180473676067005,0.03666896835924561,0.00011398130005201706,-1.014459617609168
3001,chunks,9006,1,0.3693663151478518,0.2593663772395876,0.4536946302826216,-0.006142610600647461,0.04350885764810214,0.001595371642545848,-1.0111950889126806
3001,chunks,9006,2,0.4819258955832425,0.290785929644925,0.3947635525277465,-0.005582698918810452,0.049665050515073354,0.0031528818584549492,-1.0120312647836531
3001,chunks,9006,3,0.5503653360555054,0.30646723680864074,0.33048957789886685,-0.007165575297518592,0.049827720777178695,0.003724284674059053,-1.0068625848863466
3001,chunks,9006,4,0.6044545479682669,0.31883819257081725,0.24513551529106314,-0.010688784890558712,0.048016986370886874,0.0037479146396442245,-1.010663577233839
3001,chunks,9006,5,0.6542763796138328,0.3263960429020123,0.13148246817098652,-0.015936591207609388,0.04226708031058729,0.00024325548284546972,-1.0130282618458282
3001,chunks,9006,6,0.7214910947697887,0.32387403672061177,-0.004798687908368432,-0.022092813704661755,0.042169701789628575,-0.004089899291226461,-1.0073478781583325
3001,chunks,9006,7,0.7859126648150457,0.31465464511575236,-0.13453526260637005,-0.02745951190649399,0.04048393287403623,-0.00813290947214352,-1.0175199364059766
3001,chunks,9006,8,0.8107163047686313,0.299926075500495,-0.2159343888270962,-0.0269116913484958,0.03501251978821084,-0.011085405046324322,-1.0136673020630689
3001,chunks,9006,9,0.8237236077358172,0.2987330375752596,-0.2638110427671637,-0.027420649700218402,0.026685449074493328,-0.01475901670863192,-1.0135872451797652
3001,chunks,9006,10,0.8246847388527397,0.2924784115461332,-0.30179512654972684,-0.025999490345196583,0.016810745489178554,-0.021055232185010708,-1.0198195379552504
3001,chunks,9006,11,0.8162588251353017,0.28382204923056464,-0.32603564784261063,-0.023513035642148582,0.0058437681442988915,-0.028697311015731093,-1.0096063311770127
3001,chunks,9006,12,0.803701282705057,0.27461727591036184,-0.34962115748205475,-0.020288236516565812,-0.0009093653480622202,-0.03722037427878904,-1.0220041830078803
3001,chunks,9006,13,0.7876276341725424,0.2648272078788624,-0.3563801356456372,-0.01998398046959652,-0.0037919386498676128,-0.041417315807846564,-1.0162680306815
3001,chunks,9006,14,0.7736297312753503,0.24945772928823445,-0.3585625435760032,-0.020944199123763062,-0.004013888009223766,-0.04253027363661335,-1.0091967323366633
3001,chunks,9006,15,0.7536316746788944,0.21795610746687005,-0.37307190422452163,-0.02103739092564158,-0.0027391794520446686,-0.04174981381416042,-1.0247827110077874
3001,chunks,9006,16,0.7233542749225003,0.1763653025828005,-0.3980178376598695,-0.020559707947611375,-0.0021803256756569734,-0.03955883169065509,-1.0295429711057356
3001,chunks,9006,17,0.696022095242363,0.13821066774682272,-0.450878549230618,-0.022456353598906405,-0.004035230186655754,-0.039215873731021714,-1.0215746583747791
3001,chunks,9006,18,0.6640831383521865,0.10316683698110311,-0.5318153928202274,-0.022683657040428334,-0.004396234027165779,-0.041269862374799925,-1.0200499225649347
3001,chunks,9006,19,0.6175607303597459,0.0758149560711446,-0.6116790286457569,-0.02196309855325745,-0.004414164106569697,-0.04242108667299242,-1.0246366278289754
3001,chunks,9006,20,0.5575406309039637,0.05195631707687964,-0.6925991833317158,-0.0202616919767,-0.00548058620578073,-0.04333034860345463,-1.0143287440591429
3001,chunks,9006,21,0.45555625545594725,0.014070673465864422,-0.7709592601976997,-0.009270519812176175,-0.003971048888751147,-0.03984221315686737,-1.0162477511764512
3001,chunks,9006,22,0.3754232757625331,-0.015813916801158345,-0.8022357676399237,-0.0023531994254709842,-0.0007753441346869637,-0.03472918537552561,-1.015099601059202
3001,chunks,9006,23,0.3127221824203551,-0.03710412458958129,-0.8058539219513356,0.00013919069293606505,0.002299550585269825,-0.02824543272730858,-1.0120443521386557
3001,chunks,9006,24,0.26326728444554504,-0.05607303890655074,-0.7907644271970891,0.0012120517816508998,0.0022325951138302755,-0.023838933704709762,-1.0067545847315509
3001,chunks,9006,25,0.2306013398816174,-0.0754254367410517,-0.780330747153559,0.0005899377592795984,0.002072095439386164,-0.023476856716317683,-1.0039466986109626
3001,chunks,9006,26,0.15674156988713092,-0.0944164333993906,-0.7925078613317701,0.00015187004627809021,0.000953167172872596,-0.025219929476437745,-0.9985751057590673
3001,chunks,9006,27,0.0807712992953227,-0.08678090054587814,-0.8169181087747787,0.0001669011458610226,-0.006389836091133495,-0.027911018009949752,-0.9974047896711831
3001,chunks,9006,28,0.0069122290045782325,-0.0701251537367332,-0.8321641454452663,0.0003053752923578945,-0.020050557218712177,-0.02812043562948092,-0.9994082161234628
3001,chunks,9006,29,-0.06792347874085566,-0.04493065279618816,-0.841660409770752,-0.00027532987276776186,-0.03242190864954792,-0.02661556830860049,-1.0060523479171808
3001,chunks,9006,30,-0.11514925602009041,-0.0207865136326556,-0.8425912611866938,-0.0013659854898405528,-0.03955052865789044,-0.025372315653872633,-1.0000953612131451
3001,chunks,9006,31,-0.1655403666301714,-0.008803702902674654,-0.8423197883539802,-0.0013065469686719244,-0.042342740124519,-0.023887480913879516,-1.0036739864296935
3001,chunks,9006,32,-0.25348364714613286,-0.00466239074210395,-0.8358033834049566,-0.00015076739308078797,-0.042177446585347146,-0.01984450351593358,-1.000504370532999
3001,chunks,9006,33,-0.35214490832658424,-0.002126977424872001,-0.8310127223527446,0.0002334878663245929,-0.04041122663724151,-0.014316544947390184,-0.9913232962384746
3001,chunks,9006,34,-0.4245322307947792,-0.002534669835779768,-0.8117486096097021,-0.00044320104257129485,-0.03885382031745838,-0.009504719455362947,-0.9962118359962675
3001,chunks,9006,35,-0.4875862456760014,-0.004485971424288443,-0.7861692488363023,-0.000782708675943906,-0.03773648613671385,-0.005585108748814172,-0.9847975401602749
3001,chunks,9006,36,-0.5342455247488184,-0.014313204824967701,-0.7639169322649724,-0.0005814045097549381,-0.03853130813474567,-0.0030920512161967534,-1.0021399361960184
3001,chunks,9006,37,-0.587441932743621,-0.03192936448617201,-0.739168289485612,-0.0002515991478694783,-0.03958852748395272,-0.002092786916814554,-0.9942192567211072
3001,chunks,9006,38,-0.6512733320248911,-0.06482719444818383,-0.7297363330688593,0.00097787863196005,-0.04143624313242999,-0.0024072717732622484,-0.994526632707518
3001,chunks,9006,39,-0.6950077952854123,-0.10899610212478894,-0.7173828728087421,0.0020233116647823427,-0.041296793515331554,-0.003418149986547485,-0.9895183023850174
3001,chunks,9006,40,-0.7312950994512818,-0.18335810502379857,-0.6766875375539705,0.003315837023290213,-0.038815715090040157,-0.004795257697900325,-0.9878983000630821
3001,chunks,9006,41,-0.7331621798880781,-0.2599821114343348,-0.6161139935314994,0.004336676125900752,-0.03333450147204739,-0.005552393529165225,-0.9933602074549048
3001,chunks,9006,42,-0.7239117172241617,-0.34112975870665163,-0.5201302118919521,0.006142207136338547,-0.024473957574474726,-0.005309449857832677,-0.9948858864975425
3001,chunks,9006,43,-0.6879580318024919,-0.39480060774251324,-0.4058816768747889,0.007142626941493155,-0.01559647264646588,-0.00582369884158164,-0.9923304330531741
3001,chunks,9006,44,-0.6294985515729323,-0.39303204879533726,-0.296547578945245,0.007651661848981117,-0.008313897614354783,-0.008783874373130766,-0.9846968500596247
3001,chunks,9006,45,-0.509382224894235,-0.35345001521568403,-0.19951311956154574,0.006321374187438713,-0.003500696858381386,-0.01954828314546399,-0.9712555469515283
3001,chunks,9006,46,-0.35173776200464146,-0.2846865055113612,-0.10767512582973823,0.0031426991293025917,0.000736425676247307,-0.0327278199569934,0.15561295409623976
3001,chunks,9006,47,-0.22804057728512156,-0.21402791405701616,-0.039123465324601515,0.001957344030482506,0.003037151868645796,-0.04188403276176487,0.9509254897530786
3001,chunks,9006,48,-0.13545214870875136,-0.15720909206093509,0.016890030479266946,0.0013861434979803738,0.004938445436265464,-0.048883628738893126,0.9678158414727885
3001,chunks,9006,49,-0.0660501867405173,-0.10800107294933287,0.06613981959685197,0.001118345962490695,0.008802464845285872,-0.052310627222633854,0.9581299607778736
3001,chunks,9007,0,0.4587894465071173,0.1533694064418817,0.040142081916355835,-0.013529971668928848,0.006080292554849081,-0.016247114447017437,-0.8995235183744488
3001,chunks,9007,1,0.5417704461414761,0.10021898523954406,0.014158529803962566,-0.007118448193309505,0.004589930696730471,-0.01573789437103868,0.9406688353143144
3001,chunks,9007,2,0.6554890429404706,0.11749258694700486,-0.007225789934798936,-0.01430269744192195,-0.0007506474126876203,-0.020560280350830212,-0.9302248025530024
3001,chunks,9007,3,0.7295046617865044,0.16505696443792778,-0.0009648225635648378,-0.027111223795543635,-0.0011742447526860728,-0.028670037769288496,-0.9921216248936291
3001,chunks,9007,4,0.7819912903053924,0.2122231556279074,-0.006470707442845336,-0.03760593494644884,-0.0016982849726943864,-0.03768064719335035,-0.9942790340993619
3001,chunks,9007,5,0.8025594384255479,0.24882253102040558,-0.017441266039954578,-0.0425669641476514,-0.0006384965143838503,-0.04228298294330994,-1.0033416147742689
3001,chunks,9007,6,0.7900904468895202,0.26525037764510495,-0.03523326797626787,-0.04362376805517312,-0.0005992711708730641,-0.04108704485803763,-1.0164026771626973
3001,chunks,9007,7,0.7697120403673324,0.26160974877558374,-0.06556242980277546,-0.04203830752879353,-4.181705595854117e-05,-0.039434575487974806,-1.013129659371073
3001,chunks,9007,8,0.7472365811023228,0.2508480718069556,-0.11319154557944806,-0.03880055485523975,-3.4716216376951686e-05,-0.03959283309553775,-1.0130569125419147
3001,chunks,9007,9,0.7213362390461333,0.24200900909943207,-0.1708901477997393,-0.035878199436058626,-0.0020681457588015827,-0.04005117509309994,-1.0122669550777978
3001,chunks,9007,10,0.6895827623324244,0.22820082809250203,-0.25368032195456774,-0.03310274984351097,-0.007567437934454058,-0.04019253307904918,-1.017575469236663
3001,chunks,9007,11,0.6407880054958043,0.2026782889009889,-0.3493227042551063,-0.03092796616013404,-0.027173346432749032,-0.04097206186512223,-1.013979747925742
3001,chunks,9007,12,0.5678227548219991,0.16965833007140335,-0.44776462232816416,-0.02530700438847355,-0.050399961523005084,-0.04366680023608588,-1.0201359925572937
3001,chunks,9007,13,0.47003349604438877,0.11885826287075885,-0.5473574350117947,-0.014812552589753027,-0.0698645883663093,-0.046605935656768516,-1.0200433199353838
3001,chunks,9007,14,0.36337936102111495,0.07185656963254293,-0.6246500339706186,-0.005609343449879997,-0.0772825891096941,-0.047436479116971145,-1.0194007425951694
3001,chunks,9007,15,0.23944752726604218,0.040830020937827366,-0.6560455889255489,-0.001164690697826935,-0.0653756737938377,-0.0433780434553752,-1.0132894194253832
3001,chunks,9007,16,0.12276281859131909,0.011694751549148216,-0.6755072426581337,0.004447021106307037,-0.043943670402593,-0.03803412411565126,-1.0245052826625536
3001,chunks,9007,17,0.04997680041669804,-0.011052595024013179,-0.6755375052034197,0.009740114845654381,-0.020624656374836348,-0.03245480118795298,-1.0158699864428644
3001,chunks,9007,18,0.020890829106925704,-0.02288449097713527,-0.6790318834794244,0.012951569051445282,-0.007933946110564007,-0.03144228601164302,-1.0163920657937764
3001,chunks,9007,19,0.013567504031960137,-0.025587310411623793,-0.6837041645750761,0.013031460460864844,-0.0009164013795451911,-0.03230938029911594,-1.016695315136718
3001,chunks,9007,20,0.01237771876057775,-0.023354078726256416,-0.6919812488592194,0.009618023242353385,0.0005774736578896336,-0.032065986408313304,-1.020698277206006
3001,chunks,9007,21,0.011416533473042945,-0.03122105367037159,-0.7000840453595735,0.009155065531435323,-0.0018111439236577018,-0.02925776650451166,-1.0174216043873088
3001,chunks,9007,22,0.011125872024386196,-0.07170183009388473,-0.7212790642549702,0.015425824827637942,-0.005836400078333388,-0.025852490017436766,-1.023982495887047
3001,chunks,9007,23,0.005948371300170646,-0.11567837635418568,-0.7424578392841472,0.02355081944349006,-0.016248589145907415,-0.020206017729988056,-1.0235698315401203
3001,chunks,9007,24,-0.001383765527726788,-0.13918891568467595,-0.751298619103923,0.025002188640939508,-0.02652199602307028,-0.014094842455813671,-1.026043459539698
3001,chunks,9007,25,-0.011012203638869802,-0.1443363826901427,-0.7569869762834913,0.021019231210857386,-0.03486142477063801,-0.009692884967481039,-1.0292296999143686
3001,chunks,9007,26,-0.021324184592710294,-0.1327171278545824,-0.755412322594395,0.014427331415517736,-0.03986987588390638,-0.0072069784936311665,-1.0262771454641577
3001,chunks,9007,27,-0.020130571264726366,-0.09911507118327345,-0.7362886747904102,0.006690929177532886,-0.038463431807934684,-0.005595479095345957,-1.032198053513862
3001,chunks,9007,28,-0.011382541029764118,-0.06707356568999101,-0.7179873448989605,0.0023547543826289196,-0.03278237322864033,-0.004520599780303773,-1.0301104435348094
3001,chunks,9007,29,-0.0038378206623850275,-0.039783002710085114,-0.691828879168891,7.422218949227222e-05,-0.02571564785633471,-0.0039018321280217365,-1.0376240001554526
3001,chunks,9007,30,0.01863901092480244,-0.010902933645357049,-0.6472808548767401,-0.00320832185624591,-0.015080076880239518,-0.002936985577255448,-1.0398804488044477
3001,chunks,9007,31,0.07388193048116384,0.012735776213706668,-0.5837576027637355,-0.011336083416188811,-0.005800184925910726,-0.002145807908776838,-1.0505580798291267
3001,chunks,9007,32,0.10869846640972264,0.02942559010433926,-0.5144345672244564,-0.02038257196783702,1.6951314783747104e-05,-0.0005635968168925601,-0.957689855018858
3001,chunks,9007,33,0.062493444034666695,0.036990087670946484,-0.45293200756544505,-0.025432727703541352,0.004065875000161295,0.0015711122439151237,1.0032431346084956
3001,chunks,9007,34,0.02619538700225843,0.039667909557009814,-0.40317203866326656,-0.029094733680356,0.0027164601164047526,0.002498551239099117,1.007200821503721
3001,chunks,9007,35,0.009433392499423654,0.030502590113941186,-0.33290274228700845,-0.026582584362673908,0.00754647228661709,0.0020890023229901064,1.0003773575752382
3001,chunks,9007,36,-0.0024007284890455727,0.017082561180769618,-0.23483165165306305,-0.021237109293833857,0.020589146628927073,0.0011864980556419644,0.984577618772406
3001,chunks,9007,37,-0.01676103278243206,0.007565945204353067,-0.12642078387346067,-0.01872535525387902,0.03674112008599537,0.00020638338245817373,0.9825868080587326
3001,chunks,9007,38,-0.02777789077177542,-0.0062540233789329935,-0.05547620577953742,-0.016272349170842037,0.041053114352945744,-0.0015489633220501856,0.9887819610429944
3001,chunks,9007,39,-0.025822846289061868,-0.014215284850770282,-0.00978370515100934,-0.015420725651016463,0.03942313843926951,-0.0026683990659107995,0.9984807522367631
3001,chunks,9007,40,-0.01693793594528789,-0.009043876531318856,0.022304300231216476,-0.015954691177847494,0.036128345004271104,-0.003417302000361111,0.9963690898214896
3001,chunks,9007,41,-0.006968575085721948,-0.0022220948570206567,0.04520076676119365,-0.015761745651345527,0.03188408003680349,-0.0033737203185507277,0.993792590495428
3001,chunks,9007,42,0.009378057218973335,0.0036805375240271387,0.07936463533139723,-0.015359985681836757,0.03035679110446246,-0.002923035330277074,0.9889333499062669
3001,chunks,9007,43,0.037275994773827203,0.011470041192712957,0.1305077805681229,-0.0135731569324033,0.03356075647288801,-0.002967556790592976,0.9875852344369069
3001,chunks,9007,44,0.07096661258288897,0.020184102074984583,0.24591981031811483,-0.009295653538651829,0.04563679190758998,-0.002717149529501514,0.9887447622997214
3001,chunks,9007,45,0.09811347008417759,0.026696533806348663,0.3632877239462577,-0.006242076850560182,0.055397386809651644,-0.002229159705621757,0.9885176200527631
3001,chunks,9007,46,0.11688601137623078,0.023966998682078383,0.43698358602002096,-0.005249916475070118,0.055635524651671944,-0.0015117459077004028,0.9892446756799984
3001,chunks,9007,47,0.13211230513449454,0.024127053407629065,0.49473670532557024,-0.005185386995505213,0.05068141174359843,-0.002936511316939873,0.9871015918223088
3001,chunks,9007,48,0.13980493835872096,0.025482512023561915,0.5669437503046791,-0.0034561156827201713,0.0447792201935335,-0.0074981699563305484,0.998794848756824
3001,chunks,9007,49,0.14996247889693362,0.055160481709333756,0.6653681172140645,-0.0026191096269902155,0.04862362886536863,-0.015584107267971156,0.999892535919649
3001,chunks,9008,0,0.4355981767713584,0.33912956873979827,0.20304707380407233,-0.03288519085726527,0.046473714020313146,-0.003068183027688097,-1.0145144430152597
3001,chunks,9008,1,0.5531142779465787,0.3516910128625378,0.17270113962939607,-0.03901514847734976,0.04952946036534047,-0.005197570319516877,-1.012690702410042
3001,chunks,9008,2,0.6828120858440023,0.3644002030588147,0.12717833038244353,-0.0463603585661703,0.05409484849418322,-0.0050869256064466906,-1.026042398402806
3001,chunks,9008,3,0.777869123392865,0.3723525217457224,0.08866793420842486,-0.04992516996823202,0.04954130380354194,-0.005237316393705917,-1.020837639851168
3001,chunks,9008,4,0.8084113813295968,0.35797466421408924,0.059144025890469965,-0.04329250344665819,0.035353816646672705,-0.005773798788470227,-1.0246931038924547
3001,chunks,9008,5,0.8179332748748084,0.33068642494995243,0.04068271895011133,-0.03697161574777196,0.027831689601792324,-0.006476184872428979,-1.0168997608445953
3001,chunks,9008,6,0.8223179164607329,0.28676935173021467,0.027339537166425454,-0.02439830620203008,0.026857482655921625,-0.009325086257862363,-1.0258679003361055
3001,chunks,9008,7,0.8385550880148687,0.242074960377897,0.011379410123575628,-0.01515130716437253,0.023747518049046137,-0.014254106500590079,-1.0175470543487746
3001,chunks,9008,8,0.851828188119672,0.18558602152227344,-0.0182226718005618,-0.0065477124636684715,0.014205386411005928,-0.019540631600003976,-1.016628581416615
3001,chunks,9008,9,0.8512476236109304,0.12920936742923814,-0.07124184451147111,-0.0024413190173039247,0.006518598431379023,-0.020153712499561948,-1.0193738604605695
3001,chunks,9008,10,0.8270077913900192,0.08444788054447835,-0.1340060574716151,-0.0011257548652157862,0.002022407940731054,-0.016702484121864508,-1.0257267691294567
3001,chunks,9008,11,0.8027173999309742,0.05429857328119558,-0.19749864372416212,-0.0007287571720800885,-4.098519081208174e-05,-0.012288828576669627,-1.0286861620174166
3001,chunks,9008,12,0.7806476424382465,0.0390067701713222,-0.2663711484019783,-0.0003462833965818292,-0.0004669852668847292,-0.00755038230167181,-1.0261744509938224
3001,chunks,9008,13,0.7502566288510176,0.03100399164441027,-0.3771703929978323,-0.0001376240180589424,-0.0012279987177083,-0.005746077508088955,-1.017116114866484
3001,chunks,9008,14,0.6815106549406982,0.02330895054251997,-0.5203878051197963,8.871466458322476e-05,-0.0034681380434629355,-0.004853462770362797,-1.0250535367234705
3001,chunks,9008,15,0.54983135827333,0.002268366160202262,-0.6738816878129035,0.0005451846649778746,-0.012421365260342085,-0.0034711010415047067,-1.019358768735882
3001,chunks,9008,16,0.4303879750541928,-0.03312176867074315,-0.7862293288894439,0.0012706669377512947,-0.026023905159206273,-0.00293347779934533,-1.0310414143014761
3001,chunks,9008,17,0.31152676340529495,-0.07879561326130091,-0.8571661257820401,0.002833726309769736,-0.040984989178166883,-0.0027501007865425448,-1.0270455264781353
3001,chunks,9008,18,0.24952313475317203,-0.11165688342854552,-0.8821579815172661,0.00744816490694155,-0.0509128740957519,-0.0032478096685944514,-1.0197886470812805
3001,chunks,9008,19,0.25252541454103694,-0.12492656795145607,-0.8866164777571558,0.010076173563679507,-0.05549801418539782,-0.0048262157502971005,-1.0252572750067532
3001,chunks,9008,20,0.24775767838502466,-0.11788407552847063,-0.8670391699222736,0.008694445114904503,-0.061683600910590726,-0.00642151598978493,-1.0269352861454561
3001,chunks,9008,21,0.21448153798743502,-0.08747167786996624,-0.8434473463142818,0.005778770358022745,-0.07067242615202807,-0.008086003597061301,-1.0275546363781436
3001,chunks,9008,22,0.1442849111938338,-0.04697391719664984,-0.8309489707408,0.004261855754754849,-0.08248392073187509,-0.010178553757005323,-1.026186595116032
3001,chunks,9008,23,0.08282943496743449,-0.02226043950343512,-0.812939974811627,0.004056728096795039,-0.08828387025172967,-0.01389187652499943,-1.024927261433311
3001,chunks,9008,24,0.024343826445882205,-0.008742300473866815,-0.8067305900600924,0.002789561444971219,-0.0837802993761195,-0.0176580530918031,-1.022892472490665
3001,chunks,9008,25,-0.05123107541793784,0.006313096243533489,-0.8040264313719353,0.0007810506345006614,-0.07232743540290244,-0.02103812930897605,-1.02873674287594
3001,chunks,9008,26,-0.15295165804099142,0.020866007029772468,-0.8012466163205629,0.00033921137828337496,-0.07022636458393497,-0.02341702997955035,-1.0165816555851643
3001,chunks,9008,27,-0.19923214007896195,0.03020240124438768,-0.8024789249661103,9.64108625454963e-05,-0.06997524577648966,-0.023478806210333776,-1.0247024183162854
3001,chunks,9008,28,-0.2162735646568395,0.03507595145161761,-0.7781867793312678,0.00042527255744573235,-0.06373006655368843,-0.020302481622516307,-1.0171155253459885
3001,chunks,9008,29,-0.2242200323418035,0.037466547985493856,-0.7478919132017618,0.00018358444384937575,-0.05224516996862233,-0.014139873144947676,-1.0173638313787392
3001,chunks,9008,30,-0.2509969632460076,0.02664589088570808,-0.7138113361681936,-0.0008425502866525803,-0.04232516648965749,-0.008466154930198973,-1.0228517955764678
3001,chunks,9008,31,-0.2891813222541383,-0.006650336624135084,-0.6914170526564775,-0.0006563135449760258,-0.03691237087810596,-0.006116374280107174,-1.0262449576450974
3001,chunks,9008,32,-0.3592990405225093,-0.060790857907873114,-0.6443426621297252,0.0014364785231123262,-0.03681246580858613,-0.006629010341676907,-1.0213796449948316
3001,chunks,9008,33,-0.4222898563560644,-0.0930626788416884,-0.5850323012245549,0.006586896141862203,-0.03983580036602322,-0.010663940612977946,-1.0219974624742305
3001,chunks,9008,34,-0.4327858819651472,-0.10528984588869794,-0.5084221115359968,0.013392297467883604,-0.03900903861550752,-0.018132533053283235,-1.0267270675064069
3001,chunks,9008,35,-0.43104729422069377,-0.10883913160380451,-0.41939309671469077,0.00996642384340794,-0.029304998935984542,-0.02472823517682113,-1.0035801347667925
3001,chunks,9008,36,-0.3960140397292488,-0.12073120475378346,-0.30344604852850565,0.004489123652528575,-0.012445920758723542,-0.03800911070868472,0.8706890974583849
3001,chunks,9008,37,-0.33649837701507523,-0.13566145881467312,-0.20066899302837413,0.004033789489713822,-0.0009479735637085377,-0.04804604568202477,1.029934382471814
3001,chunks,9008,38,-0.20945861272130878,-0.13612082221441024,-0.10088935502208696,0.00856510024342652,0.011875699704089956,-0.053827021036160994,0.9986600843715276
3001,chunks,9008,39,-0.08618110579204047,-0.10745580248176828,-0.015730573448122752,0.009683292500589654,0.025843485472068592,-0.05886909226203929,0.9994288190978025
3001,chunks,9008,40,0.02572378668013052,-0.05937688390393647,0.048456229474022824,0.0037266094812166356,0.031622994324161526,-0.06320317588695969,0.9904196489797978
3001,chunks,9008,41,0.10302470870635361,-0.01777952684555434,0.08541800664863977,0.0003956689116907338,0.03223590869493358,-0.06653625771502839,0.990123002266407
3001,chunks,9008,42,0.056143510691871096,-0.014724770095490641,0.09623845203426837,0.0006676949814444985,0.037453061231458196,-0.06399600144612007,0.9921768327210613
3001,chunks,9008,43,0.01034320598964042,-0.02018269961083549,0.08873196396876368,0.002893499176525844,0.04284632155405865,-0.06199131401984743,0.9988607571482331
3001,chunks,9008,44,-0.02580651384945759,-0.03116200312358461,0.0794408201765614,0.0054958608706877415,0.05010021271517772,-0.06217390205581186,0.9985349881223593
3001,chunks,9008,45,-0.026063318665435514,-0.03858733124031136,0.0735430728858591,0.006907522623717549,0.05450697383344094,-0.06272743159555992,1.0132834939774207
3001,chunks,9008,46,-0.01993469033069961,-0.03976644095405804,0.06904872331796036,0.007704879042442525,0.05251726847731336,-0.06233467848832273,1.0193019087170987
3001,chunks,9008,47,-0.016852364434746525,-0.03560259579208999,0.07314945118584412,0.006850966661469015,0.048135254379872296,-0.06057306367973572,1.0131203736562853
3001,chunks,9008,48,-0.014559972464020937,-0.027399752379021147,0.08075309648543369,0.004972374109535344,0.04159205463192625,-0.057335948535799916,1.0066734364683487
3001,chunks,9008,49,-0.007740759106990361,-0.01583447816493344,0.09647065031372459,0.00313512362384795,0.035395050073955645,-0.05359952251529,0.9983294812775898
3001,chunks,9009,0,0.21837801207230753,0.22170116271474216,0.04446502253634499,-7.193682783832359e-05,0.04159345139154426,-0.007147872982228524,-1.0191378164541274
3001,chunks,9009,1,0.25719262809751686,0.2851934076956085,0.04309247147045525,-0.006240451993499533,0.05229073805594135,-0.004473720131598455,-1.013243908443122
3001,chunks,9009,2,0.31929932536794964,0.34012340084955517,0.054192539436746706,-0.015470693130356572,0.05633464733559884,-0.002261147143311777,-1.013577459139538
3001,chunks,9009,3,0.4061407214593984,0.37601799324928414,0.0807615521966166,-0.023512624740795747,0.05334281918694142,-0.0017005889345550265,-1.0014302714234036
3001,chunks,9009,4,0.4745240953479451,0.382532002290746,0.1042931566772698,-0.021904269353486567,0.04312334038611051,-0.003537003555586768,-1.0059837277314918
3001,chunks,9009,5,0.5427410751724194,0.38212469012423683,0.12248141924648778,-0.019279319021456517,0.032491573742132795,-0.005923345960605897,-1.0062582084742477
3001,chunks,9009,6,0.5915209170337903,0.368210618093865,0.11313507690546173,-0.016468703772446254,0.023745521572694633,-0.010939061863233034,-1.004485874056247
3001,chunks,9009,7,0.6240202869649379,0.34457803439455625,0.09081870275895362,-0.014627859462284091,0.015819340215047304,-0.018451233799817297,-1.002333181014479
3001,chunks,9009,8,0.6597615874727044,0.31397631727493636,0.04095463682025559,-0.015943771825927412,0.005115127789663398,-0.03022393311624848,-1.0114695696554363
3001,chunks,9009,9,0.6829729364487507,0.2786492607647777,-0.019554168163471497,-0.017184529863427993,-0.0007107759227607466,-0.03899982302366674,-1.0076777738276756
3001,chunks,9009,10,0.7017800701909662,0.24040558888624705,-0.09665670832455646,-0.01630807727782564,-0.0035678690016730363,-0.044862576592033986,-1.0093803090189961
3001,chunks,9009,11,0.7223134768917756,0.19646036349788845,-0.18628535545402225,-0.014242584761309409,-0.00440938378383271,-0.04763663008333166,-1.0100188776198402
3001,chunks,9009,12,0.7300902099915763,0.16604590970300653,-0.26452758084539474,-0.01281158174098891,-0.0030943326689054293,-0.04766048734418328,-1.0150003258077411
3001,chunks,9009,13,0.7067179742970401,0.111400976620644,-0.353501967322085,-0.009856113609746808,-0.0012165924923512473,-0.05072641855504251,-1.0178925133592018
3001,chunks,9009,14,0.6594495286321946,0.048208128333500744,-0.46535417047892313,-0.003716984140263712,0.002202071466665491,-0.055856404967345986,-1.0220019428299971
3001,chunks,9009,15,0.5925917978112045,0.004863393349256145,-0.5832851399013919,0.0003456371801904149,0.0015874430667777127,-0.05785074390240092,-1.0220165629382882
3001,chunks,9009,16,0.5122336669962584,-0.020814637635024696,-0.6771171099339324,0.001940176790691714,-0.004519487906962165,-0.0553801733024422,-1.0243008369546762
3001,chunks,9009,17,0.4122913069489809,-0.0440048703506514,-0.738345192757573,0.0018716101662761158,-0.013972952393240205,-0.050459628550515376,-1.0181733609233101
3001,chunks,9009,18,0.34016653138166625,-0.0625590506937764,-0.7674999842490398,0.00085440824370134,-0.02251505734546265,-0.046904898869155366,-1.018652994798538
3001,chunks,9009,19,0.28678363202563306,-0.08000042467976651,-0.7856448834836061,5.489107755821056e-05,-0.029843393666194575,-0.04548638407974327,-1.0247639642560271
3001,chunks,9009,20,0.21994194473431503,-0.10689633622332337,-0.8022432776465663,8.650392156320545e-05,-0.03479583897483496,-0.04735873976478242,-1.0208943517228457
3001,chunks,9009,21,0.13934989618708188,-0.1291279587270025,-0.823680341274573,0.0009053584490906295,-0.038360771910581,-0.05225095128753368,-1.0246019640238335
3001,chunks,9009,22,0.031112471536343653,-0.1429925708193071,-0.8370215064824011,7.786640015954764e-05,-0.0398512034132235,-0.05277934065949352,-1.0210963214446416
3001,chunks,9009,23,-0.08671266395353375,-0.13879523598401222,-0.8437386789423393,-0.00041263146616461635,-0.03533288337510957,-0.05260573734314809,-1.0221212617783084
3001,chunks,9009,24,-0.16988465110994283,-0.11455319092940808,-0.8234167122265751,-0.0009485940829358177,-0.0297242473623801,-0.050374385176236686,-1.021403225814656
3001,chunks,9009,25,-0.23100262636492863,-0.09862816118932805,-0.8098931929315267,-0.0007337989160557788,-0.025276779019903328,-0.048803283140500156,-1.021661317887634
3001,chunks,9009,26,-0.2885772476996646,-0.07283021238823559,-0.7855178809268263,-0.000838394402247456,-0.02389502392765054,-0.0470037657534669,-1.0177368799483608
3001,chunks,9009,27,-0.31745560110941484,-0.03772817606328141,-0.7510324867203776,-0.0035993812045927633,-0.030656650182785985,-0.04240467770317985,-1.0179486357103837
3001,chunks,9009,28,-0.3033008201190421,-0.011039652631335578,-0.7072490367341314,-0.008847367974518926,-0.03880956122252646,-0.03712303945199463,-1.0179396749988505
3001,chunks,9009,29,-0.2815979060127161,0.0028021870464318144,-0.683288443985144,-0.012154380180282916,-0.042226658179755676,-0.03453891519666145,-1.0130341570507841
3001,chunks,9009,30,-0.25063412848491495,0.010227796825676011,-0.6746969963859055,-0.013504516095766183,-0.04345590337211059,-0.03259252244963902,-1.022238812165133
3001,chunks,9009,31,-0.20207653058888347,0.015330317534917898,-0.6758433015479743,-0.014018730235134965,-0.04484145796005558,-0.030839352534413198,-1.0218213137501422
3001,chunks,9009,32,-0.1749541536901305,0.016783759499114634,-0.6762759335602722,-0.014525184119676586,-0.04650675912390477,-0.02936471329843921,-1.0272960726887692
3001,chunks,9009,33,-0.16579370452696301,0.014724243171395104,-0.6556384909358361,-0.01578590133885967,-0.046405426341645205,-0.027461666195835087,-1.0308716323987406
3001,chunks,9009,34,-0.15714179101506714,0.0073052242950596424,-0.605408117469431,-0.01702092238104611,-0.04159114996469174,-0.02434680312227827,-1.0306994924140225
3001,chunks,9009,35,-0.11989212786506337,0.00302279921323792,-0.5287537578158782,-0.01877882242534976,-0.03136333123212502,-0.020571830884322406,-1.0266190673516113
3001,chunks,9009,36,-0.10199323666530824,-0.00012920152098128135,-0.44454099369904815,-0.019814653177888632,-0.019538944677077966,-0.01582673185171811,-0.8625497361226091
3001,chunks,9009,37,-0.13165841821851493,-0.011021119237686228,-0.4029782804918851,-0.01721535371434104,-0.0175272006982795,-0.012467054291943346,1.0267546857746446
3001,chunks,9009,38,-0.1272225492902384,-0.0058639771247445405,-0.31107896894658205,-0.015288774758791207,-0.01166424996828623,-0.010779430649180053,1.0015750274141189
3001,chunks,9009,39,-0.09613694205540563,0.0046029541024801834,-0.18943185353343384,-0.013553989087356583,-0.005479011465712779,-0.012727648314928303,0.9930922401466439
3001,chunks,9009,40,-0.06135047081666567,0.010057489584489515,-0.08972906097474703,-0.010913739319974209,0.0008155109022643173,-0.015977144494291416,0.9919274065993688
3001,chunks,9009,41,-0.022265173270297756,0.011274849068108245,-0.01693398247551544,-0.00688984096023266,0.015715066886223508,-0.02225465947117617,0.9795765985040509
3001,chunks,9009,42,0.007071689230277914,0.010285579891134392,0.0512320670033585,-0.003847183624061095,0.03120284438809562,-0.0306315052191988,0.9798474242197339
3001,chunks,9009,43,0.0154538330929887,-7.5108234501714e-05,0.12254058140992855,-0.0009775399740537647,0.04129500526097566,-0.03956010366993465,0.9814872344303215
3001,chunks,9009,44,0.008719116862689141,-0.012392646700240595,0.18119954659078344,-8.18152557039251e-05,0.03355855880124527,-0.04272683486763594,0.9945048491582235
3001,chunks,9009,45,0.003246178647500278,-0.012613977106466251,0.2590607643118167,0.00019638292733647252,0.029298720544407873,-0.04428669780810594,1.0061686890200077
3001,chunks,9009,46,-0.002628461743096583,-0.009927789843634155,0.3587888961892128,0.00024075363340204806,0.03745502288554775,-0.04381580102536951,0.9978740177426818
3001,chunks,9009,47,-0.0031368439109667884,-0.001982259223397398,0.44499081073213687,-2.9781161289802686e-05,0.058857822006441365,-0.03771299742925413,0.9976062575335759
3001,chunks,9009,48,-0.0036770964557320124,0.010579663725621802,0.5417699855196635,0.0015664319348067742,0.09056099978094424,-0.024727800256070902,0.996283373541428
3001,chunks,9009,49,-0.002877429877163759,0.02422421289302934,0.6117917854547859,0.0033915256774279005,0.11283991927409029,-0.013833597144469079,0.986598848743653
3001,executed,9000,0,0.18271386623382568,0.12119132280349731,-0.06574617326259613,-0.06095103174448013,-0.01058239582926035,0.01074562780559063,-0.9980825185775757
3001,executed,9000,1,0.3788258135318756,0.13259409368038177,-0.04836099594831467,-0.057017721235752106,-0.00143930793274194,0.003306979313492775,-0.9947729110717773
3001,executed,9000,2,0.6083155870437622,0.25028982758522034,0.024995803833007812,-0.05174025520682335,-0.0034403034951537848,-0.0022421549074351788,-0.9940494894981384
3001,executed,9000,3,0.7499041557312012,0.3201916217803955,0.07988429814577103,-0.04774260148406029,-0.005052589811384678,-0.007882434874773026,-1.0
3001,executed,9000,4,0.807522714138031,0.35969266295433044,0.1269037276506424,-0.046929579228162766,-0.006159043870866299,-0.01360706053674221,-0.9979363083839417
3001,executed,9001,0,0.3130497932434082,0.15267212688922882,-0.00013379164738580585,0.001105078379623592,-0.0009332089102827013,-0.005387176293879747,-1.0
3001,executed,9001,1,0.469503790140152,0.3303769826889038,0.054515331983566284,-0.023759571835398674,0.01089900080114603,-0.012981432490050793,-1.0
3001,executed,9001,2,0.5311262607574463,0.38521111011505127,0.10857880860567093,-0.04317450895905495,0.016765499487519264,-0.0223213080316782,-1.0
3001,executed,9001,3,0.5740276575088501,0.39703062176704407,0.14811529219150543,-0.05475791543722153,0.019918840378522873,-0.029735228046774864,-0.9980393648147583
3001,executed,9001,4,0.611922025680542,0.3866497874259949,0.1857827603816986,-0.06002918258309364,0.025858188048005104,-0.035733748227357864,-1.0
3001,executed,9002,0,0.39618349075317383,0.29134610295295715,0.12893518805503845,-0.013841237872838974,-0.0033719977363944054,-0.02013983391225338,-1.0
3001,executed,9002,1,0.39998453855514526,0.2633053958415985,0.08542454242706299,-0.012385410256683826,-0.003477818565443158,-0.016376690939068794,-1.0
3001,executed,9002,2,0.3914269506931305,0.2160574346780777,0.030773751437664032,-0.006904736626893282,-0.0036809775047004223,-0.012994698248803616,-1.0
3001,executed,9002,3,0.4016900360584259,0.16588731110095978,-0.037210360169410706,-0.0028835535049438477,-0.0031724758446216583,-0.009416384622454643,-1.0
3001,executed,9002,4,0.4100024998188019,0.0964287668466568,-0.1159360334277153,0.0013406170764937997,-0.003529884619638324,-0.0058311340399086475,-1.0
3001,executed,9003,0,0.38021615147590637,0.1748727560043335,0.4909995496273041,-0.0026663586031645536,0.078125,1.5909949070191942e-05,-0.9939862489700317
3001,executed,9003,1,0.4210628867149353,0.1919260174036026,0.49376028776168823,-0.004974827170372009,0.07798140496015549,-0.0008019246743060648,-0.9961304664611816
3001,executed,9003,2,0.46054449677467346,0.2078380435705185,0.47698643803596497,-0.006038961932063103,0.07471919059753418,-0.0013625287683680654,-0.990142822265625
3001,executed,9003,3,0.5235030651092529,0.21253995597362518,0.43745094537734985,-0.009487386792898178,0.07328160852193832,-0.001588560757227242,-0.9896010756492615
3001,executed,9003,4,0.6150941848754883,0.21449099481105804,0.38901716470718384,-0.01545134000480175,0.07586109638214111,-0.0015338438097387552,-0.9944435358047485
3001,executed,9004,0,0.056224334985017776,0.026523452252149582,0.07637926936149597,-0.01947002112865448,-0.005025679711252451,-0.002372519578784704,-1.0
3001,executed,9004,1,0.12935514748096466,0.04803452640771866,0.0874953418970108,-0.02574664168059826,-0.004468873608857393,-0.003500310704112053,-0.9928140640258789
3001,executed,9004,2,0.20845510065555573,0.07788810133934021,0.09658641368150711,-0.03178677335381508,-0.0036222459748387337,-0.004458484705537558,-0.9902546405792236
3001,executed,9004,3,0.2880302667617798,0.11243820935487747,0.09634776413440704,-0.03463691473007202,-0.0029978391248732805,-0.0044748238287866116,-0.9922124147415161
3001,executed,9004,4,0.34888601303100586,0.14162150025367737,0.0932280495762825,-0.035176318138837814,-0.0029796166345477104,-0.0045296018943190575,-0.9909554123878479
3001,executed,9005,0,0.6318619251251221,0.30481475591659546,0.18032248318195343,-0.014995274133980274,0.017905309796333313,-0.021314941346645355,-1.0
3001,executed,9005,1,0.7182005643844604,0.312875896692276,0.14567045867443085,-0.01991746947169304,0.03480220213532448,-0.024418942630290985,-1.0
3001,executed,9005,2,0.7533760070800781,0.30362871289253235,0.1114148423075676,-0.020878778770565987,0.03893393650650978,-0.02710340917110443,-1.0
3001,executed,9005,3,0.777106523513794,0.2904588580131531,0.07628341764211655,-0.01940501108765602,0.04376024752855301,-0.028440959751605988,-1.0
3001,executed,9005,4,0.8046938180923462,0.2797620892524719,0.04067637771368027,-0.018351277336478233,0.047496162354946136,-0.027708061039447784,-1.0
3001,executed,9006,0,0.22686685621738434,0.22085356712341309,0.4884031414985657,-0.006180473603308201,0.036668967455625534,0.00011398130300221965,-1.0
3001,executed,9006,1,0.369366317987442,0.25936636328697205,0.4536946415901184,-0.0061426106840372086,0.0435088574886322,0.0015953716356307268,-1.0
3001,executed,9006,2,0.481925904750824,0.29078593850135803,0.3947635591030121,-0.0055826990865170956,0.049665048718452454,0.0031528817489743233,-1.0
3001,executed,9006,3,0.5503653287887573,0.3064672350883484,0.3304895758628845,-0.00716557539999485,0.04982772096991539,0.003724284702911973,-1.0
3001,executed,9006,4,0.6044545769691467,0.3188381791114807,0.24513551592826843,-0.010688784532248974,0.0480169877409935,0.0037479146849364042,-1.0
3001,executed,9007,0,0.4587894380092621,0.15336941182613373,0.040142081677913666,-0.013529971241950989,0.006080292630940676,-0.016247114166617393,-0.8995234966278076
3001,executed,9007,1,0.5417704582214355,0.1002189889550209,0.014158530160784721,-0.00711844814941287,0.004589930642396212,-0.01573789492249489,0.9406688213348389
3001,executed,9007,2,0.6554890275001526,0.11749258637428284,-0.007225790061056614,-0.014302697032690048,-0.0007506473921239376,-0.020560279488563538,-0.9302247762680054
3001,executed,9007,3,0.7295046448707581,0.1650569587945938,-0.0009648225386627018,-0.027111222967505455,-0.0011742447968572378,-0.028670037165284157,-0.9921216368675232
3001,executed,9007,4,0.7819913029670715,0.21222315728664398,-0.00647070724517107,-0.03760593384504318,-0.001698284992016852,-0.037680648267269135,-0.9942790269851685
3001,executed,9008,0,0.4355981647968292,0.33912956714630127,0.20304706692695618,-0.03288519009947777,0.04647371545433998,-0.003068183083087206,-1.0
3001,executed,9008,1,0.5531142950057983,0.35169100761413574,0.1727011352777481,-0.03901514783501625,0.049529459327459335,-0.005197570193558931,-1.0
3001,executed,9008,2,0.6828120946884155,0.3644002079963684,0.12717832624912262,-0.046360358595848083,0.05409484729170799,-0.005086925812065601,-1.0
3001,executed,9008,3,0.7778691053390503,0.3723525106906891,0.08866793662309647,-0.049925170838832855,0.049541302025318146,-0.005237316247075796,-1.0
3001,executed,9008,4,0.8084113597869873,0.35797467827796936,0.059144027531147,-0.04329250380396843,0.03535381704568863,-0.0057737985625863075,-1.0
3001,executed,9009,0,0.2183780074119568,0.22170116007328033,0.04446502402424812,-7.193682540673763e-05,0.04159345105290413,-0.007147872820496559,-1.0
3001,executed,9009,1,0.2571926414966583,0.28519341349601746,0.04309247061610222,-0.0062404521740973,0.05229073762893677,-0.004473720211535692,-1.0
3001,executed,9009,2,0.3192993402481079,0.34012341499328613,0.05419253930449486,-0.01547069288790226,0.05633464828133583,-0.0022611471358686686,-1.0
3001,executed,9009,3,0.4061407148838043,0.3760179877281189,0.08076155185699463,-0.023512624204158783,0.05334281921386719,-0.0017005889676511288,-1.0
3001,executed,9009,4,0.4745240807533264,0.382532000541687,0.10429316014051437,-0.021904269233345985,0.04312334209680557,-0.0035370036493986845,-1.0
lora_initialization,chunks,9000,0,0.06437636034712123,0.0906329711396051,-0.08081336188500049,-0.010742648120937984,-0.04541629612196102,-0.025138210271554738,0.21173046384120128
lora_initialization,chunks,9000,1,0.08386956489394098,0.09336864298597469,-0.055652489278054884,-0.008733971700036244,-0.056590342112925726,-0.026485065857155644,0.20997897634172663
lora_initialization,chunks,9000,2,0.10412383042963973,0.09736825073400768,-0.034475438768921805,-0.006824203765613907,-0.06665400676811423,-0.027624252248351917,0.20556147819793824
lora_initialization,chunks,9000,3,0.12376930856759588,0.10009375808427819,-0.008382643874716794,-0.0047895819708874705,-0.07769981397575663,-0.029111952766404,0.20363675273182252
lora_initialization,chunks,9000,4,0.1407786280292585,0.10375608200920725,0.014084959553703605,-0.0032390238428794058,-0.08866371922330471,-0.030024912069625993,0.1987771584303641
lora_initialization,chunks,9000,5,0.1584641050734769,0.10811416868478356,0.03797593175962928,-0.0016399934164995432,-0.09953866519900431,-0.030960055063023795,0.19184386683354943
lora_initialization,chunks,9000,6,0.16339056112348765,0.10902986761219502,0.03913562976687757,-0.0011811579991916005,-0.1023688406694332,-0.03135228801378585,0.1776261947087598
lora_initialization,chunks,9000,7,0.17104717991897916,0.10735884839481788,0.0338386412853314,-0.0005264468444035643,-0.10184906037280282,-0.03137903891822189,0.17348690602486194
lora_initialization,chunks,9000,8,0.17589115218334883,0.10381374888887716,0.02669892664609405,-0.00012003025328972982,-0.09998404192927916,-0.03137076832099051,0.16429580988191214
lora_initialization,chunks,9000,9,0.18312025650667801,0.09981130691176217,0.018583425717836097,0.00028773621907449056,-0.09747632834274017,-0.031417910779847666,0.158586893402429
lora_initialization,chunks,9000,10,0.19036483556825023,0.09512437220548006,0.00737952495599957,0.000668106663978615,-0.09396276985078345,-0.03139637892441434,0.16055070407740363
lora_initialization,chunks,9000,11,0.20102405014684502,0.08507399167533747,-0.011340501713199773,0.0007609274047495332,-0.08913048456069415,-0.031349400926795654,0.16213957971717055
lora_initialization,chunks,9000,12,0.21305605638199557,0.07554276445582733,-0.03144698686799754,0.0007371482466119418,-0.08480158215099944,-0.031213376730248057,0.1592240416273292
lora_initialization,chunks,9000,13,0.22524317113699216,0.06368696239653522,-0.054511413305796536,0.0006578270995261657,-0.08048495265407019,-0.03105280901598667,0.15431864711011656
lora_initialization,chunks,9000,14,0.23806716978063708,0.05341258974937692,-0.07646344087077649,0.0006824061872936155,-0.07644084604826167,-0.03096888078523285,0.15160142924175288
lora_initialization,chunks,9000,15,0.2496901246939795,0.04214724386701406,-0.10005431877422813,0.0005969597977979559,-0.07247582466847018,-0.030763399854150653,0.15247262263016473
lora_initialization,chunks,9000,16,0.2608453705408432,0.03384497358527935,-0.1255218917080094,0.0006831342482457913,-0.07038155192886236,-0.030543169317977546,0.14181385626134532
lora_initialization,chunks,9000,17,0.27395339473313984,0.025297178087068564,-0.15344142618095047,0.0006205928750363447,-0.0690678472747303,-0.030271929571503375,0.13628226754694153
lora_initialization,chunks,9000,18,0.2846134850699666,0.016511870671003626,-0.18082578228237167,0.0007206903194226259,-0.06831231252645271,-0.029810032807105796,0.13479561476111332
lora_initialization,chunks,9000,19,0.29712662565500736,0.010516754402345521,-0.2068337071478044,0.0006999128503502017,-0.06721134093968205,-0.029454726595016238,0.12973127999152967
lora_initialization,chunks,9000,20,0.3076370606469582,0.006210824583441188,-0.23049195259232494,0.0006695502869825004,-0.0666119143917033,-0.029002290996084642,0.1253652322489956
lora_initialization,chunks,9000,21,0.3116228440146198,0.015912014007553918,-0.22494567361250054,0.0006677582571281105,-0.06476920927980588,-0.028416800245023452,0.12531800428829107
lora_initialization,chunks,9000,22,0.3141317017520409,0.02771105402801345,-0.21987591846157462,0.0005668850997316245,-0.061518705892861125,-0.02795437895308791,0.11772587195458933
lora_initialization,chunks,9000,23,0.31594806043886653,0.04036708042411842,-0.211214154948289,0.00027190401808978087,-0.0587856845332584,-0.027295478387557585,0.1112462753311958
lora_initialization,chunks,9000,24,0.31653052091903805,0.05910124311590492,-0.20000284153174774,-3.803121677899775e-05,-0.055523465389739304,-0.02627925217891655,0.10845071018896563
lora_initialization,chunks,9000,25,0.31146603814892215,0.08455826760585519,-0.18145646290503106,-0.0006188434037398989,-0.05151524505943509,-0.024900704202365724,0.1029255177719392
lora_initialization,chunks,9000,26,0.2749401666065445,0.15034851960954343,-0.12571745784395294,-0.0026197197295692383,-0.04590091367230753,-0.021174923905345026,0.0957896374568083
lora_initialization,chunks,9000,27,0.23488074602474077,0.2294287921699034,-0.06390206468601443,-0.005303373491184229,-0.040025819645746044,-0.01703687589114355,0.08951840685258797
lora_initialization,chunks,9000,28,0.19443808641788324,0.30998272302165125,-0.002111593624193886,-0.008095570047994483,-0.0347147727490273,-0.012698606973576498,0.0862190964468594
lora_initialization,chunks,9000,29,0.15587431192708262,0.3918999567904434,0.056318038205664764,-0.011102047754403092,-0.029983572616223746,-0.008710803316029896,0.07933110950013234
lora_initialization,chunks,9000,30,0.12292758753702282,0.47427753977778386,0.11309015593980268,-0.014471791941608646,-0.025894431152869983,-0.005467535901180081,0.07127236432514941
lora_initialization,chunks,9000,31,0.13474427461677127,0.5265237679665487,0.1150458729289171,-0.019358368317457145,-0.02972610068054361,-0.006040562566620458,0.06562658549074606
lora_initialization,chunks,9000,32,0.1472701633525701,0.5756113763519337,0.11382107429001245,-0.02396333196689404,-0.03383803331434029,-0.0066112332292028245,0.05775896286043977
lora_initialization,chunks,9000,33,0.1605138668717728,0.6228297314401482,0.11053717090387902,-0.02843181699741168,-0.038108175091573146,-0.007036734339060095,0.05264882234834728
lora_initialization,chunks,9000,34,0.17544648368396254,0.6683445916227216,0.10486822848222399,-0.03285435919453943,-0.042526737087495464,-0.0075909545067331385,0.045280007747388634
lora_initialization,chunks,9000,35,0.19455538385035354,0.7060909179110347,0.09254169298666284,-0.037050846277829355,-0.04742730109497821,-0.008354828331329438,0.04056291528773144
lora_initialization,chunks,9000,36,0.22127536338417417,0.7294098703971439,0.07615124256318684,-0.04003871780853096,-0.052405681250487085,-0.008544532457558887,0.036146139306550154
lora_initialization,chunks,9000,37,0.24954064991781122,0.7512783172508009,0.05795777861899781,-0.04293737531242753,-0.057206603289984705,-0.0087752196687544,0.03969711601185444
lora_initialization,chunks,9000,38,0.2767803242490345,0.7695833389309745,0.03908937368892648,-0.045185965003059374,-0.06140236858484354,-0.009108836667149244,0.037556449188196936
lora_initialization,chunks,9000,39,0.30651785968338474,0.7871559817332301,0.019754402642468125,-0.04742757093305554,-0.06556892960935129,-0.009482370211182967,0.0395171943565944
lora_initialization,chunks,9000,40,0.33311945837248935,0.7988012058529009,-6.396945193462567e-05,-0.04882148580978542,-0.06903743583263178,-0.0098839834627489,0.045502802280691895
lora_initialization,chunks,9000,41,0.3491256283789661,0.7990894592732767,-0.009367122301055332,-0.04834685881291929,-0.06914598069225414,-0.010149171472753838,0.03944067459626427
lora_initialization,chunks,9000,42,0.36592296017788223,0.7997544644770166,-0.02094468761562486,-0.047821545649936216,-0.06907245155158745,-0.01048071221631092,0.03978678207923665
lora_initialization,chunks,9000,43,0.38286369964439054,0.7987050462694376,-0.03120691698898618,-0.04727596239512154,-0.06907456410214544,-0.01092184861786226,0.03988399400896267
lora_initialization,chunks,9000,44,0.3995594434883994,0.7970597991724088,-0.04244358363165637,-0.04675121793210969,-0.06889904055624221,-0.011548700550823132,0.042469100334260226
lora_initialization,chunks,9000,45,0.4160845499037068,0.7909165143364371,-0.05293937421160538,-0.04602880960766976,-0.06876791539431872,-0.01218836843996153,0.046371372302898256
lora_initialization,chunks,9000,46,0.4407545690136531,0.7852056377972809,-0.06228988877854402,-0.04549735948455762,-0.06872720817010516,-0.013151698231930548,0.047705221376264484
lora_initialization,chunks,9000,47,0.4682446018579922,0.7770333688504831,-0.07655318545015664,-0.0447496127641469,-0.06892723885013713,-0.014114604030806374,0.05544157989921711
lora_initialization,chunks,9000,48,0.4993611405124404,0.7700311823337472,-0.09195936605858974,-0.04432480013509015,-0.06935997509932601,-0.015022248668026542,0.060386691517569896
lora_initialization,chunks,9000,49,0.5299821625194363,0.7611845569876297,-0.10802534247284237,-0.04345463918351014,-0.06979850345141837,-0.016090532049278856,0.06357022009796073
lora_initialization,chunks,9001,0,0.07149335181699765,0.1297569616125718,-0.02650848994428219,-0.000699562865315369,-0.010164667949032664,-0.03472267249192926,0.14319244257132213
lora_initialization,chunks,9001,1,0.07170484968712473,0.13009644944487492,-0.025235376929309564,-0.000735997550765971,-0.010373347366553926,-0.03479030813241799,0.13737329312816618
lora_initialization,chunks,9001,2,0.07316012512932157,0.129755384302474,-0.022956444552455414,-0.0008526306498788444,-0.0102711853791818,-0.0348361146852019,0.1348083115587875
lora_initialization,chunks,9001,3,0.07375584838106783,0.13050666273531403,-0.020528967025692783,-0.0009666440575720589,-0.010287443506369835,-0.034985539467578715,0.1336174101520973
lora_initialization,chunks,9001,4,0.07444782378241119,0.1307614405654889,-0.018606905992273402,-0.0011187666127877522,-0.010225846310487053,-0.03514795545843284,0.13578114564964863
lora_initialization,chunks,9001,5,0.0747174760619363,0.13153395635214596,-0.015168984886576115,-0.001234040847065529,-0.010300606321384995,-0.035374481008040054,0.13105475350417317
lora_initialization,chunks,9001,6,0.07593989235589456,0.13239964609958113,-0.014632999884713171,-0.0008571896238240146,-0.010486131594746819,-0.03620719251539959,0.13205935538074146
lora_initialization,chunks,9001,7,0.07612309510953749,0.1338957951429888,-0.01694057459245736,-0.0003376603270318357,-0.010608574406025405,-0.037315055870453924,0.1356478255895665
lora_initialization,chunks,9001,8,0.0763516364085551,0.13542499728282123,-0.021100256012486232,0.0002313013399242276,-0.01095567884395163,-0.0383693693349452,0.13146977593308232
lora_initialization,chunks,9001,9,0.07733091919481118,0.13550814405797754,-0.027376702341856102,0.0008480572399017796,-0.011213390666325165,-0.03933901968374665,0.13816743618780186
lora_initialization,chunks,9001,10,0.07860584261183665,0.13552955040930503,-0.04979120724182874,0.0013044577151625843,-0.011485795548669325,-0.03982109545963589,0.13882699171828985
lora_initialization,chunks,9001,11,0.07879524112925981,0.13435472196582382,-0.1216924419689633,0.0009570878828058802,-0.011749206614581169,-0.03915545690077417,0.12913583481493923
lora_initialization,chunks,9001,12,0.07970917158601032,0.13415765678547797,-0.1950718685220948,0.0006974767365311454,-0.012116076555301322,-0.03861497716906431,0.12705516091296776
lora_initialization,chunks,9001,13,0.08185102342519268,0.13308388885326397,-0.2737919250398183,0.0004042537033580487,-0.012368363843091888,-0.038140373725059615,0.12767856962581714
lora_initialization,chunks,9001,14,0.08218968003633498,0.13151914090372718,-0.3585731688446607,3.553496782321593e-05,-0.01267697420500817,-0.03746728031856461,0.12685937194511807
lora_initialization,chunks,9001,15,0.082784006137706,0.1308202446575731,-0.43592376174366976,-0.0002314509203174167,-0.0130496072300802,-0.0369335129001921,0.12315511991095529
lora_initialization,chunks,9001,16,0.08077394914110703,0.1303518662968863,-0.4895010948371675,-0.0003690231930274998,-0.013610958536477386,-0.036979226021508306,0.12634719653853246
lora_initialization,chunks,9001,17,0.08164927400816827,0.12975683838522042,-0.5391846563754665,-0.0006021370609038106,-0.01411752862112497,-0.03706039337971075,0.1260958839512541
lora_initialization,chunks,9001,18,0.08107318534626691,0.1298736262273067,-0.5905949353299567,-0.0007248700140349948,-0.014180711680853825,-0.03718366172219455,0.12606242866312825
lora_initialization,chunks,9001,19,0.0804177954221963,0.12904435192259855,-0.6434847412227357,-0.0009444480609443426,-0.014678386128502077,-0.037162809567029165,0.13120319476496767
lora_initialization,chunks,9001,20,0.07817375975137149,0.12816587821765185,-0.6926832397764351,-0.0010848961548859887,-0.014860952960526167,-0.03727978904288594,0.13514196910579324
lora_initialization,chunks,9001,21,0.07906768319531765,0.12836056334972512,-0.717019332857557,-0.0011393960480077757,-0.015127834645211849,-0.03727955846932238,0.12814250751784947
lora_initialization,chunks,9001,22,0.08035100305724747,0.1299648003842108,-0.7372105698280595,-0.0012029826417687367,-0.015203561457521289,-0.03717459613791344,0.12994949100297956
lora_initialization,chunks,9001,23,0.08016909814119055,0.13022609870166504,-0.7574576033664333,-0.0012729171146041416,-0.015240840623503378,-0.03714983406705884,0.12784572816234724
lora_initialization,chunks,9001,24,0.07922409180985855,0.13098968578651837,-0.7789948560460214,-0.0013165617126707392,-0.015230169534787383,-0.036959797740055346,0.12592792956205495
lora_initialization,chunks,9001,25,0.07923695733027651,0.1320079943690431,-0.7967614178348326,-0.0012799641509234324,-0.015315886467134783,-0.03677747633892271,0.1316247313953533
lora_initialization,chunks,9001,26,0.07848636029800414,0.13257781172500493,-0.81473725847542,-0.0013150126301941674,-0.015662470505701943,-0.03653950256601235,0.1320183837062966
lora_initialization,chunks,9001,27,0.0808010344472501,0.13405307549274242,-0.8365184472966986,-0.001279046262920421,-0.0157730795516296,-0.03629294184019927,0.1252707321135494
lora_initialization,chunks,9001,28,0.07863771298873166,0.13666045358318724,-0.8527806713104604,-0.0013618546032363615,-0.015921074164895285,-0.03606775342602672,0.12854097915884438
lora_initialization,chunks,9001,29,0.07909884935425296,0.13871853343206766,-0.8700516839202117,-0.0013389034972546784,-0.016119715823589675,-0.03577224444603049,0.13195506920506814
lora_initialization,chunks,9001,30,0.07759816088208955,0.14028264764094017,-0.8861808973718797,-0.0013419860385822388,-0.016229607144007247,-0.035622370536949305,0.13261883888597395
lora_initialization,chunks,9001,31,0.07636651978428072,0.152596073833924,-0.8910467141201974,-0.0013687145466392938,-0.016016224061089532,-0.03513005773194417,0.13354759987190784
lora_initialization,chunks,9001,32,0.07197653336461057,0.16671390052943152,-0.8882385279326194,-0.0015407623021518489,-0.015319608580022667,-0.03495699424185656,0.13364280743194878
lora_initialization,chunks,9001,33,0.06880181046096806,0.1805486704780105,-0.8872551620998576,-0.0016166611917012904,-0.015030765655470422,-0.03462329856433102,0.13451240911502246
lora_initialization,chunks,9001,34,0.06308507740518535,0.1961632377082124,-0.8842738007220668,-0.0017745878261734732,-0.014492007226080078,-0.03441635933741672,0.136140546819797
lora_initialization,chunks,9001,35,0.05935788648370707,0.21372670535396154,-0.8777065502465883,-0.0019128405077777036,-0.013974728328599393,-0.034063946768911585,0.13788994889051842
lora_initialization,chunks,9001,36,0.04233639669115084,0.242087973186204,-0.8640957479854482,-0.0026222374768319666,-0.013590319575279673,-0.033929173789095164,0.1379058364678751
lora_initialization,chunks,9001,37,0.025132496390156356,0.2687294730608587,-0.8501084996876332,-0.00319243419139038,-0.013050272722197368,-0.03356298800165572,0.13939113335656342
lora_initialization,chunks,9001,38,0.006959637318764006,0.29859969853949064,-0.8347626633733162,-0.0039580762125440705,-0.012517066509017122,-0.03334278697015662,0.13833945826842073
lora_initialization,chunks,9001,39,-0.011510925380882303,0.324797101122855,-0.8201241584253829,-0.004624259795597832,-0.011965317441351233,-0.03306555012549842,0.1380589644166097
lora_initialization,chunks,9001,40,-0.028770079706408658,0.350282066534538,-0.8092956189214838,-0.00510628614154016,-0.011308958429662746,-0.03279971437862239,0.1403234305443452
lora_initialization,chunks,9001,41,-0.03271944236574323,0.3845432979954752,-0.7826751487086918,-0.005106953270352561,-0.011541427981266467,-0.03259723063067508,0.14184459975519137
lora_initialization,chunks,9001,42,-0.0362615323050397,0.4230044274206163,-0.7562844846991661,-0.00504495403695085,-0.01127378794509843,-0.0323558509802565,0.14053821496791435
lora_initialization,chunks,9001,43,-0.04146954914084311,0.4605857276399454,-0.7296357546095261,-0.004861914670249892,-0.011546415303005014,-0.03231431413626989,0.14010599143629424
lora_initialization,chunks,9001,44,-0.04467574517022388,0.49678147360335023,-0.7052477590380514,-0.004763760414295519,-0.01142716066326449,-0.032099331061007805,0.142795511052622
lora_initialization,chunks,9001,45,-0.044750590899532594,0.5368203637863351,-0.6802856095513231,-0.004460032055280295,-0.011754416411882141,-0.032050515031474845,0.13937453835461203
lora_initialization,chunks,9001,46,-0.04282679383167276,0.543332598353937,-0.6628193923985408,-0.004463039603205056,-0.011631110782335365,-0.031968520449634406,0.14374807300744036
lora_initialization,chunks,9001,47,-0.03938036919367366,0.5543942177374158,-0.6473514489391814,-0.0043968864383514186,-0.011649535628044416,-0.03188778910494789,0.14662351817682562
lora_initialization,chunks,9001,48,-0.035894725032379365,0.5660959433580904,-0.6322122768817354,-0.004278073062288414,-0.011844905928686096,-0.03210552048595575,0.1434202996118814
lora_initialization,chunks,9001,49,-0.033964138581113024,0.5760887379865369,-0.6135500772636847,-0.004143438031187967,-0.011587199910022888,-0.03215441888270366,0.13549130789798217
lora_initialization,chunks,9002,0,0.030766745660298023,0.19619555848209175,0.021898342649919897,0.000781475597116524,-0.02094346579036226,-0.03247560307589597,0.2221472836296163
lora_initialization,chunks,9002,1,0.030549629846255102,0.20097730079175327,0.019231455846582077,0.0006950394509401703,-0.023184804549583885,-0.03188231762706753,0.19885715636161833
lora_initialization,chunks,9002,2,0.030793397601542802,0.20642954072424527,0.01382672658455271,0.0004034205735238259,-0.02558489219730184,-0.03101494741625433,0.18102324761266042
lora_initialization,chunks,9002,3,0.030572534986816766,0.21140036308188248,0.01026979273469833,0.00026176975335525515,-0.027891391146902745,-0.0301132621768014,0.16912890523709292
lora_initialization,chunks,9002,4,0.029473440348836782,0.21687396711632434,0.003006448087960606,0.00021431611537147972,-0.030217419581744398,-0.02938367933999934,0.15287903805983796
lora_initialization,chunks,9002,5,0.029381928127814705,0.22358483009124402,-0.0025914274189830083,-1.2623295674360664e-05,-0.03277048722989648,-0.0285058562788437,0.1418513497648661
lora_initialization,chunks,9002,6,0.03095850962779101,0.23574276449146014,-0.006159793167837928,-0.0009819770837193862,-0.03436051813998173,-0.0273196547359948,0.1235345647779544
lora_initialization,chunks,9002,7,0.033383366802427025,0.2530463069245277,-0.008067167966044939,-0.002419900588991951,-0.03586320320968861,-0.025902220691864045,0.11442603098041473
lora_initialization,chunks,9002,8,0.03567539763573736,0.27228405403129363,-0.009855620418322962,-0.004276246660457741,-0.03745650354325646,-0.024347091612424147,0.10977471427005517
lora_initialization,chunks,9002,9,0.03894282451387225,0.2929631809049458,-0.012527639059533295,-0.00647038411002583,-0.03859055240973454,-0.022730346938759322,0.10288528299811385
lora_initialization,chunks,9002,10,0.04333349709463137,0.31716875066353795,-0.015923107766569813,-0.00905942588219679,-0.040428844767215505,-0.020649104718321192,0.09790466013890678
lora_initialization,chunks,9002,11,0.05206132169121088,0.3496836745161791,-0.02166844712153957,-0.01247705960653989,-0.042612941531510094,-0.017596446239703804,0.09308317833748951
lora_initialization,chunks,9002,12,0.06399472838356525,0.38353776280811763,-0.027987119853999945,-0.015804013807998243,-0.04507089797487009,-0.01417134698275678,0.08977988866841559
lora_initialization,chunks,9002,13,0.07691131814626029,0.41684773544881315,-0.034008232911228176,-0.018994406585321748,-0.04803092952923163,-0.010602531551471093,0.08121176830920122
lora_initialization,chunks,9002,14,0.09236320993360744,0.44959272124572147,-0.04298334449797023,-0.022000809298327557,-0.051093628719227284,-0.006956848795028541,0.08029008249034043
lora_initialization,chunks,9002,15,0.10946656280687228,0.4797687758858192,-0.05156761586863904,-0.024280379076128282,-0.05443929360978693,-0.003556874407149878,0.07855493207760038
lora_initialization,chunks,9002,16,0.14204779130451087,0.4976352490262965,-0.06174073345021695,-0.024438674525811888,-0.059460679258797715,-0.001177648092395761,0.07531016705572809
lora_initialization,chunks,9002,17,0.1788149568108819,0.5119189467783405,-0.07202687663176736,-0.024478242919963835,-0.06466838722405485,0.0010018337648397616,0.07159176652967068
lora_initialization,chunks,9002,18,0.22184917462325066,0.522036940395801,-0.08405491717812097,-0.024175363314408418,-0.06961673511320637,0.0029192310666699556,0.0690175663335419
lora_initialization,chunks,9002,19,0.26866957515387735,0.5308797914641845,-0.095227046439633,-0.023983812977671024,-0.07484154080907844,0.004769532554269221,0.07022967942456476
lora_initialization,chunks,9002,20,0.31972665927140437,0.5333658011758526,-0.105915183587863,-0.023514149606652664,-0.07943042622645353,0.006053860086282288,0.07532431554762273
lora_initialization,chunks,9002,21,0.4097845076948267,0.5013775298983716,-0.11089314976871162,-0.021543838560732966,-0.07964088423936788,0.006949473373100465,0.08136743119606693
lora_initialization,chunks,9002,22,0.4971844930832996,0.4696317418821778,-0.11997819950825084,-0.01976629805670871,-0.07961294130872723,0.007935790584420649,0.08086760624386435
lora_initialization,chunks,9002,23,0.5838680540674173,0.43682673380279735,-0.12958277481842775,-0.01796160837850857,-0.07961057339491498,0.008828746265046476,0.08447426315997897
lora_initialization,chunks,9002,24,0.6681348834687418,0.4015586433406704,-0.1419353450036836,-0.016128246222638185,-0.07963751034909945,0.00943827786159758,0.08862490011341731
lora_initialization,chunks,9002,25,0.7455733266226887,0.3655415840783467,-0.15802871903476234,-0.014571128515429027,-0.07993965924685485,0.010422291522813543,0.08309207340597274
lora_initialization,chunks,9002,26,0.7964791122201005,0.32590671061041665,-0.1969194970452333,-0.0134426395078253,-0.08250763856139977,0.010265772505485798,0.08731614250614547
lora_initialization,chunks,9002,27,0.8485033403925137,0.28583040156198625,-0.2400485194896675,-0.012350550423105252,-0.08580167751405604,0.009937881599380374,0.0820489168889916
lora_initialization,chunks,9002,28,0.8959853266109913,0.244019220403469,-0.2877710514045233,-0.011373608240114479,-0.08993777292850223,0.00946260282617055,0.08183604103802698
lora_initialization,chunks,9002,29,0.9393398733106789,0.2026529815237945,-0.33709677503371777,-0.010291015976205164,-0.0939259820656088,0.008942682388417375,0.08527144225016701
lora_initialization,chunks,9002,30,0.9780097454598596,0.1630587378740091,-0.38987081556484177,-0.009568604527040118,-0.0985003736837344,0.007971440972750772,0.09336411432967226
lora_initialization,chunks,9002,31,0.972875960419759,0.13170130613689904,-0.4432582845644765,-0.008186679220582766,-0.10383749665093953,0.007895624888201239,0.09196329941250789
lora_initialization,chunks,9002,32,0.9676060988015955,0.1044966819118538,-0.4906465933688932,-0.0068161013533864735,-0.1082808327516655,0.008203308370906694,0.08772482022072062
lora_initialization,chunks,9002,33,0.9603413141016406,0.0783829577416475,-0.5392379496077901,-0.0055260296852764415,-0.11274770870146622,0.008627135363705303,0.08437180449784201
lora_initialization,chunks,9002,34,0.9517799738534872,0.055329162349481875,-0.5833251376404741,-0.0042968245377133394,-0.11677645095147661,0.00954299104242598,0.0867250966262535
lora_initialization,chunks,9002,35,0.9392202645987511,0.03693254401862796,-0.6213143671683294,-0.003008558179539443,-0.12013078658526052,0.010869398796172013,0.08894857634153175
lora_initialization,chunks,9002,36,0.9231254534137033,0.03254072121502202,-0.6464883544720603,-0.0013479558259175697,-0.12228457443967232,0.014308393661812205,0.08516739188269193
lora_initialization,chunks,9002,37,0.9045379995611789,0.03205031860586002,-0.6688638907820091,0.000239687711546636,-0.12402227495524511,0.01862720916431511,0.08682043682840596
lora_initialization,chunks,9002,38,0.8839125028194831,0.03535238912938571,-0.6868064648746535,0.001983007397865428,-0.12518052529377488,0.0234145020662856,0.08851383445204447
lora_initialization,chunks,9002,39,0.8615414844949613,0.040844977217504866,-0.7052808030672791,0.003654543164670407,-0.12620837013046132,0.028220280192906413,0.08949108257761645
lora_initialization,chunks,9002,40,0.8388065841108425,0.05254190049225671,-0.7168255190564968,0.005417409959546948,-0.1262902566139948,0.03307580538544008,0.08923979946636287
lora_initialization,chunks,9002,41,0.8129300048965759,0.08113913814007018,-0.699886615629389,0.006005648055747531,-0.11876099487455591,0.035120715331748736,0.07987199455485412
lora_initialization,chunks,9002,42,0.7862355216642712,0.11083046214995143,-0.6833081368914515,0.006466312999611264,-0.11082061377231552,0.03629756280017066,0.0713650958991088
lora_initialization,chunks,9002,43,0.75977238306017,0.14376493992626718,-0.6667975819913713,0.006438323274379007,-0.1015775550655589,0.0365321883389637,0.06965436637289937
lora_initialization,chunks,9002,44,0.7319886371560154,0.1787804354427296,-0.641831093389694,0.006104438583853781,-0.09145000316712222,0.03588532349489819,0.06881487444913895
lora_initialization,chunks,9002,45,0.7032890828805509,0.21639854191152869,-0.6144596225126329,0.0049268359280480655,-0.07997712800070753,0.03379171116668979,0.07013382339197864
lora_initialization,chunks,9002,46,0.6797662167701178,0.2585166718400187,-0.5821682628394267,0.0012869116024514004,-0.06896150008675067,0.03023637609312972,0.05488764433452377
lora_initialization,chunks,9002,47,0.6553576972625474,0.30257319617215445,-0.5470807329892706,-0.002711687420383315,-0.058754816532614385,0.026527371935198163,0.05153291900220791
lora_initialization,chunks,9002,48,0.6313868763022493,0.347538039873744,-0.5110228268363607,-0.0073204366742990155,-0.049616572834311826,0.022881534006025626,0.04261200010239599
lora_initialization,chunks,9002,49,0.6053382151096203,0.3913424058371173,-0.4776521123195632,-0.011948695149480427,-0.04104294502946379,0.01890796690007187,0.018613976623270023
lora_initialization,chunks,9003,0,0.03730548164378164,0.10500422720598512,0.09572087350238986,0.001326890116774906,0.006012648376451067,-0.03297197769102319,0.18535648853961384
lora_initialization,chunks,9003,1,0.04143985500094419,0.1088603631091833,0.08589238873490307,0.0011590330082343978,0.004979827825446724,-0.0325859868911543,0.18319719286829508
lora_initialization,chunks,9003,2,0.04488400447322728,0.11290379754493418,0.07538466558884402,0.0008980278439670044,0.0038845777297706087,-0.032121383072916274,0.17131635051207703
lora_initialization,chunks,9003,3,0.04630706645798462,0.11620236841168033,0.0665585163746017,0.0006877182199918948,0.0029323445984721763,-0.03178791906172,0.1637688964629363
lora_initialization,chunks,9003,4,0.05062424757474219,0.1200038054539864,0.056248445477442496,0.0004064648369687075,0.001977730978655789,-0.031397504473089546,0.15409713478389125
lora_initialization,chunks,9003,5,0.05187215791310762,0.12503287914101727,0.042973702106143055,0.00013906336038756227,0.0012069092573844132,-0.030796690961325653,0.1473002877057854
lora_initialization,chunks,9003,6,0.05079365713623176,0.13660707853612722,0.02538868777420908,-1.3712262377507884e-05,-0.00019913629714502293,-0.029338042165899567,0.14153191808432006
lora_initialization,chunks,9003,7,0.047579407742491114,0.1525654712014012,0.0025742611130934456,-0.00015283127402032528,-0.0017410080189605229,-0.02753334834772606,0.13519262733888157
lora_initialization,chunks,9003,8,0.041319022936022215,0.1716587536029583,-0.024082924687729504,-0.0002602561988051151,-0.0032043052412675365,-0.02559577312716991,0.1372184131982087
lora_initialization,chunks,9003,9,0.03587079103425353,0.19508382244252317,-0.05598585012847211,-0.00042168887250582207,-0.004590815506845903,-0.023641864337634773,0.1402805134522648
lora_initialization,chunks,9003,10,0.02743128049313172,0.22308499178774688,-0.09327139203390727,-0.0005933347102502502,-0.006142073762825653,-0.021725134715649776,0.14292286221768605
lora_initialization,chunks,9003,11,0.015681458005815135,0.2650698460545344,-0.15694882875551236,-0.0007304093704855091,-0.008580508459225339,-0.020358907672412527,0.14747855870365775
lora_initialization,chunks,9003,12,0.0016081676731914685,0.30725261048922015,-0.2253475980420816,-0.0009300050932169569,-0.011335551030367976,-0.019111231502114526,0.14762260803675994
lora_initialization,chunks,9003,13,-0.008849035663752836,0.3516906044518875,-0.29954327887275534,-0.0011377274447954928,-0.01447098231814581,-0.018033384235420044,0.1448967536931356
lora_initialization,chunks,9003,14,-0.019020777930819868,0.3957046540763892,-0.3748892423875346,-0.001506885594799852,-0.017837681305847737,-0.01707450199986666,0.13700733354250416
lora_initialization,chunks,9003,15,-0.02763246073465786,0.4395866603127023,-0.4513265906639531,-0.001844605885405748,-0.02139509505122633,-0.01637989968601812,0.13776267141551632
lora_initialization,chunks,9003,16,-0.02979542105576105,0.4701988411948461,-0.5190375337402799,-0.00241214814597758,-0.027094833839484005,-0.016599885442673514,0.1332665164996012
lora_initialization,chunks,9003,17,-0.026439425226538305,0.4985964505334048,-0.5834434619673556,-0.0031491192518235877,-0.03318925588290524,-0.016718874514660104,0.1332945776751922
lora_initialization,chunks,9003,18,-0.022469911099433276,0.5250176339868967,-0.6436840623620006,-0.003970695414927601,-0.03847644372648142,-0.016998941622491884,0.13212093079650788
lora_initialization,chunks,9003,19,-0.01643499792395245,0.5498628029901531,-0.7045552807959163,-0.004921588326983547,-0.04406694120987783,-0.017396957489359967,0.13119144856909265
lora_initialization,chunks,9003,20,-0.010079376666866799,0.5723260365819455,-0.7569606078157237,-0.006003864993656082,-0.04900614632069873,-0.017719139787427247,0.13166054476546157
lora_initialization,chunks,9003,21,0.008528364079958828,0.5892062965837634,-0.7809550234094426,-0.007964692498846793,-0.05206215189812054,-0.017561495221424295,0.12824120798682692
lora_initialization,chunks,9003,22,0.029227144631642388,0.6030811893579556,-0.804408941043603,-0.009822637648391018,-0.05458025412613975,-0.01768009308328882,0.12370142855423669
lora_initialization,chunks,9003,23,0.05410481775535234,0.6156608570455753,-0.8259264451872048,-0.0116703180759271,-0.05728781654312057,-0.017615003586890603,0.11894352653827092
lora_initialization,chunks,9003,24,0.07885248140957551,0.6246420044100351,-0.8491634070739098,-0.013325545121167083,-0.0598637314642487,-0.01767431890930843,0.11557524223455604
lora_initialization,chunks,9003,25,0.11017645739533814,0.6301454646713285,-0.8667660838288738,-0.014727092920175622,-0.06219042732577763,-0.017771749899484796,0.10639571543133258
lora_initialization,chunks,9003,26,0.17512118915718417,0.6094590427384738,-0.8739171121540441,-0.01431268015748832,-0.06461539161051497,-0.017031357424337912,0.10636374868245815
lora_initialization,chunks,9003,27,0.24356290479516304,0.5890087948265155,-0.877458553138343,-0.013926296179097231,-0.06703113960325757,-0.016669826818797875,0.10830633661959083
lora_initialization,chunks,9003,28,0.31899595188227636,0.5649198896826583,-0.8779788018948056,-0.013127457078304412,-0.06996762743940416,-0.015857438568002945,0.11127460179100984
lora_initialization,chunks,9003,29,0.3948584455267236,0.5398551084145327,-0.8786941439349416,-0.012356246796992877,-0.07264643053715873,-0.015194564706372562,0.11550715261731313
lora_initialization,chunks,9003,30,0.4731878869115532,0.5136541850497001,-0.8743505229818457,-0.011248250517885321,-0.07544829937776668,-0.014199614645990094,0.1222494395735503
lora_initialization,chunks,9003,31,0.5338705290693366,0.5033489985231309,-0.8406984613643415,-0.01014600685771749,-0.07408018300477563,-0.012728762935946474,0.12112110471395976
lora_initialization,chunks,9003,32,0.5961955158504119,0.4901176201025958,-0.801903380308886,-0.009241092713390266,-0.07197403587384463,-0.011362807991369538,0.1219192049299222
lora_initialization,chunks,9003,33,0.6614726565461165,0.4792729371900701,-0.7637226177968026,-0.00825176724476227,-0.06966460024681971,-0.010075940871860173,0.11904692843320083
lora_initialization,chunks,9003,34,0.7251026856046483,0.468204670571179,-0.7241275263300246,-0.007376152085491174,-0.0676203245370843,-0.008870403932643163,0.12126352549669284
lora_initialization,chunks,9003,35,0.7878140533062898,0.45755481362198525,-0.6806316817833541,-0.00654247698673555,-0.06474551853426272,-0.00782922988297783,0.12246526302699297
lora_initialization,chunks,9003,36,0.8565677555572955,0.45019809849451353,-0.6357495456401216,-0.006153729934975006,-0.06118527112731837,-0.00706285799598199,0.12041025353134754
lora_initialization,chunks,9003,37,0.9269131348522345,0.44296945531373405,-0.5904173653951161,-0.005535978028866528,-0.058021923992881405,-0.006379064227712571,0.11700559581305356
lora_initialization,chunks,9003,38,0.9891899820158581,0.435816607516405,-0.543230157879687,-0.005098542291519859,-0.05472326915594732,-0.005809348642355574,0.11940105339491351
lora_initialization,chunks,9003,39,1.0547722477136998,0.42795861760659704,-0.4959512726535383,-0.0047199841871833825,-0.051470920189119494,-0.005309207263846368,0.11682004423706044
lora_initialization,chunks,9003,40,1.1187275171283977,0.4230124829686158,-0.44958040286016976,-0.004115410809254311,-0.04838886369062271,-0.004917957802217994,0.12037308426409936
lora_initialization,chunks,9003,41,1.1470851826128534,0.4207572111912567,-0.4134757677770386,-0.0037545175571834506,-0.04994996890845242,-0.005048538932793535,0.12274333984477201
lora_initialization,chunks,9003,42,1.172712865920536,0.41835626355986355,-0.3763508843840782,-0.003330729837964964,-0.05100206551601336,-0.005305797834849621,0.12211107911323073
lora_initialization,chunks,9003,43,1.1946246619078373,0.41669442654055583,-0.3420742961771357,-0.0030605895398190886,-0.05292805387106227,-0.005424878699155353,0.12294760869650072
lora_initialization,chunks,9003,44,1.2142589808996624,0.4153712041997471,-0.30620845149040277,-0.002608180900894785,-0.05488437241626515,-0.0056405666082965725,0.12063721892215723
lora_initialization,chunks,9003,45,1.22317394690482,0.41444760463872066,-0.2763734202861448,-0.002230314923171643,-0.05809407185049095,-0.0059654349244645,0.12210709984988537
lora_initialization,chunks,9003,46,1.2251330451550195,0.4151980944165118,-0.24942056274231517,-0.0017247320557562849,-0.06280428963590262,-0.006302878788355056,0.11782644415114032
lora_initialization,chunks,9003,47,1.2243298033160404,0.41559056296835045,-0.22534515033621288,-0.001330366748236032,-0.06744193395828096,-0.006522190308571027,0.1136831835729033
lora_initialization,chunks,9003,48,1.220583652680262,0.4158267651554984,-0.20379198756847805,-0.0008654826442835636,-0.07177311142242274,-0.006813180702380857,0.11330735688794599
lora_initialization,chunks,9003,49,1.217581228437431,0.41555794644882776,-0.18571337109624336,-0.0005797249700047469,-0.07568368626109333,-0.007239925379609376,0.1105800840106291
lora_initialization,chunks,9004,0,0.00960120402785078,0.13042762823291276,0.06635346537841683,-0.0076900682201585455,-0.02953659019275921,-0.03191279131106597,0.22980001130126052
lora_initialization,chunks,9004,1,0.0038434277048259163,0.14008454030927966,0.05810151180168707,-0.009217896316486928,-0.03208202983097526,-0.03156015609154862,0.22128499200068819
lora_initialization,chunks,9004,2,-0.002925280584683193,0.15013792054523328,0.0477106248886007,-0.011047399436838266,-0.03430397065572348,-0.03127848698919465,0.21756623776233341
lora_initialization,chunks,9004,3,-0.009033847736002451,0.16018654068464172,0.03619294492329678,-0.012735640765298054,-0.036439097646873045,-0.030981508239326425,0.21057539422713484
lora_initialization,chunks,9004,4,-0.015501060454397572,0.17090718646603786,0.02407279553621254,-0.014617476000721514,-0.03904520346910738,-0.030794584109048177,0.1975480671490677
lora_initialization,chunks,9004,5,-0.020586669763305032,0.18262370641044245,0.011295923883064385,-0.01632801302406977,-0.041092090848488645,-0.03029445584372742,0.1850098578572016
lora_initialization,chunks,9004,6,-0.02363430841052422,0.19621865480852405,-0.0007720657264024267,-0.018023071721552777,-0.04296268859220391,-0.03002705607593741,0.18143936065448646
lora_initialization,chunks,9004,7,-0.022239451257897197,0.20977373387725817,-0.011627383966950566,-0.01982947687384195,-0.04457447954686449,-0.029866509124224404,0.17368586919213017
lora_initialization,chunks,9004,8,-0.020613917581284974,0.22429638002599528,-0.023381886428763862,-0.021455758809145263,-0.046297980317844205,-0.02958246216369834,0.1690920970511483
lora_initialization,chunks,9004,9,-0.018813828135015975,0.23921326920043115,-0.032962144615580155,-0.023156271714319356,-0.047924036792481535,-0.029514133709753206,0.15977278756940963
lora_initialization,chunks,9004,10,-0.01613001737678138,0.25334312288543454,-0.0439435544769171,-0.0247092444736613,-0.049143260911676756,-0.029251377103439863,0.1603854025304347
lora_initialization,chunks,9004,11,-0.013876998412752445,0.2708657705908397,-0.03735227198018197,-0.025301354885462674,-0.04883130761261376,-0.029240148935830372,0.15972808717783002
lora_initialization,chunks,9004,12,-0.013135863180759391,0.2883284100968986,-0.02392693906827687,-0.025730270278597558,-0.04717564060790265,-0.029086965039431503,0.15155892481401945
lora_initialization,chunks,9004,13,-0.012713512973634988,0.30837972530224245,-0.00827705874428844,-0.02612041252012268,-0.04624539096402702,-0.029172185465630406,0.15087266400508031
lora_initialization,chunks,9004,14,-0.013296235278432558,0.3290902293803404,0.01104632742155258,-0.026437004981852447,-0.04474539494677034,-0.029099137356609323,0.14493398191243334
lora_initialization,chunks,9004,15,-0.014826807871707162,0.3524795552464387,0.03309293239426146,-0.026675938650258493,-0.04297385493086757,-0.0291424491252908,0.13638325240783947
lora_initialization,chunks,9004,16,-0.01949383183104411,0.3825815467275685,0.06704434426728526,-0.026935364265979426,-0.04074057172157586,-0.029175096593466093,0.13091091050324444
lora_initialization,chunks,9004,17,-0.02361415694275379,0.4132596929713031,0.10370253637708127,-0.02712275403122402,-0.038420906087819576,-0.02936876964473278,0.12551025429091556
lora_initialization,chunks,9004,18,-0.028345652959146622,0.44490642028010363,0.13639963111286874,-0.02737562553601281,-0.03601856660049585,-0.029529122084150462,0.12262947396104501
lora_initialization,chunks,9004,19,-0.032883145956072,0.4757990243646377,0.16397027014757798,-0.02761159227792061,-0.034063203732926345,-0.029790370673792164,0.11612090240529227
lora_initialization,chunks,9004,20,-0.03657005199888011,0.5053924037548513,0.18954391497147738,-0.02811739465727541,-0.032475473026699564,-0.029998871462897606,0.11477196160723843
lora_initialization,chunks,9004,21,-0.030666502558193226,0.531980077922418,0.10199300853165005,-0.029289185324364187,-0.03499921646115385,-0.02983408785854986,0.11382277465725746
lora_initialization,chunks,9004,22,-0.02372719295372422,0.5577671545503362,-0.004682296712826439,-0.030366384312722188,-0.038232374492509845,-0.029372987720350557,0.1190531773504543
lora_initialization,chunks,9004,23,-0.017757997759381874,0.5845909745725474,-0.11097979299349672,-0.03144855473874075,-0.04196767341025105,-0.029004297313917345,0.11935050201241498
lora_initialization,chunks,9004,24,-0.011590538124072194,0.6101210059870251,-0.2245461690739488,-0.032290640035147804,-0.04598531896612167,-0.02860492204651338,0.1209893984662344
lora_initialization,chunks,9004,25,-0.005288292976959166,0.6340995557565388,-0.35335652352677155,-0.03290162378665365,-0.05078719668325266,-0.027978419252194964,0.12149591447606214
lora_initialization,chunks,9004,26,-0.005441613866599762,0.629682918485144,-0.5041832134533073,-0.030455407731295115,-0.0587241497272616,-0.026211048300261684,0.12787900659432438
lora_initialization,chunks,9004,27,-0.0033851710261219026,0.6263329934999007,-0.6537481944490314,-0.02817258980173565,-0.06657256523570562,-0.02453544180194623,0.1365523268859803
lora_initialization,chunks,9004,28,-0.0015443633362844794,0.6198179141408724,-0.79392480488137,-0.025715062241454895,-0.07384935396862354,-0.022867781895830896,0.14216553471300122
lora_initialization,chunks,9004,29,0.0004706389857944554,0.6120306778554521,-0.9311850294007967,-0.02303837739803128,-0.08092783765804587,-0.021427114560065557,0.1451975270499956
lora_initialization,chunks,9004,30,0.0019408655169822764,0.6045103449715837,-1.0571631656447849,-0.020565743354174156,-0.08737180556686969,-0.02017878710140792,0.1483988001973043
lora_initialization,chunks,9004,31,0.0049243300455131395,0.5991058045864248,-1.050068823962347,-0.0200512245541065,-0.08632518766185475,-0.018669277711816527,0.15423396249092222
lora_initialization,chunks,9004,32,0.008810222804119083,0.594214453308091,-1.0474980652440355,-0.01946630101007339,-0.08606678326338253,-0.017113051495609728,0.1533913313705227
lora_initialization,chunks,9004,33,0.010577972394853238,0.5899616872893585,-1.0441389227172784,-0.01897476612560114,-0.08567955197227517,-0.01588459598128091,0.15520829249004095
lora_initialization,chunks,9004,34,0.013127476148359685,0.5834401578586803,-1.0396956690093893,-0.01828337069794381,-0.08533988015270406,-0.014432832702556273,0.15491925059104358
lora_initialization,chunks,9004,35,0.01546636456129756,0.5781552677109414,-1.0355282272491628,-0.017654658818488735,-0.0851722070922993,-0.013078404250626046,0.15478896656151386
lora_initialization,chunks,9004,36,0.017483461480384904,0.5747320823049048,-1.0348072666114647,-0.017087863367219777,-0.0866061955774694,-0.010313894974987865,0.1564287178200519
lora_initialization,chunks,9004,37,0.018880855623353995,0.5701799935288601,-1.0275870905955027,-0.01634086345611193,-0.08740538196566497,-0.007584035114294865,0.16035373422631116
lora_initialization,chunks,9004,38,0.02064803642265914,0.5671022390342453,-1.0233474415121488,-0.015628012103441228,-0.08825622137574544,-0.004347363633234912,0.1580511961280686
lora_initialization,chunks,9004,39,0.02134849855326068,0.5629554062883322,-1.0160933313920977,-0.014949974875657513,-0.08912039384301057,-0.0015500604588170874,0.1627031907869981
lora_initialization,chunks,9004,40,0.023196438707049113,0.5581393434009172,-1.0125610693048066,-0.014260454283070163,-0.08998023287323367,0.001429286554244527,0.16789023424774285
lora_initialization,chunks,9004,41,0.024471235725979243,0.5562726532326557,-1.0080162358033653,-0.013889818138085637,-0.08977625180104108,0.004245901084184975,0.16456840415908203
lora_initialization,chunks,9004,42,0.024316533485725364,0.5523462777391641,-1.0080041085333793,-0.013443060564534766,-0.0896261446372174,0.007233583714037366,0.1634901711726121
lora_initialization,chunks,9004,43,0.02587517548459957,0.5494665038280769,-1.0062298555566238,-0.012904748545066496,-0.08928090125573512,0.009819473878748354,0.15818967449248728
lora_initialization,chunks,9004,44,0.02537193049646118,0.5464141834587893,-0.9993914103968259,-0.012419992751734787,-0.08893042679668067,0.012337123010770543,0.16092541804242547
lora_initialization,chunks,9004,45,0.02484398370912029,0.5436396668304795,-1.0016962592503071,-0.012052070430514056,-0.08876852649347833,0.014404255440437504,0.15874366164022397
lora_initialization,chunks,9004,46,0.025487801436141266,0.5406051193660442,-0.999526367997679,-0.011872797138759923,-0.08867125630844568,0.014938193876642705,0.1614419411626662
lora_initialization,chunks,9004,47,0.025023288435787466,0.5370302305280998,-0.9969360832620966,-0.011653480494636114,-0.08828852095826942,0.015108438031213776,0.15766181784071845
lora_initialization,chunks,9004,48,0.025494031056554164,0.5341466541730268,-0.9965118513313028,-0.011517021405248832,-0.08813640184153336,0.015322169889744677,0.160005633427163
lora_initialization,chunks,9004,49,0.024855296338652716,0.531374137348591,-0.9963692168347705,-0.0113142915832254,-0.08794560679919722,0.015294291251102016,0.15492069491625782
lora_initialization,chunks,9005,0,0.06476639778401694,0.11996481632000601,-0.01190875888249672,0.0003249782553771032,-0.005898383704595253,-0.034868174245428395,0.1196183506495952
lora_initialization,chunks,9005,1,0.06582809664264871,0.12066940214901292,-0.017191874712883477,0.0001695641928416748,-0.006370898584345811,-0.03491592810669698,0.09193299437453045
lora_initialization,chunks,9005,2,0.06790599104559188,0.12169185117054442,-0.025300658357422137,-8.220779929670233e-05,-0.006581515232009019,-0.03461408436391416,0.0730047587295725
lora_initialization,chunks,9005,3,0.0698180330905856,0.12335772828658703,-0.032861121118816256,-0.000270694343057234,-0.006714635902998978,-0.0345103721564707,0.04164005766128448
lora_initialization,chunks,9005,4,0.07212922677799218,0.12470618934935157,-0.0391455363996792,-0.000435253304237134,-0.00694963683958908,-0.034332493940690885,0.01798148008353051
lora_initialization,chunks,9005,5,0.07304125223487729,0.12598859879137933,-0.0479422296989785,-0.000576614306151137,-0.007234793440800439,-0.0342600588732298,0.003015618021737998
lora_initialization,chunks,9005,6,0.07202149497280808,0.1265674997635295,-0.06231488041176053,-0.000601174645567887,-0.007263876800519782,-0.03411813702017724,-0.004681751089436248
lora_initialization,chunks,9005,7,0.07032214480852057,0.12733249516097017,-0.08668058238944225,-0.0007135298007007675,-0.007678849826976555,-0.0339861396652492,-0.0030928754496693245
lora_initialization,chunks,9005,8,0.06682689439198086,0.12883391129345448,-0.11399992825743521,-0.0007757014798698524,-0.007962283693506697,-0.03388715312309307,-0.0029913010682758034
lora_initialization,chunks,9005,9,0.06276617501065673,0.13055932658451744,-0.1458056408344141,-0.0007702691452545826,-0.008161296789661833,-0.033649377687158,-0.0033067240094517003
lora_initialization,chunks,9005,10,0.05783451858186653,0.13213420734312012,-0.18233726151744134,-0.0008025616169724456,-0.008559179823784107,-0.03350147403464127,0.0020614790995938936
lora_initialization,chunks,9005,11,0.04136708581177312,0.13378210206781319,-0.2404246317482692,-0.0006097457665628163,-0.009524805016655504,-0.03319956062804482,0.0029012215695649324
lora_initialization,chunks,9005,12,0.02090673721006707,0.13783753884758962,-0.30296226502651924,-0.00030485852511996127,-0.010386489626761688,-0.03288600216372276,0.005656360343808703
lora_initialization,chunks,9005,13,-0.002250170300631585,0.141608306362525,-0.3698057188910971,-0.00010196231148406785,-0.011137885845935624,-0.03259597449649823,0.0062520265905849914
lora_initialization,chunks,9005,14,-0.027141963897277466,0.1470231908036379,-0.43844503786265765,0.00024224022137628721,-0.011935171035357519,-0.032160902944604566,0.008984748847983198
lora_initialization,chunks,9005,15,-0.05730806110229425,0.15393988570475958,-0.5057766421590104,0.0004779148014856802,-0.01250830677556788,-0.03183584557996984,0.0063171686053498655
lora_initialization,chunks,9005,16,-0.1080741045768785,0.17178637488962262,-0.5662296922971253,0.0006231758509358831,-0.012787720605413498,-0.0315005194960138,0.0024692209503822393
lora_initialization,chunks,9005,17,-0.16122757333300902,0.19038783228630451,-0.6239355263756651,0.0005950888686343707,-0.012987685510061794,-0.031083993270884194,0.0007050513912457979
lora_initialization,chunks,9005,18,-0.21319468762320198,0.2103109910462008,-0.6763414096922606,0.0005613777717135555,-0.013277433813424605,-0.03074130959544254,0.001038484183562588
lora_initialization,chunks,9005,19,-0.26457406882696083,0.23094565044990784,-0.7299031664756848,0.000491872948581688,-0.013357969967022652,-0.030329791515534766,0.004295496493731149
lora_initialization,chunks,9005,20,-0.3112680532053824,0.25031247644686605,-0.7736585791037982,0.000406705440802688,-0.014270073343284787,-0.02972282136179405,0.0002489983358422432
lora_initialization,chunks,9005,21,-0.3426574672907867,0.2642538556583063,-0.7894510661094795,0.000563898643701401,-0.01700373311102317,-0.029417920060571194,-0.0033891094987131276
lora_initialization,chunks,9005,22,-0.37168608997901875,0.2772911545211806,-0.8025277678241272,0.0006552015492469134,-0.020041592420831485,-0.029262159422642084,-0.0035769896806639168
lora_initialization,chunks,9005,23,-0.3984685462856761,0.2896043976335281,-0.8186088059739244,0.0006906039036371071,-0.023305668751654306,-0.029102789379592382,-0.005972270406375185
lora_initialization,chunks,9005,24,-0.4188765660759137,0.2994198434578514,-0.8339168697363126,0.0007471293998157526,-0.027571647334014647,-0.028918454011267112,-0.006992848288374487
lora_initialization,chunks,9005,25,-0.4359166905590963,0.30717378723370703,-0.8466184048968989,0.0008137172920512415,-0.03262546798545697,-0.02886764259155849,-0.005657053797372746
lora_initialization,chunks,9005,26,-0.4323483639865826,0.3042819581668722,-0.8546347528763437,0.0003248782641733709,-0.042632635455210025,-0.028471294285154845,-0.007777087403683908
lora_initialization,chunks,9005,27,-0.42018594200235315,0.2994141116256209,-0.8566473790269061,-0.00023424129984657167,-0.054103467715590624,-0.028105414472112546,-0.004935421758697073
lora_initialization,chunks,9005,28,-0.4029725437873378,0.29320846670828205,-0.8574934508123038,-0.0007773372734684107,-0.06563570323120067,-0.027574911691281,-0.007291322515301624
lora_initialization,chunks,9005,29,-0.3818467633843086,0.2866433922524033,-0.8571938293620999,-0.0015410857112014207,-0.0779024176340323,-0.027032535464691695,-0.0013327441059278189
lora_initialization,chunks,9005,30,-0.35345348975071017,0.27840360880016873,-0.8465780177500648,-0.0021825136595186425,-0.08905787627539889,-0.02646354274384795,0.00046894843275416265
lora_initialization,chunks,9005,31,-0.3140123725375406,0.2727250530348919,-0.8238408328980112,-0.002376543465636084,-0.09270329506592018,-0.025425306048395203,0.0009321641621793941
lora_initialization,chunks,9005,32,-0.2714836026515432,0.2662255214468278,-0.8008055842267611,-0.0025206776610911005,-0.09632550675342531,-0.024650784314778282,0.001002685551466681
lora_initialization,chunks,9005,33,-0.2260448597010165,0.2606645175332159,-0.7754224849602903,-0.0027156448847435325,-0.09991088422607321,-0.023851041548711045,0.002504562704094049
lora_initialization,chunks,9005,34,-0.17825106743821983,0.2549807932607436,-0.7510229740452968,-0.0028277537724781584,-0.10334877781196394,-0.023009078686900712,0.005205273998580645
lora_initialization,chunks,9005,35,-0.13077153695416596,0.2492253999607017,-0.7265054725814948,-0.0029989512121683494,-0.10683281476407186,-0.022208916298803102,0.008126053294078284
lora_initialization,chunks,9005,36,-0.07205503522617931,0.24619261288700045,-0.7011758334363842,-0.0030027758757111105,-0.10906082046610881,-0.022522887555369877,0.006753413772100952
lora_initialization,chunks,9005,37,-0.008466609197883335,0.24395921924568556,-0.6759977295364196,-0.0031705798639246356,-0.11159785439720539,-0.023056690488627768,0.008006144825271289
lora_initialization,chunks,9005,38,0.056467225242457786,0.2421290959137542,-0.6510617259987438,-0.003101414073467923,-0.1133387585608771,-0.023609986176515156,0.0021286844360933754
lora_initialization,chunks,9005,39,0.12389608134299857,0.24144001560633382,-0.6269458151864498,-0.0032817333669548504,-0.11572313943388782,-0.024272552970982693,0.0017645376259553536
lora_initialization,chunks,9005,40,0.18818993062713796,0.24148103271043997,-0.6041771995658546,-0.0033713403279433092,-0.11685672013439974,-0.02526713476932288,0.00036209784292492997
lora_initialization,chunks,9005,41,0.24383057081890433,0.24419023884251206,-0.5809861321641883,-0.003401041230767563,-0.11634415191513216,-0.026604675620062156,-0.0011856587422732212
lora_initialization,chunks,9005,42,0.30116825892393606,0.24742368933521985,-0.5592586816126641,-0.0035421752995199703,-0.11663339336112666,-0.02794471234766956,-0.004461859944573876
lora_initialization,chunks,9005,43,0.36104258526205624,0.25011565067966,-0.537697563800856,-0.0037763453244857035,-0.11687322588656161,-0.02941870029528391,-0.0052741602354743344
lora_initialization,chunks,9005,44,0.41812168994934,0.2543747400219096,-0.5178566547328154,-0.00397321238100905,-0.11714477762348811,-0.03079564190624973,-0.006125133070886746
lora_initialization,chunks,9005,45,0.4728284829559053,0.2563421808726691,-0.4948791218533562,-0.004634407340414103,-0.11795420175669549,-0.032515986778873344,-0.001804891070861514
lora_initialization,chunks,9005,46,0.5349615613145213,0.25959383380556816,-0.4741053587009356,-0.006057707132140817,-0.12093941367558338,-0.034650490946111515,-0.006195757626260762
lora_initialization,chunks,9005,47,0.5952635285228993,0.26140022002884,-0.45235429335074623,-0.0077147332378667026,-0.12409354451802561,-0.036979017303258824,-0.008748617180448476
lora_initialization,chunks,9005,48,0.6532742594002804,0.26442971165108686,-0.4345977449041253,-0.009421489343823832,-0.12775710957616038,-0.03920773481205768,-0.014434527622590454
lora_initialization,chunks,9005,49,0.7070760420442517,0.26855365931745573,-0.4190080002629572,-0.011083496261385632,-0.13104490373650787,-0.040865980541632305,-0.018274325156706267
lora_initialization,chunks,9006,0,0.03619554385490904,0.1510922987778559,0.18124900137526753,0.0007329181499852971,-0.005991862132216142,-0.03312903544184304,0.18877336407017933
lora_initialization,chunks,9006,1,0.040767092110091635,0.16356326233764057,0.09386403826740422,0.0003296204251285041,-0.006619969649331747,-0.032881893911058245,0.18237923318063679
lora_initialization,chunks,9006,2,0.045057097636352315,0.17635073006830304,0.0016637701596051296,-4.71858801894588e-05,-0.007249073470052997,-0.032641159265596506,0.17671370540963052
lora_initialization,chunks,9006,3,0.05042634427119009,0.19012484399374546,-0.09997198684955269,-0.0005549568363677408,-0.007829280064008275,-0.03242810983924781,0.16908460277184786
lora_initialization,chunks,9006,4,0.0555164497409173,0.20577660475937887,-0.20511419377502235,-0.0010080365100108419,-0.008602959145329239,-0.03239105360783938,0.16588730888788453
lora_initialization,chunks,9006,5,0.0602220883183789,0.2219294431435863,-0.31831152256608475,-0.0015058606849615958,-0.008921954279585522,-0.0322943416574963,0.168819863855282
lora_initialization,chunks,9006,6,0.07030193014170245,0.24023153553357826,-0.45383109443477226,-0.002203762864436018,-0.009276862773327614,-0.0324432014800041,0.16678824358529987
lora_initialization,chunks,9006,7,0.08136069812808454,0.2576209146188439,-0.5779536471115485,-0.002941668751330199,-0.009766107815372573,-0.03273283138051234,0.16663714948227515
lora_initialization,chunks,9006,8,0.09063253109854777,0.2729297371863353,-0.6855521268762876,-0.003451355164004978,-0.009722417484052413,-0.0328777769162681,0.16547931649088554
lora_initialization,chunks,9006,9,0.10156892767177543,0.28904204433427916,-0.7947229238836121,-0.004114499951882812,-0.010208443401437579,-0.03290011632555674,0.1652575536184496
lora_initialization,chunks,9006,10,0.11184917367525161,0.3024073532818698,-0.8881337216176947,-0.004683764717175189,-0.010463659628371732,-0.032928857429531354,0.1562484203454759
lora_initialization,chunks,9006,11,0.11027391484105863,0.29993044126951574,-0.8794294570297794,-0.004640295884896402,-0.010980583290416327,-0.033015781204271503,0.15631995128861192
lora_initialization,chunks,9006,12,0.10965181501534671,0.29876364020778234,-0.8796216019404746,-0.004443230408328149,-0.011331405246626429,-0.03319200278724393,0.1597382269303545
lora_initialization,chunks,9006,13,0.10814845412631052,0.29686733322580916,-0.8801144252652716,-0.004436548183666226,-0.011525761832531492,-0.03330686120486907,0.15593640925416835
lora_initialization,chunks,9006,14,0.10613222845123745,0.29560531615004604,-0.8794485936392985,-0.004414453252366501,-0.011268309242552437,-0.03327956610311239,0.15576367974895475
lora_initialization,chunks,9006,15,0.10529005148467764,0.29334522794363815,-0.8791470807800141,-0.004237419216749075,-0.011195819933318817,-0.033514032098112635,0.15551089336043736
lora_initialization,chunks,9006,16,0.10326573181728547,0.2916657729338629,-0.880167829756953,-0.004215545750341992,-0.011308772710932374,-0.03342004113437273,0.15416134461937242
lora_initialization,chunks,9006,17,0.10141309687709892,0.2891132767849466,-0.8801652151620477,-0.004165162682561371,-0.011483789399467278,-0.03323598005023919,0.1495431773833816
lora_initialization,chunks,9006,18,0.09886204926114231,0.28684504853178394,-0.8791866891113445,-0.004074493315033257,-0.011196511058489917,-0.03333844650477999,0.15275815688221323
lora_initialization,chunks,9006,19,0.0974304012343376,0.2848202611924681,-0.8821478569157181,-0.003911085815058836,-0.011415017366696274,-0.033274445403023045,0.15541544999219817
lora_initialization,chunks,9006,20,0.09417531622736858,0.2826942443443746,-0.8824058673661537,-0.003853535409041935,-0.011637533555094086,-0.03329410862910238,0.1543744157490012
lora_initialization,chunks,9006,21,0.09344348931225337,0.2814670970882739,-0.8832368635085871,-0.003652814394677859,-0.011704872071415028,-0.03312770117491835,0.1534212200596501
lora_initialization,chunks,9006,22,0.09118674611862976,0.27937921734504545,-0.8828409470843203,-0.003585091055453113,-0.011667020272680956,-0.03311783677890757,0.15641059006481192
lora_initialization,chunks,9006,23,0.0883801531534309,0.2766994660707375,-0.8826994251813647,-0.003499189237271704,-0.011583295947544847,-0.03307269462767175,0.1566588076694883
lora_initialization,chunks,9006,24,0.0863527096473969,0.2759011640806063,-0.8832752479869831,-0.0034339395085674134,-0.011821499564948821,-0.03291619746565808,0.16052240340911128
lora_initialization,chunks,9006,25,0.08563789230453953,0.27440211391326874,-0.8842345261688095,-0.0033715137501872825,-0.011857304588508578,-0.032937024896999414,0.15968564170214614
lora_initialization,chunks,9006,26,0.08258647977133107,0.27182235283266154,-0.8850186821216641,-0.003259029895438661,-0.011915407467133697,-0.03290964305696497,0.1604693502490095
lora_initialization,chunks,9006,27,0.07982829276242759,0.2708628976331616,-0.8864151539494528,-0.0031312087180456758,-0.012126811484830882,-0.03287039091287418,0.1539127032968398
lora_initialization,chunks,9006,28,0.07732304639915892,0.26868105527410613,-0.8889722833964496,-0.0031567201456698018,-0.012017603067661453,-0.03290076979944779,0.1509433475125039
lora_initialization,chunks,9006,29,0.07452529678641577,0.26794998612689436,-0.889738693481756,-0.003065484421714297,-0.012485126756533247,-0.03270288522915755,0.14937006468984584
lora_initialization,chunks,9006,30,0.07027082718181482,0.2661937921642351,-0.8931759957072762,-0.003055436868101758,-0.012516567148107982,-0.032766335576999636,0.14892824855441125
lora_initialization,chunks,9006,31,0.06460759663410007,0.26269462829411183,-0.8942716778616054,-0.0029064062283889747,-0.012981351727528043,-0.03257981139896908,0.1435385574233007
lora_initialization,chunks,9006,32,0.05781797848824849,0.25944601731640143,-0.8964966981259589,-0.002748938830861277,-0.013143913653707333,-0.03239511869625858,0.1385887996465419
lora_initialization,chunks,9006,33,0.050202619642448265,0.2564725624520046,-0.8984590350468546,-0.0026590576752438338,-0.013374541494568192,-0.032292033736329266,0.13693398245483793
lora_initialization,chunks,9006,34,0.042711970574566153,0.2533642898236222,-0.9008415429319893,-0.002499501398975666,-0.013782286967101296,-0.0320658372457947,0.1369956462986787
lora_initialization,chunks,9006,35,0.03343161476110322,0.24967186321713883,-0.9045136024021921,-0.002337171929166485,-0.014447852597933986,-0.031930657210753506,0.13271448950751238
lora_initialization,chunks,9006,36,0.021016216017497397,0.24491365381081168,-0.9001767126402351,-0.00200687911016283,-0.015266446593453503,-0.03163530012519015,0.12889427879186321
lora_initialization,chunks,9006,37,0.006316532838138128,0.23814127574207722,-0.8950239580084878,-0.0015586841630583082,-0.016333323316639926,-0.031240292642305413,0.11749755066663975
lora_initialization,chunks,9006,38,-0.006745319935619942,0.23250748319238884,-0.8833703747377906,-0.0010059468500890922,-0.017398791672787694,-0.03111501388411753,0.11602814135530809
lora_initialization,chunks,9006,39,-0.01938265567776215,0.22580464055765406,-0.8727828230026036,-0.0005492620248426737,-0.0187485586483039,-0.03068127304766002,0.11084952803765055
lora_initialization,chunks,9006,40,-0.02907289342908828,0.2176716353657912,-0.8454314900692806,-2.2710813629492344e-06,-0.01957030212395932,-0.030648450736972074,0.10143747961294629
lora_initialization,chunks,9006,41,-0.018107804488219734,0.2053009471830063,-0.7463924708384501,0.00036362563680092256,-0.0190960654768126,-0.030886374242660046,0.09553791220518301
lora_initialization,chunks,9006,42,-0.007082297257781353,0.19340348019581788,-0.6481870623449582,0.000587495786600948,-0.018441317962024115,-0.031200688627657906,0.09057137888582101
lora_initialization,chunks,9006,43,0.005547183745579373,0.18130154030407422,-0.5535914080813742,0.0008073342598192358,-0.017886508404447294,-0.03167297540836994,0.08570158587978854
lora_initialization,chunks,9006,44,0.01991546917584268,0.1711150181961139,-0.45448246234424833,0.0010250447952330948,-0.017153118680196543,-0.03207009957842349,0.08343511538236796
lora_initialization,chunks,9006,45,0.035857844257917146,0.16387167223192267,-0.3617488446906211,0.0010546375044501854,-0.016264030884509856,-0.03255369921608708,0.07864555611578795
lora_initialization,chunks,9006,46,0.04554344139345743,0.16227449084349954,-0.30910264116145936,0.0008041048564111936,-0.015369102621666974,-0.0328083873868243,0.07878852957398566
lora_initialization,chunks,9006,47,0.05415738130614067,0.16188023725545642,-0.26347929517743274,0.0004982723856205564,-0.01466209076083946,-0.03294636339951511,0.07189290833684045
lora_initialization,chunks,9006,48,0.061634695374965014,0.16009881689357658,-0.22025439498152682,0.00010625609020673368,-0.013962273566243778,-0.03299394118890963,0.06907345287652569
lora_initialization,chunks,9006,49,0.06823977230162842,0.15922228313921893,-0.18085951472887507,-0.000263932437904836,-0.013199509329472423,-0.033002698613262174,0.06657121839489846
lora_initialization,chunks,9007,0,0.058494343724818064,0.11875871629552302,-0.014472911576446472,-0.0004303240503656426,-0.010039102741599687,-0.03461648844846315,0.3447891821185971
lora_initialization,chunks,9007,1,0.06053895028651139,0.12023550104085484,-0.017286034898021142,-0.0006038212877416767,-0.010771732179797976,-0.03453024847186233,0.32097998205421496
lora_initialization,chunks,9007,2,0.06450413076463352,0.12170355424814518,-0.021459867117603608,-0.0008254830380655207,-0.011749158250328467,-0.03447676524000722,0.2973964504355521
lora_initialization,chunks,9007,3,0.06820140145125905,0.1241762413227372,-0.026880242226805247,-0.0012171017122082515,-0.01256895554845519,-0.03423814236426863,0.2705124293701694
lora_initialization,chunks,9007,4,0.0723360095477415,0.12546569232770163,-0.03247513459222135,-0.0014125673295167871,-0.013679371706493349,-0.034055112850959746,0.23654169399898967
lora_initialization,chunks,9007,5,0.07493168471978652,0.12725248188132068,-0.0381390668659263,-0.0015897689285185917,-0.01433116706729695,-0.03399348960737489,0.20399636023414436
lora_initialization,chunks,9007,6,0.07459228777694299,0.12917268088633804,-0.04110064146232643,-0.0017298550425850078,-0.014799077670190354,-0.03380800137123181,0.18996942746570922
lora_initialization,chunks,9007,7,0.07743765335788566,0.1300458558151749,-0.04266258376980907,-0.0018178473018694455,-0.015144959459808292,-0.03377695152651589,0.17151036170718215
lora_initialization,chunks,9007,8,0.07801950441866898,0.13063360803193647,-0.044378077898295315,-0.0018758039221515098,-0.015206295972369015,-0.03369070936438367,0.15661211764623603
lora_initialization,chunks,9007,9,0.07891147320635514,0.1319398038735643,-0.046023325649833,-0.0018903874048614843,-0.015195395637095217,-0.03362368457992351,0.1466416754080904
lora_initialization,chunks,9007,10,0.07867463026100469,0.13255274376095036,-0.04684116537322204,-0.0018135035433666834,-0.015301261117117939,-0.033572575927943375,0.1376055052513868
lora_initialization,chunks,9007,11,0.07942445084783428,0.13311080170680795,-0.04626646037646265,-0.0019449158110999604,-0.015636003652053736,-0.03356307542291205,0.12484558467012814
lora_initialization,chunks,9007,12,0.07812734456507764,0.13421121491317434,-0.04633374621144075,-0.0019242613780790041,-0.015631434197458525,-0.033581604904573396,0.11553631177482722
lora_initialization,chunks,9007,13,0.07852122811544567,0.13472059453445068,-0.04660842470439717,-0.0020016795675687495,-0.015737731086615345,-0.033432600836992656,0.11008540630925381
lora_initialization,chunks,9007,14,0.0793092480123724,0.13576737215592838,-0.04646808493211681,-0.0019104688414141777,-0.015612084627237828,-0.03340319942934135,0.10342357416265496
lora_initialization,chunks,9007,15,0.07854549654974986,0.13681700161039545,-0.04694958761727097,-0.0018558298980247004,-0.015130585603905494,-0.033439715288109115,0.09697861186837847
lora_initialization,chunks,9007,16,0.07875605771970616,0.13776779568748332,-0.045932371124938184,-0.001781230991771439,-0.01411773755469664,-0.03344178061528984,0.09059213000726646
lora_initialization,chunks,9007,17,0.08388789261776447,0.1372470016926866,-0.0468740703282528,-0.0017164773131794146,-0.012922529188822729,-0.03345741809251532,0.08486010432435542
lora_initialization,chunks,9007,18,0.08883320004085078,0.13844097614579265,-0.04968487111073612,-0.0016615454268102529,-0.011739446708386066,-0.03350570740897891,0.08759777855391675
lora_initialization,chunks,9007,19,0.09473963858085963,0.13878462554179133,-0.05192769634917158,-0.001514459928482575,-0.010250872393047292,-0.033455228190044324,0.08735491084773798
lora_initialization,chunks,9007,20,0.11100463577283967,0.13940268464543235,-0.059558109954845465,-0.001379409308941616,-0.009089805320440217,-0.03339087303219925,0.08594771068670554
lora_initialization,chunks,9007,21,0.19765018704400322,0.1413709211928037,-0.11032756282399872,-0.0005336821454111323,-0.012694756773441349,-0.03185550662051776,0.07244241512881053
lora_initialization,chunks,9007,22,0.2903388312531028,0.14327381907768566,-0.1668977170091271,0.00011837221184648528,-0.01607420699636795,-0.030113611861826706,0.061655811240518194
lora_initialization,chunks,9007,23,0.38000583870888055,0.14685812952683924,-0.22179967620019844,0.0006804563588208353,-0.019125000841918677,-0.028038962296881333,0.056635498913944204
lora_initialization,chunks,9007,24,0.4720956990266397,0.14965891822646576,-0.27756876301010647,0.000948304671093659,-0.022413402457280095,-0.02586663914777328,0.04869862236341618
lora_initialization,chunks,9007,25,0.5599662825809131,0.15256565428203755,-0.33214356405995066,0.0012505269126026645,-0.02649368165496889,-0.023276889334595458,0.03866068002852324
lora_initialization,chunks,9007,26,0.6320560278189494,0.1652015981406471,-0.38081185614467605,-1.6997910837649377e-05,-0.025416501411387002,-0.02009972550271725,0.03690461637620143
lora_initialization,chunks,9007,27,0.7129032470353566,0.17964519570385712,-0.43334991557818303,-0.0013179662766106665,-0.024300273804744265,-0.01661083714055987,0.03714124990313912
lora_initialization,chunks,9007,28,0.7926468664245285,0.19394872249713072,-0.48737782125540285,-0.00281366594928981,-0.023051702257009955,-0.013221882202041218,0.03959106127469428
lora_initialization,chunks,9007,29,0.8707503441286418,0.20954375643174628,-0.5400746756071436,-0.004159005411719043,-0.02202306424657921,-0.009660165376769277,0.03956288219500413
lora_initialization,chunks,9007,30,0.9508427500334536,0.22550610645539065,-0.5969239795206648,-0.005524918064316198,-0.020440662313715045,-0.006231298263674561,0.042256519243543414
lora_initialization,chunks,9007,31,0.9877063572865648,0.23693012691696863,-0.6229778614545248,-0.007203646948339671,-0.019286831500597124,-0.0033990790394797625,0.041841319958485584
lora_initialization,chunks,9007,32,1.020544437999467,0.24601640481607304,-0.6420356993484482,-0.008448421819977684,-0.01867248216244743,-0.0009216742828076843,0.04271042054913801
lora_initialization,chunks,9007,33,1.0486285780056193,0.25520327848329083,-0.6602838472669318,-0.00940253788599144,-0.01799453866842092,0.0013294099544224197,0.04365091207180874
lora_initialization,chunks,9007,34,1.0750891164203304,0.262618438583137,-0.6751824765930964,-0.010429175697237175,-0.01757888273871601,0.0034317906346404,0.04924608057166402
lora_initialization,chunks,9007,35,1.090668440058863,0.2674415993659921,-0.6832931725078449,-0.010888364989664577,-0.017474544601793592,0.004926764054836032,0.05451863398029695
lora_initialization,chunks,9007,36,1.0927389130879233,0.26613531902560894,-0.6806950996172257,-0.010844423542711899,-0.017644150297736284,0.005487903614947352,0.05534997578320558
lora_initialization,chunks,9007,37,1.095907388314282,0.26624480124614847,-0.6792071169677539,-0.010694862480910566,-0.01807710612063242,0.005861769359755117,0.056800048822281235
lora_initialization,chunks,9007,38,1.099091031312081,0.26454939005475864,-0.6767769344478579,-0.010785432638416229,-0.01837886036608578,0.006167603882889262,0.05677742597326221
lora_initialization,chunks,9007,39,1.1024744555279913,0.26486224669603525,-0.6749046063473169,-0.010710739990409468,-0.018914335830002765,0.006520763903135995,0.05585159877291977
lora_initialization,chunks,9007,40,1.1061405058850693,0.26487089373532147,-0.673378239219449,-0.010625559983730002,-0.0192554566425848,0.006573059298670768,0.05802601564495091
lora_initialization,chunks,9007,41,1.112504252733998,0.26492916971018543,-0.6709605733772909,-0.010667793768406438,-0.0199626455165772,0.00710742609903197,0.0544232790401321
lora_initialization,chunks,9007,42,1.1206782369905637,0.26565845030041124,-0.6694980691207253,-0.010837983484246513,-0.020527167583381474,0.007572271145299174,0.05252198701371688
lora_initialization,chunks,9007,43,1.1250935030293008,0.2662191417908072,-0.6679107318648546,-0.010874894299686763,-0.02131888072724966,0.007846380494512271,0.05510526582547805
lora_initialization,chunks,9007,44,1.133341592683474,0.2665166759911336,-0.666770100930027,-0.01089551279836888,-0.021788518901249554,0.008395560826758075,0.05547250761821802
lora_initialization,chunks,9007,45,1.1381707222000772,0.2675869372250051,-0.6655070847017628,-0.01091366588893397,-0.022875876918169884,0.00854897201842339,0.057177076655248335
lora_initialization,chunks,9007,46,1.1428352452828137,0.265549615903662,-0.6644876152074373,-0.011012609528570933,-0.023480650617927264,0.008738221554119942,0.053376629614214466
lora_initialization,chunks,9007,47,1.1429365082140472,0.26613869897581854,-0.6613227871488495,-0.010970478078642066,-0.02428160230134644,0.008619879399430166,0.0574513510658307
lora_initialization,chunks,9007,48,1.1496583589239289,0.2661421775079093,-0.6626911103591479,-0.011173836751595221,-0.02482518845044142,0.008742321611041673,0.05393212003921498
lora_initialization,chunks,9007,49,1.1493458306047792,0.26602249910423753,-0.6585505933634775,-0.011057742276974328,-0.02581442120234133,0.008729352667665571,0.05527130427306648
lora_initialization,chunks,9008,0,0.06157767177709845,0.1337511755233953,-0.03896784129806131,-4.0081231750830086e-05,-0.008529240416791952,-0.03408664351258546,0.14815199744181734
lora_initialization,chunks,9008,1,0.06408451617342956,0.1343827473863118,-0.04401428761355548,-0.00022495969447824731,-0.00908584718999915,-0.0339511908325011,0.13666486634859215
lora_initialization,chunks,9008,2,0.06664348172721532,0.1357965946421156,-0.04929147192943649,-0.0003636033573126967,-0.009463548788754265,-0.03373312287965638,0.12334335380520343
lora_initialization,chunks,9008,3,0.0700629023149898,0.13812828850202652,-0.054769409848812386,-0.00048151954667658824,-0.009809449924073285,-0.03373580671222562,0.11647473260675713
lora_initialization,chunks,9008,4,0.07257399910438536,0.1397398417204034,-0.06276062712084367,-0.0005954610856921201,-0.010320114526354554,-0.03350242255527242,0.10875578704544359
lora_initialization,chunks,9008,5,0.07420053268021604,0.14187970228123042,-0.06956907397632994,-0.0007420028818495036,-0.010805730314876815,-0.03332751884773912,0.10586413006242903
lora_initialization,chunks,9008,6,0.07546028155447485,0.142673511754208,-0.0745135093682609,-0.0007715846545286859,-0.011223771569524952,-0.033338656315795176,0.10057845982276879
lora_initialization,chunks,9008,7,0.07572189401229315,0.1440978650219133,-0.07930853735026143,-0.0007853709417432789,-0.01137164623944394,-0.03316982701961947,0.09658437003693957
lora_initialization,chunks,9008,8,0.07634774063868818,0.14473819658912304,-0.08424486471650222,-0.0008074174398036962,-0.011646660856863857,-0.03320128692466585,0.09557110220908582
lora_initialization,chunks,9008,9,0.0769874955697877,0.14525286442416482,-0.08912878892528067,-0.0008094625723925337,-0.011755134379213491,-0.033169828385576604,0.09620648739925383
lora_initialization,chunks,9008,10,0.07630425969389316,0.14592872419717157,-0.09458642201188189,-0.0007155909475058276,-0.012133816563192124,-0.0331650956173122,0.09758042386632151
lora_initialization,chunks,9008,11,0.07686468176329961,0.14690380110404655,-0.10366517169029307,-0.0007927515424687705,-0.012465815877714708,-0.03314684205899114,0.09220647293244373
lora_initialization,chunks,9008,12,0.07653948654931042,0.1473869016124432,-0.11507266316924507,-0.0007477480795670765,-0.01321669991945254,-0.032902266888462386,0.0952010601939917
lora_initialization,chunks,9008,13,0.07750789458515005,0.14754828015182597,-0.1276646078625268,-0.0007503701145305726,-0.013581513412147838,-0.032932830452439985,0.09363482214125618
lora_initialization,chunks,9008,14,0.07710183167545302,0.14848427990518387,-0.1399199651840189,-0.0007590107606593472,-0.014177422911670142,-0.03286407363433885,0.09439017475228073
lora_initialization,chunks,9008,15,0.07707301290971678,0.1486283291581795,-0.1539355289883607,-0.0007954973946650134,-0.014475662043237178,-0.03284792966020953,0.09831549697229709
lora_initialization,chunks,9008,16,0.07726145441298957,0.1490169882244694,-0.1643731726465077,-0.0007723533369073781,-0.014765635724017578,-0.03286875285708375,0.09950986549640209
lora_initialization,chunks,9008,17,0.07677473146159844,0.1482466834885745,-0.1717443971479257,-0.000749958431996456,-0.015357785386534891,-0.032797276145145146,0.09577879027968908
lora_initialization,chunks,9008,18,0.07675037274294043,0.14913468090739304,-0.1757233655562599,-0.0006441982045175532,-0.01571446981563617,-0.03278024866994407,0.09518797283898917
lora_initialization,chunks,9008,19,0.07804692829113884,0.14937757257933082,-0.17911379977736186,-0.0005596907949194426,-0.015783117068635208,-0.03284577745815533,0.09466943061105099
lora_initialization,chunks,9008,20,0.07828542344016402,0.14983141539372558,-0.1776939773918823,-0.0005105451182850094,-0.015924486746565884,-0.03290582028934065,0.09830370656238491
lora_initialization,chunks,9008,21,0.07854132541260384,0.15094550331531498,-0.17167580575392244,-0.000486278503029223,-0.0157115679604741,-0.03284706145785763,0.09345867341716804
lora_initialization,chunks,9008,22,0.07712837527547324,0.15172028648523764,-0.16491663288646405,-0.0004881263873450731,-0.015747504534801202,-0.032764289919601584,0.08891075860173839
lora_initialization,chunks,9008,23,0.07724538379801134,0.15350418195648974,-0.1605791868277187,-0.0003972800822572289,-0.015858517905881442,-0.03286998331126655,0.08509927278942424
lora_initialization,chunks,9008,24,0.07818739268879685,0.15389910097223036,-0.15596478841289463,-0.00041015707446288114,-0.015459083346532511,-0.032880821634711115,0.085232504421432
lora_initialization,chunks,9008,25,0.07768284760596358,0.15407730532625033,-0.15052634756549138,-0.0004476412769620329,-0.015401425419032243,-0.03293525311400595,0.08684354603183385
lora_initialization,chunks,9008,26,0.07654914697516813,0.15452456075851784,-0.1481452860520065,-0.0004511190960168475,-0.01488515443257785,-0.03295979444618832,0.08523498040751357
lora_initialization,chunks,9008,27,0.07595801919703082,0.154894623057092,-0.1441368200064702,-0.0005179350931858509,-0.014849964602312454,-0.032878339690605704,0.08508264831144804
lora_initialization,chunks,9008,28,0.07503083499714096,0.1546018067039332,-0.1411780025560273,-0.0005122449687484589,-0.014640891741595469,-0.032763577436362525,0.08156203191166765
lora_initialization,chunks,9008,29,0.07469309928640752,0.15494099879059295,-0.14007757797157744,-0.0005395519415427308,-0.014368453971559472,-0.03282704199015876,0.0868674805639556
lora_initialization,chunks,9008,30,0.07457910626128669,0.15539765823016238,-0.13660846947718344,-0.0005033801235925658,-0.014305905450826056,-0.032741569135082214,0.08549578427477124
lora_initialization,chunks,9008,31,0.07459557412742168,0.1541667930288311,-0.1355261523531943,-0.0002595484485661973,-0.0142655812714939,-0.03283119122153718,0.08293643999513182
lora_initialization,chunks,9008,32,0.07512904180299806,0.15368005203239618,-0.13608143389990301,1.3403711594010001e-05,-0.014023044217047895,-0.03272390567024136,0.08163676837249856
lora_initialization,chunks,9008,33,0.07666915293825272,0.15318517098920648,-0.13694725422128706,0.0002820507817247737,-0.014063488339726753,-0.03281998381647607,0.0848900519655324
lora_initialization,chunks,9008,34,0.07906369939820578,0.15268236114615005,-0.14088527918599886,0.0007470098790800413,-0.01415937724170227,-0.03277790140921169,0.09437679263703039
lora_initialization,chunks,9008,35,0.08578252783934356,0.1530484097538503,-0.1510604342045641,0.0011441749403047988,-0.014084978028129478,-0.0330535362593477,0.09521815628836439
lora_initialization,chunks,9008,36,0.1267881465059496,0.1585842612046524,-0.2004893091657379,0.0019437475703187484,-0.013713760624734013,-0.034052354710322634,0.09184291564280131
lora_initialization,chunks,9008,37,0.18537003426240514,0.16901354823641765,-0.27039389736755537,0.0027379034893430113,-0.013256915762858645,-0.035423815008516754,0.09545478981530206
lora_initialization,chunks,9008,38,0.2578821116506951,0.1823263693738783,-0.354645685704088,0.0036119359753425326,-0.012673344951485472,-0.036969685903720205,0.10748100792573742
lora_initialization,chunks,9008,39,0.3293869406741362,0.19587805440927694,-0.43926379547574745,0.004230972143473948,-0.012041154524156831,-0.03842286895828587,0.11435953306850996
lora_initialization,chunks,9008,40,0.4041258816491563,0.21136523976595434,-0.5271160200709832,0.004433347309196643,-0.01152714311558864,-0.03958300148249808,0.1255431200585458
lora_initialization,chunks,9008,41,0.4222401371464904,0.23202312928578944,-0.6245911221407325,0.0041777362016618405,-0.012259327602662075,-0.03892904458901304,0.12108112785535124
lora_initialization,chunks,9008,42,0.4292394858462432,0.2489221620943966,-0.7151680327756155,0.003944206745345017,-0.013276381407285827,-0.03805552811749721,0.12120934856314633
lora_initialization,chunks,9008,43,0.4410917269045222,0.2686120479573266,-0.8099730771503334,0.003898210791628152,-0.014016296436511025,-0.03732872964770916,0.11593449602458052
lora_initialization,chunks,9008,44,0.44636014397302465,0.2845292333962952,-0.8948849394410797,0.003636824410896529,-0.014697299936805937,-0.036503103633174924,0.11343551864369152
lora_initialization,chunks,9008,45,0.44951016507746466,0.30001337679778395,-0.9794225808823047,0.003487023526442495,-0.015600608757356886,-0.03571342523924233,0.10633117767507573
lora_initialization,chunks,9008,46,0.46214271574885496,0.3116474329986371,-1.0399987394996808,0.0032092745226376135,-0.017019786173779753,-0.03525730811265366,0.10945201075075849
lora_initialization,chunks,9008,47,0.47454413847449095,0.3249759004889431,-1.0944008938412615,0.0029089134455262044,-0.019001819024858813,-0.03467343246930311,0.11232551050250825
lora_initialization,chunks,9008,48,0.48600768733274596,0.33605215224020435,-1.1408284224625234,0.0024111994171358113,-0.02039937181661392,-0.03428135469127103,0.10937985344209587
lora_initialization,chunks,9008,49,0.4970796548916551,0.3474047149211009,-1.1901646044713388,0.0019313920166169345,-0.02216487984291979,-0.03382469446012744,0.10556341565761859
lora_initialization,chunks,9009,0,0.0426260108413034,0.13542860806426585,-0.028179320394374,-0.00017112810194078068,-0.00838147795193923,-0.03471983785769285,0.17540237601919656
lora_initialization,chunks,9009,1,0.04536848837264391,0.1366252176022521,-0.029594602007318678,-0.00025057892511889707,-0.008490297520516943,-0.03462384276165165,0.1617374088350657
lora_initialization,chunks,9009,2,0.049193962841680025,0.13859544691193454,-0.034444675556526194,-0.0005234452529860568,-0.00884921444352291,-0.034466508541108665,0.1545219727290523
lora_initialization,chunks,9009,3,0.05397800886620814,0.13977120484172337,-0.03704163585356874,-0.0007434277565026891,-0.009324128190207448,-0.03441991738254922,0.14568794915029323
lora_initialization,chunks,9009,4,0.05975112901516305,0.14146854894213928,-0.0437868178568002,-0.0010133063589200465,-0.00999915096701333,-0.034117307747603555,0.14002147814649396
lora_initialization,chunks,9009,5,0.06428773722542108,0.14290714377088404,-0.04733062310244958,-0.0011625127644206404,-0.010369337728183733,-0.034004452232918286,0.13443476926575068
lora_initialization,chunks,9009,6,0.06813630643216186,0.1437089110901754,-0.051037451121924184,-0.0012732405236537134,-0.010803115743375787,-0.03399029982428466,0.1305326004631994
lora_initialization,chunks,9009,7,0.06842568584299451,0.14455432025615755,-0.05234805854043143,-0.00136822591774918,-0.010979624952749052,-0.03384968382624849,0.1259242155829326
lora_initialization,chunks,9009,8,0.07118038787584091,0.1446723579756651,-0.05360691645020266,-0.0014234484035541887,-0.01113699376729455,-0.0338405155219912,0.12439399723247882
lora_initialization,chunks,9009,9,0.07220347211634803,0.14518900272950136,-0.055043233035456725,-0.0015059091182009036,-0.011255637808344722,-0.03379427186292566,0.12311497356520429
lora_initialization,chunks,9009,10,0.07281623202565829,0.14603377375384238,-0.05689528411806258,-0.0015573749032344382,-0.011238300191036393,-0.03369391663172516,0.12612111542846619
lora_initialization,chunks,9009,11,0.07441560129653631,0.14592875588420476,-0.05721025935962492,-0.0015736990531296981,-0.011382503046890306,-0.033725320532529204,0.12125680496304289
lora_initialization,chunks,9009,12,0.07435249253322293,0.14689466115535474,-0.056257183886988596,-0.0015424728938578868,-0.011588859771175592,-0.03355223518712751,0.1227949818401874
lora_initialization,chunks,9009,13,0.07575715456667374,0.1467651703337307,-0.05705719429831111,-0.0017032308222287202,-0.011818903371863821,-0.03366402730418698,0.12207600264374197
lora_initialization,chunks,9009,14,0.0763784282905483,0.1468706775919924,-0.058625561833699165,-0.001672364006345322,-0.011902647042701012,-0.03368021990639014,0.12102264742218677
lora_initialization,chunks,9009,15,0.07619648726074986,0.14674559126798525,-0.05895271997492632,-0.0016858841060390416,-0.011978443499534341,-0.03363617489192122,0.12256715611790443
lora_initialization,chunks,9009,16,0.07682559766653514,0.1473933164762785,-0.059219992766887865,-0.0016947034473854237,-0.01207105910888704,-0.033662914868700225,0.11892743262874078
lora_initialization,chunks,9009,17,0.07680447112774354,0.1477239319392814,-0.05983756564647182,-0.0017048752088213495,-0.012007800600923971,-0.033586382134742375,0.11913901153461505
lora_initialization,chunks,9009,18,0.07644030918664985,0.14720696151315932,-0.05885795481703132,-0.001724564882962545,-0.012100941446061006,-0.03358217915295089,0.11708983092286997
lora_initialization,chunks,9009,19,0.07708586037326398,0.14710879508425911,-0.059229867034881034,-0.0017177529822082808,-0.012135236537651431,-0.03362506802130488,0.11858515702898986
lora_initialization,chunks,9009,20,0.07779132425706661,0.1472759195389982,-0.05896669693173355,-0.0017053384493198906,-0.011762260126385224,-0.033608565073641766,0.11945900325963194
lora_initialization,chunks,9009,21,0.07840607945059605,0.14834884248365982,-0.05881407690785041,-0.0016928129886898597,-0.012039104847127355,-0.03363092305994738,0.11412900476320495
lora_initialization,chunks,9009,22,0.07819698991560688,0.14804187258899829,-0.05985086113971333,-0.0017427734373984553,-0.012148902340894684,-0.033452109436724865,0.11297135968147332
lora_initialization,chunks,9009,23,0.0779059041304872,0.14768393586180106,-0.0601309843874857,-0.0017483639612227548,-0.012149243792518754,-0.03360972777635091,0.11229349953959664
lora_initialization,chunks,9009,24,0.0784484589262746,0.148718792117227,-0.06008852503511508,-0.0017677220239109472,-0.0121329692214848,-0.03362611625680653,0.113856672085755
lora_initialization,chunks,9009,25,0.0784129591183564,0.1481244278728679,-0.06057833044983533,-0.0017120128621690225,-0.012069453415697361,-0.03366443927685742,0.11420224900028134
lora_initialization,chunks,9009,26,0.07873128369302063,0.14862322754583188,-0.06092576560899775,-0.0017215167136112675,-0.012167505167053675,-0.0336832840214244,0.10943379456744415
lora_initialization,chunks,9009,27,0.07817997131491364,0.15004923910160878,-0.06153065492180738,-0.0017051478410877758,-0.012284858124377988,-0.03363177978825938,0.10873916256746738
lora_initialization,chunks,9009,28,0.07989083273431195,0.15010195224175274,-0.06246459378492455,-0.001833584979919377,-0.012470188006158898,-0.033613880286026444,0.10729931770899057
lora_initialization,chunks,9009,29,0.07970128073348731,0.15100804647731855,-0.06237219288838003,-0.0018288885180690747,-0.01250967935305954,-0.03371533702505667,0.10680193926684475
lora_initialization,chunks,9009,30,0.08115466020425413,0.1514105703810308,-0.062211562190744696,-0.0018441422543165674,-0.012441370649829411,-0.033738370340567404,0.11265888434277546
lora_initialization,chunks,9009,31,0.08230329386716981,0.15200649081079892,-0.0634148321439403,-0.0018183640532856088,-0.012582859303821733,-0.033715162182544015,0.10829230603179532
lora_initialization,chunks,9009,32,0.08324349707087911,0.1525730338399952,-0.06346295181613236,-0.0018031032864066039,-0.01288126674298817,-0.03378697000249096,0.10606220894895385
lora_initialization,chunks,9009,33,0.08354712335274302,0.15277402821245972,-0.06468574778659895,-0.001831128945977702,-0.012823517890692823,-0.033728021849349706,0.10658415565775418
lora_initialization,chunks,9009,34,0.08397088199578687,0.15333349447090466,-0.06401474260049422,-0.001890553015292666,-0.013054352730555243,-0.03364422857516034,0.10748822955180865
lora_initialization,chunks,9009,35,0.08571929267793486,0.15314666772306873,-0.06548759397732301,-0.0018531109965825886,-0.012979653174973177,-0.03382069712318189,0.10538107696832655
lora_initialization,chunks,9009,36,0.08816034686564443,0.15455534647167699,-0.06583906228820095,-0.0018975043569052596,-0.01313635335372508,-0.03362877686810455,0.10615788812539129
lora_initialization,chunks,9009,37,0.08785765954106015,0.15395650379329015,-0.06665815367936379,-0.001917499472926606,-0.01290354718692256,-0.033611528654231254,0.10543507704572438
lora_initialization,chunks,9009,38,0.08933509076368203,0.15447004497826206,-0.06580281955244012,-0.0019297003527351466,-0.013273069423260848,-0.03365162878450841,0.10447012042248585
lora_initialization,chunks,9009,39,0.09050349670008215,0.15536856249210804,-0.06718541177535953,-0.0018790161395714103,-0.013402020128382909,-0.03368245351948929,0.10995469487736477
lora_initialization,chunks,9009,40,0.0917856609222832,0.15599674736325198,-0.0669431445240342,-0.0019250300604576962,-0.013320903603752448,-0.03365386239760757,0.11008774965322385
lora_initialization,chunks,9009,41,0.09208537789162713,0.15591148107765176,-0.06797443532511217,-0.0019334769736292395,-0.013096594068864474,-0.03360571514068551,0.1069127101679698
lora_initialization,chunks,9009,42,0.09169803092847495,0.1570349061116952,-0.06833702957175707,-0.0018307610095952183,-0.013215132917665021,-0.03368229725399361,0.1091152766436663
lora_initialization,chunks,9009,43,0.09322376428038533,0.15692763494191786,-0.06862969731210668,-0.0018718613002355958,-0.013158716984174118,-0.03363392160903939,0.10520133216921519
lora_initialization,chunks,9009,44,0.09209158945516926,0.15673825914829884,-0.06859106250015594,-0.0018955806980053313,-0.013327744243654507,-0.0335264819777793,0.10546643953609082
lora_initialization,chunks,9009,45,0.092064025641951,0.15734794583360814,-0.0685010258649619,-0.0019399291404044508,-0.013300698953543993,-0.03353821882782404,0.1040457540937213
lora_initialization,chunks,9009,46,0.09263323237898317,0.15764563494831915,-0.0690166851729206,-0.0019710517931567735,-0.01332196374817166,-0.033467362260422504,0.09913162914641899
lora_initialization,chunks,9009,47,0.09249913302826879,0.15814986718708876,-0.06782048018893701,-0.0019432128359113945,-0.013247595004078069,-0.03343397171156843,0.09958827172231817
lora_initialization,chunks,9009,48,0.09254608992068551,0.15854036410130518,-0.06810928166660761,-0.0020288517865923667,-0.013283009244476,-0.033384322994568956,0.09995566089518206
lora_initialization,chunks,9009,49,0.09277255919378316,0.15929783910952947,-0.06819694013303146,-0.002054395242648938,-0.01329479464557423,-0.03342938646667409,0.1029934710625675
lora_initialization,executed,9000,0,0.0643763616681099,0.09063296765089035,-0.08081336319446564,-0.010742648504674435,-0.045416295528411865,-0.025138210505247116,0.2117304652929306
lora_initialization,executed,9000,1,0.0838695615530014,0.09336864203214645,-0.05565248802304268,-0.00873397197574377,-0.05659034103155136,-0.02648506499826908,0.20997898280620575
lora_initialization,executed,9000,2,0.10412383079528809,0.09736824780702591,-0.03447543829679489,-0.00682420376688242,-0.06665400415658951,-0.027624251320958138,0.20556147396564484
lora_initialization,executed,9000,3,0.12376930564641953,0.10009375959634781,-0.008382643572986126,-0.00478958198800683,-0.07769981026649475,-0.0291119534522295,0.2036367505788803
lora_initialization,executed,9000,4,0.14077863097190857,0.10375608503818512,0.014084959402680397,-0.003239023732021451,-0.08866371959447861,-0.03002491220831871,0.19877715408802032
lora_initialization,executed,9001,0,0.07149334996938705,0.12975695729255676,-0.02650848962366581,-0.0006995628937147558,-0.01016466785222292,-0.034722670912742615,0.14319244027137756
lora_initialization,executed,9001,1,0.07170484960079193,0.1300964504480362,-0.025235377252101898,-0.0007359975716099143,-0.01037334743887186,-0.03479030728340149,0.13737329840660095
lora_initialization,executed,9001,2,0.07316012680530548,0.12975537776947021,-0.022956443950533867,-0.0008526306482963264,-0.010271185077726841,-0.03483611345291138,0.13480831682682037
lora_initialization,executed,9001,3,0.07375584542751312,0.13050666451454163,-0.020528966560959816,-0.000966644030995667,-0.010287443175911903,-0.03498553857207298,0.13361741602420807
lora_initialization,executed,9001,4,0.07444782555103302,0.13076144456863403,-0.01860690675675869,-0.0011187666095793247,-0.01022584643214941,-0.035147953778505325,0.13578113913536072
lora_initialization,executed,9002,0,0.030766746029257774,0.1961955577135086,0.021898342296481133,0.0007814756245352328,-0.02094346657395363,-0.03247560188174248,0.22214728593826294
lora_initialization,executed,9002,1,0.030549630522727966,0.20097729563713074,0.019231455400586128,0.0006950394599698484,-0.023184804245829582,-0.03188231587409973,0.1988571584224701
lora_initialization,executed,9002,2,0.03079339675605297,0.20642954111099243,0.01382672693580389,0.00040342056308873,-0.025584891438484192,-0.031014947220683098,0.1810232549905777
lora_initialization,executed,9002,3,0.03057253547012806,0.2114003598690033,0.01026979275047779,0.0002617697464302182,-0.02789139188826084,-0.030113263055682182,0.1691289097070694
lora_initialization,executed,9002,4,0.02947344072163105,0.21687397360801697,0.0030064480379223824,0.00021431611094158143,-0.030217420309782028,-0.02938367985188961,0.1528790444135666
lora_initialization,executed,9003,0,0.03730548173189163,0.10500422865152359,0.09572087228298187,0.0013268900802358985,0.006012648344039917,-0.032971978187561035,0.1853564828634262
lora_initialization,executed,9003,1,0.041439853608608246,0.10886036604642868,0.08589238673448563,0.001159033039584756,0.004979827906936407,-0.0325859859585762,0.18319720029830933
lora_initialization,executed,9003,2,0.044884003698825836,0.11290379613637924,0.07538466900587082,0.0008980278507806361,0.0038845776580274105,-0.032121382653713226,0.17131635546684265
lora_initialization,executed,9003,3,0.046307068318128586,0.11620236933231354,0.06655851751565933,0.0006877182167954743,0.002932344563305378,-0.031787920743227005,0.16376890242099762
lora_initialization,executed,9003,4,0.05062424764037132,0.12000380456447601,0.05624844506382942,0.0004064648237545043,0.0019777310080826283,-0.0313975028693676,0.15409713983535767
lora_initialization,executed,9004,0,0.009601203724741936,0.13042762875556946,0.0663534626364708,-0.007690068334341049,-0.029536589980125427,-0.03191279247403145,0.2298000156879425
lora_initialization,executed,9004,1,0.003843427635729313,0.14008453488349915,0.05810151249170303,-0.00921789649873972,-0.032082028687000275,-0.031560156494379044,0.22128498554229736
lora_initialization,executed,9004,2,-0.0029252804815769196,0.15013791620731354,0.04771062359213829,-0.01104739960283041,-0.034303970634937286,-0.03127848729491234,0.21756623685359955
lora_initialization,executed,9004,3,-0.009033847600221634,0.1601865440607071,0.03619294613599777,-0.012735640630126,-0.03643909841775894,-0.030981509014964104,0.2105753868818283
lora_initialization,executed,9004,4,-0.015501060523092747,0.1709071844816208,0.0240727961063385,-0.014617475681006908,-0.03904520347714424,-0.03079458326101303,0.1975480616092682
lora_initialization,executed,9005,0,0.06476639956235886,0.11996481567621231,-0.01190875843167305,0.00032497826032340527,-0.005898383911699057,-0.03486817330121994,0.11961834877729416
lora_initialization,executed,9005,1,0.0658280998468399,0.1206694021821022,-0.017191873863339424,0.00016956419858615845,-0.006370898801833391,-0.03491592779755592,0.0919329971075058
lora_initialization,executed,9005,2,0.06790599226951599,0.12169185280799866,-0.025300659239292145,-8.22078000055626e-05,-0.006581515073776245,-0.03461408615112305,0.07300475984811783
lora_initialization,executed,9005,3,0.06981803476810455,0.12335772812366486,-0.032861120998859406,-0.00027069434872828424,-0.006714635994285345,-0.03451037034392357,0.041640058159828186
lora_initialization,executed,9005,4,0.07212922722101212,0.12470618635416031,-0.039145536720752716,-0.0004352533142082393,-0.006949636619538069,-0.03433249518275261,0.017981480807065964
lora_initialization,executed,9006,0,0.0361955426633358,0.1510923057794571,0.1812490075826645,0.0007329181535169482,-0.005991862155497074,-0.03312903642654419,0.18877336382865906
lora_initialization,executed,9006,1,0.04076709225773811,0.16356326639652252,0.09386403858661652,0.0003296204376965761,-0.0066199698485434055,-0.03288189321756363,0.18237923085689545
lora_initialization,executed,9006,2,0.04505709931254387,0.17635072767734528,0.0016637701774016023,-4.718588024843484e-05,-0.007249073591083288,-0.03264115750789642,0.1767137050628662
lora_initialization,executed,9006,3,0.05042634531855583,0.19012483954429626,-0.09997198730707169,-0.0005549568450078368,-0.007829279638826847,-0.032428108155727386,0.1690846085548401
lora_initialization,executed,9006,4,0.055516451597213745,0.20577660202980042,-0.2051142007112503,-0.00100803654640913,-0.008602959103882313,-0.032391052693128586,0.16588731110095978
lora_initialization,executed,9007,0,0.05849434435367584,0.11875871568918228,-0.01447291113436222,-0.00043032405665144324,-0.010039102286100388,-0.034616488963365555,0.34478917717933655
lora_initialization,executed,9007,1,0.06053895130753517,0.12023550271987915,-0.017286034300923347,-0.000603821303229779,-0.010771731846034527,-0.03453024849295616,0.3209799826145172
lora_initialization,executed,9007,2,0.06450413167476654,0.12170355767011642,-0.02145986631512642,-0.0008254830609075725,-0.01174915861338377,-0.034476764500141144,0.2973964512348175
lora_initialization,executed,9007,3,0.06820140033960342,0.12417624145746231,-0.02688024193048477,-0.001217101700603962,-0.012568955309689045,-0.034238141030073166,0.2705124318599701
lora_initialization,executed,9007,4,0.07233601063489914,0.12546569108963013,-0.03247513622045517,-0.001412567333318293,-0.013679372146725655,-0.034055113792419434,0.23654168844223022
lora_initialization,executed,9008,0,0.06157767027616501,0.13375116884708405,-0.03896784037351608,-4.008123141829856e-05,-0.008529240265488625,-0.034086644649505615,0.14815199375152588
lora_initialization,executed,9008,1,0.06408451497554779,0.13438275456428528,-0.04401428624987602,-0.00022495968732982874,-0.009085847064852715,-0.03395118936896324,0.13666486740112305
lora_initialization,executed,9008,2,0.06664348393678665,0.13579659163951874,-0.049291472882032394,-0.0003636033507063985,-0.00946354866027832,-0.033733122050762177,0.12334335595369339
lora_initialization,executed,9008,3,0.07006290555000305,0.13812829554080963,-0.05476941168308258,-0.00048151955706998706,-0.00980945024639368,-0.03373580798506737,0.11647473275661469
lora_initialization,executed,9008,4,0.07257399708032608,0.13973984122276306,-0.06276062875986099,-0.0005954611115157604,-0.010320114903151989,-0.03350242227315903,0.10875578969717026
lora_initialization,executed,9009,0,0.04262601211667061,0.13542860746383667,-0.028179319575428963,-0.00017112810746766627,-0.008381477557122707,-0.034719839692115784,0.17540237307548523
lora_initialization,executed,9009,1,0.045368488878011703,0.13662521541118622,-0.029594602063298225,-0.0002505789161659777,-0.008490297943353653,-0.03462384268641472,0.16173741221427917
lora_initialization,executed,9009,2,0.049193963408470154,0.13859544694423676,-0.03444467484951019,-0.0005234452546574175,-0.008849214762449265,-0.03446650877594948,0.15452197194099426
lora_initialization,executed,9009,3,0.05397800728678703,0.1397712081670761,-0.03704163432121277,-0.0007434277795255184,-0.009324127808213234,-0.034419916570186615,0.14568795263767242
lora_initialization,executed,9009,4,0.059751130640506744,0.14146855473518372,-0.04378681629896164,-0.00101330631878227,-0.009999151341617107,-0.034117307513952255,0.14002147316932678
